2025-12-30 03:48:28,046 - Knowledge - INFO - Created shared MongoDB connection pool
2025-12-30 03:48:28,401 - Knowledge - INFO - Starting Knowledge Graph processing with 20 threads
2025-12-30 03:48:28,620 - Knowledge - INFO - Initial configuration: chunk_size=65536, max_cache_size=500
2025-12-30 03:48:28,793 - Knowledge - INFO - Knowledge Graph concurrency configuration: workers=20, max_batch_size=10, max_concurrent_llm_calls=50
2025-12-30 03:48:30,443 - Knowledge - INFO - 🔍 _load_persisted_knowledge called - checking for Redis optimization
2025-12-30 03:48:30,667 - Knowledge - WARNING - ❌ load_from_redis method not found - Redis support not attached
2025-12-30 03:48:30,829 - Knowledge - INFO - load persisted knowledge: begin
2025-12-30 03:48:31,005 - Knowledge - INFO - Loaded 0 files from persisted knowledge
2025-12-30 03:48:31,184 - Knowledge - INFO - load persisted knowledge: end
2025-12-30 03:48:31,402 - Knowledge - WARNING - No persisted knowledge found. Files will be queued during start()
2025-12-30 03:48:31,606 - Knowledge - INFO - Redis support added with prefix knowledge:b05376m:
2025-12-30 03:48:32,152 - Knowledge - INFO - Starting knowledge initialization for ID: l3h7Ad-b05376m
2025-12-30 03:48:32,336 - Knowledge - INFO - 🔍 Checking Redis for build_id: b05376m
2025-12-30 03:48:32,555 - Knowledge - INFO - 🔍 Full session ID: l3h7Ad-b05376m
2025-12-30 03:48:32,717 - Knowledge - INFO - 🔍 Redis prefix will be: knowledge:b05376m:
2025-12-30 03:48:32,893 - Knowledge - INFO - 🔍 Using attached load_from_redis() method
2025-12-30 03:48:33,075 - Knowledge - INFO - 🔍 Attempting to load knowledge from Redis...
2025-12-30 03:48:33,240 - Knowledge - INFO - 🔍 Using derived instance_id for Redis lookup: b05376m
2025-12-30 03:48:33,449 - Knowledge - WARNING - ❌ No Redis cache found
2025-12-30 03:48:33,663 - Knowledge - INFO - 📁 Loading knowledge from disk...
2025-12-30 03:48:33,878 - Knowledge - INFO - load persisted docinfo: begin
2025-12-30 03:48:34,070 - Knowledge - INFO - load persisted docinfo: end
2025-12-30 03:48:34,305 - Knowledge - INFO - 🔍 _load_persisted_knowledge called - checking for Redis optimization
2025-12-30 03:48:34,540 - Knowledge - INFO - ✅ load_from_redis method found - attempting Redis load
2025-12-30 03:48:34,717 - Knowledge - INFO - 🔍 Attempting to load knowledge from Redis...
2025-12-30 03:48:34,898 - Knowledge - INFO - 🔍 Using derived instance_id for Redis lookup: b05376m
2025-12-30 03:48:35,081 - Knowledge - WARNING - ❌ No Redis cache found
2025-12-30 03:48:35,268 - Knowledge - INFO - ❌ Redis load returned False - falling back to file loading
2025-12-30 03:48:35,472 - Knowledge - INFO - load persisted knowledge: begin
2025-12-30 03:48:35,638 - Knowledge - INFO - Loaded 0 files from persisted knowledge
2025-12-30 03:48:35,805 - Knowledge - INFO - load persisted knowledge: end
2025-12-30 03:48:36,027 - Knowledge - INFO - 📁 Disk load complete in 2.20s
2025-12-30 03:48:36,240 - Knowledge - INFO - Populating ingest queue with source files...
2025-12-30 03:48:36,636 - Knowledge - INFO - Added 303 files from /app/data/b2c/226177/b05376m/pwhm-226177 to ingest queue
2025-12-30 03:48:36,807 - Knowledge - INFO - [WEBSOCKET] Sent: Type=progress_update, Size: 160, Duration: 0ms
2025-12-30 03:48:37,011 - Knowledge - INFO - Worker kw1 created using shared MongoDB connection pool
2025-12-30 03:48:37,195 - Knowledge - INFO - knowledge worker kw1 start
2025-12-30 03:48:37,196 - Knowledge - INFO - Worker kw2 created using shared MongoDB connection pool
2025-12-30 03:48:37,387 - Knowledge - INFO - [kw1] Queue=303, InProgress=0, PendingWorkers=0/1, Completed=0/303 (0.0%)
2025-12-30 03:48:37,507 - Knowledge - INFO - knowledge worker kw2 start
2025-12-30 03:48:37,507 - Knowledge - INFO - Worker kw3 created using shared MongoDB connection pool
2025-12-30 03:48:37,589 - Knowledge - INFO - Batch sizing: calculated=6, max_allowed=10, queue=303, active_workers=0/2
2025-12-30 03:48:37,680 - Knowledge - INFO - [kw2] Queue=303, InProgress=0, PendingWorkers=0/2, Completed=0/303 (0.0%)
2025-12-30 03:48:37,811 - Knowledge - INFO - knowledge worker kw3 start
2025-12-30 03:48:37,811 - Knowledge - INFO - Worker kw4 created using shared MongoDB connection pool
2025-12-30 03:48:37,905 - Knowledge - INFO - Worker kw1 processing /app/data/b2c/226177/b05376m/pwhm-226177/acl/admin/pwhm.json
2025-12-30 03:48:37,994 - Knowledge - INFO - Batch sizing: calculated=6, max_allowed=10, queue=303, active_workers=1/3
2025-12-30 03:48:38,136 - Knowledge - INFO - [kw3] Queue=297, InProgress=0, PendingWorkers=1/3, Completed=0/303 (0.0%)
2025-12-30 03:48:38,230 - Knowledge - INFO - knowledge worker kw4 start
2025-12-30 03:48:38,231 - Knowledge - INFO - Worker kw5 created using shared MongoDB connection pool
2025-12-30 03:48:38,314 - Knowledge - INFO - Fast-tracked /app/data/b2c/226177/b05376m/pwhm-226177/acl/admin/pwhm.json (ext=.json, size=1552)
2025-12-30 03:48:38,401 - Knowledge - INFO - Worker kw2 processing /app/data/b2c/226177/b05376m/pwhm-226177/test/testHelper/wld_th_mockVendor.c
2025-12-30 03:48:38,491 - Knowledge - INFO - Batch sizing: calculated=6, max_allowed=10, queue=297, active_workers=2/4
2025-12-30 03:48:38,619 - Knowledge - INFO - [kw4] Queue=291, InProgress=0, PendingWorkers=2/4, Completed=0/303 (0.0%)
2025-12-30 03:48:38,717 - Knowledge - INFO - knowledge worker kw5 start
2025-12-30 03:48:38,717 - Knowledge - INFO - Worker kw6 created using shared MongoDB connection pool
2025-12-30 03:48:38,808 - Knowledge - INFO - Worker kw1 processing /app/data/b2c/226177/b05376m/pwhm-226177/acl/admin/pwhm-internal.json
2025-12-30 03:48:38,937 - Knowledge - INFO - Fast-tracked /app/data/b2c/226177/b05376m/pwhm-226177/test/testHelper/wld_th_mockVendor.c (ext=.c, size=6284)
2025-12-30 03:48:39,019 - Knowledge - INFO - Worker kw3 processing /app/data/b2c/226177/b05376m/pwhm-226177/test/testHelper/wld_th_sensing.c
2025-12-30 03:48:39,105 - Knowledge - INFO - Batch sizing: calculated=6, max_allowed=10, queue=291, active_workers=3/5
2025-12-30 03:48:39,219 - Knowledge - INFO - [kw5] Queue=285, InProgress=0, PendingWorkers=3/5, Completed=0/303 (0.0%)
2025-12-30 03:48:39,319 - Knowledge - INFO - knowledge worker kw6 start
2025-12-30 03:48:39,319 - Knowledge - INFO - Worker kw7 created using shared MongoDB connection pool
2025-12-30 03:48:39,409 - Knowledge - INFO - Fast-tracked /app/data/b2c/226177/b05376m/pwhm-226177/acl/admin/pwhm-internal.json (ext=.json, size=331)
2025-12-30 03:48:39,530 - Knowledge - INFO - Worker kw2 processing /app/data/b2c/226177/b05376m/pwhm-226177/test/testHelper/wld_th_radio.h
2025-12-30 03:48:39,624 - Knowledge - INFO - Fast-tracked /app/data/b2c/226177/b05376m/pwhm-226177/test/testHelper/wld_th_sensing.c (ext=.c, size=5958)
2025-12-30 03:48:39,725 - Knowledge - INFO - Worker kw4 processing /app/data/b2c/226177/b05376m/pwhm-226177/test/testScanSsid/test_scanSsid.c
2025-12-30 03:48:39,806 - Knowledge - INFO - Batch sizing: calculated=6, max_allowed=10, queue=285, active_workers=4/6
2025-12-30 03:48:39,888 - Knowledge - INFO - [kw6] Queue=279, InProgress=0, PendingWorkers=4/6, Completed=0/303 (0.0%)
2025-12-30 03:48:39,967 - Knowledge - INFO - knowledge worker kw7 start
2025-12-30 03:48:39,967 - Knowledge - INFO - Worker kw8 created using shared MongoDB connection pool
2025-12-30 03:48:40,051 - Knowledge - INFO - Worker kw1 processing /app/data/b2c/226177/b05376m/pwhm-226177/test/testHelper/wld_th_fsm.c
2025-12-30 03:48:40,138 - Knowledge - INFO - Fast-tracked /app/data/b2c/226177/b05376m/pwhm-226177/test/testHelper/wld_th_radio.h (ext=.h, size=5950)
2025-12-30 03:48:40,251 - Knowledge - INFO - Worker kw3 processing /app/data/b2c/226177/b05376m/pwhm-226177/test/testHelper/wld_th_fsm.h
2025-12-30 03:48:40,345 - Knowledge - INFO - Fast-tracked /app/data/b2c/226177/b05376m/pwhm-226177/test/testScanSsid/test_scanSsid.c (ext=.c, size=20408)
2025-12-30 03:48:40,459 - Knowledge - INFO - Worker kw5 processing /app/data/b2c/226177/b05376m/pwhm-226177/test/wld_chanMgt/test_wld_rad_chanMgt.c
2025-12-30 03:48:40,555 - Knowledge - INFO - Batch sizing: calculated=6, max_allowed=10, queue=279, active_workers=5/7
2025-12-30 03:48:40,633 - Knowledge - INFO - [kw7] Queue=273, InProgress=0, PendingWorkers=5/7, Completed=0/303 (0.0%)
2025-12-30 03:48:40,767 - Knowledge - INFO - knowledge worker kw8 start
2025-12-30 03:48:40,767 - Knowledge - INFO - Worker kw9 created using shared MongoDB connection pool
2025-12-30 03:48:40,909 - Knowledge - INFO - Fast-tracked /app/data/b2c/226177/b05376m/pwhm-226177/test/testHelper/wld_th_fsm.c (ext=.c, size=7194)
2025-12-30 03:48:40,982 - Knowledge - INFO - Worker kw2 processing /app/data/b2c/226177/b05376m/pwhm-226177/test/testHelper/wld_th_vap.h
2025-12-30 03:48:41,106 - Knowledge - INFO - Fast-tracked /app/data/b2c/226177/b05376m/pwhm-226177/test/testHelper/wld_th_fsm.h (ext=.h, size=4256)
2025-12-30 03:48:41,201 - Knowledge - INFO - Worker kw4 processing /app/data/b2c/226177/b05376m/pwhm-226177/test/testScanSsid/ScanResults-5g-1.txt
2025-12-30 03:48:41,283 - Knowledge - INFO - Fast-tracked /app/data/b2c/226177/b05376m/pwhm-226177/test/wld_chanMgt/test_wld_rad_chanMgt.c (ext=.c, size=39575)
2025-12-30 03:48:41,392 - Knowledge - INFO - Worker kw6 processing /app/data/b2c/226177/b05376m/pwhm-226177/test/testRadio11be/rad2_base.txt
2025-12-30 03:48:41,523 - Knowledge - INFO - Batch sizing: calculated=6, max_allowed=10, queue=273, active_workers=6/8
2025-12-30 03:48:41,615 - Knowledge - INFO - [kw8] Queue=267, InProgress=0, PendingWorkers=6/8, Completed=0/303 (0.0%)
2025-12-30 03:48:41,694 - Knowledge - INFO - knowledge worker kw9 start
2025-12-30 03:48:41,694 - Knowledge - INFO - Worker kw10 created using shared MongoDB connection pool
2025-12-30 03:48:41,805 - Knowledge - INFO - Worker kw1 processing /app/data/b2c/226177/b05376m/pwhm-226177/test/testHelper/wld_th_dm.h
2025-12-30 03:48:41,878 - Knowledge - INFO - Fast-tracked /app/data/b2c/226177/b05376m/pwhm-226177/test/testHelper/wld_th_vap.h (ext=.h, size=4886)
2025-12-30 03:48:41,959 - Knowledge - INFO - Worker kw3 processing /app/data/b2c/226177/b05376m/pwhm-226177/test/testHelper/wld_th_dm.c
2025-12-30 03:48:42,071 - Knowledge - INFO - Fast-tracked /app/data/b2c/226177/b05376m/pwhm-226177/test/testScanSsid/ScanResults-5g-1.txt (ext=.txt, size=9047)
2025-12-30 03:48:42,192 - Knowledge - INFO - Worker kw5 processing /app/data/b2c/226177/b05376m/pwhm-226177/test/testFullScan/test_fullScan.c
2025-12-30 03:48:42,310 - Knowledge - INFO - Fast-tracked /app/data/b2c/226177/b05376m/pwhm-226177/test/testRadio11be/rad2_base.txt (ext=.txt, size=3972)
2025-12-30 03:48:42,424 - Knowledge - INFO - Worker kw7 processing /app/data/b2c/226177/b05376m/pwhm-226177/test/wld_util/test_wld_util.c
2025-12-30 03:48:42,505 - Knowledge - INFO - Batch sizing: calculated=6, max_allowed=10, queue=267, active_workers=7/9
2025-12-30 03:48:42,592 - Knowledge - INFO - [kw9] Queue=261, InProgress=0, PendingWorkers=7/9, Completed=0/303 (0.0%)
2025-12-30 03:48:42,678 - Knowledge - INFO - knowledge worker kw10 start
2025-12-30 03:48:42,679 - Knowledge - INFO - Worker kw11 created using shared MongoDB connection pool
2025-12-30 03:48:42,761 - Knowledge - INFO - Fast-tracked /app/data/b2c/226177/b05376m/pwhm-226177/test/testHelper/wld_th_dm.h (ext=.h, size=4129)
2025-12-30 03:48:42,839 - Knowledge - INFO - Worker kw2 processing /app/data/b2c/226177/b05376m/pwhm-226177/test/testHelper/wld_th_sensing.h
2025-12-30 03:48:42,956 - Knowledge - INFO - Fast-tracked /app/data/b2c/226177/b05376m/pwhm-226177/test/testHelper/wld_th_dm.c (ext=.c, size=7706)
2025-12-30 03:48:43,072 - Knowledge - INFO - Worker kw4 processing /app/data/b2c/226177/b05376m/pwhm-226177/test/testScanSsid/ScanResults-5g-3.txt
2025-12-30 03:48:43,167 - Knowledge - INFO - Fast-tracked /app/data/b2c/226177/b05376m/pwhm-226177/test/testFullScan/test_fullScan.c (ext=.c, size=27147)
2025-12-30 03:48:43,255 - Knowledge - INFO - Worker kw6 processing /app/data/b2c/226177/b05376m/pwhm-226177/test/testRadio11be/rad6_base.txt
2025-12-30 03:48:43,373 - Knowledge - INFO - Fast-tracked /app/data/b2c/226177/b05376m/pwhm-226177/test/wld_util/test_wld_util.c (ext=.c, size=24828)
2025-12-30 03:48:43,469 - Knowledge - INFO - Worker kw8 processing /app/data/b2c/226177/b05376m/pwhm-226177/test/test_wpaSupp_cfgFile/test_wpaSupp_cfgFile.c
2025-12-30 03:48:43,550 - Knowledge - INFO - Batch sizing: calculated=6, max_allowed=10, queue=261, active_workers=8/10
2025-12-30 03:48:43,630 - Knowledge - INFO - [kw10] Queue=255, InProgress=0, PendingWorkers=8/10, Completed=0/303 (0.0%)
2025-12-30 03:48:43,709 - Knowledge - INFO - knowledge worker kw11 start
2025-12-30 03:48:43,710 - Knowledge - INFO - Worker kw12 created using shared MongoDB connection pool
2025-12-30 03:48:43,825 - Knowledge - INFO - Worker kw1 processing /app/data/b2c/226177/b05376m/pwhm-226177/test/testHelper/wld_th_ep.h
2025-12-30 03:48:43,905 - Knowledge - INFO - Fast-tracked /app/data/b2c/226177/b05376m/pwhm-226177/test/testHelper/wld_th_sensing.h (ext=.h, size=3528)
2025-12-30 03:48:43,988 - Knowledge - INFO - Worker kw3 processing /app/data/b2c/226177/b05376m/pwhm-226177/test/testHelper/wld_th_ep.c
2025-12-30 03:48:44,069 - Knowledge - INFO - Fast-tracked /app/data/b2c/226177/b05376m/pwhm-226177/test/testScanSsid/ScanResults-5g-3.txt (ext=.txt, size=10475)
2025-12-30 03:48:44,166 - Knowledge - INFO - Worker kw5 processing /app/data/b2c/226177/b05376m/pwhm-226177/test/testRadio11be/test_radio11be.c
2025-12-30 03:48:44,255 - Knowledge - INFO - Fast-tracked /app/data/b2c/226177/b05376m/pwhm-226177/test/testRadio11be/rad6_base.txt (ext=.txt, size=4242)
2025-12-30 03:48:44,358 - Knowledge - INFO - Worker kw7 processing /app/data/b2c/226177/b05376m/pwhm-226177/test/wld_fsm/test_wld_fsm.c
2025-12-30 03:48:44,441 - Knowledge - INFO - Fast-tracked /app/data/b2c/226177/b05376m/pwhm-226177/test/test_wpaSupp_cfgFile/test_wpaSupp_cfgFile.c (ext=.c, size=6658)
2025-12-30 03:48:44,542 - Knowledge - INFO - Worker kw9 processing /app/data/b2c/226177/b05376m/pwhm-226177/test/testStaStatsWiFi7/stationStats/stats_test4.txt
2025-12-30 03:48:44,667 - Knowledge - INFO - Batch sizing: calculated=6, max_allowed=10, queue=255, active_workers=9/11
2025-12-30 03:48:44,762 - Knowledge - INFO - [kw11] Queue=249, InProgress=0, PendingWorkers=9/11, Completed=0/303 (0.0%)
2025-12-30 03:48:44,869 - Knowledge - INFO - knowledge worker kw12 start
2025-12-30 03:48:44,870 - Knowledge - INFO - Worker kw13 created using shared MongoDB connection pool
2025-12-30 03:48:44,970 - Knowledge - INFO - Fast-tracked /app/data/b2c/226177/b05376m/pwhm-226177/test/testHelper/wld_th_ep.h (ext=.h, size=3937)
2025-12-30 03:48:45,052 - Knowledge - INFO - Worker kw2 processing /app/data/b2c/226177/b05376m/pwhm-226177/test/testHelper/wld_th_radio.c
2025-12-30 03:48:45,131 - Knowledge - INFO - Fast-tracked /app/data/b2c/226177/b05376m/pwhm-226177/test/testHelper/wld_th_ep.c (ext=.c, size=6117)
2025-12-30 03:48:45,220 - Knowledge - INFO - Worker kw4 processing /app/data/b2c/226177/b05376m/pwhm-226177/test/testScanSsid/ScanResults-5g-6.txt
2025-12-30 03:48:45,313 - Knowledge - INFO - Fast-tracked /app/data/b2c/226177/b05376m/pwhm-226177/test/testRadio11be/test_radio11be.c (ext=.c, size=19404)
2025-12-30 03:48:45,398 - Knowledge - INFO - Worker kw6 processing /app/data/b2c/226177/b05376m/pwhm-226177/test/testRadio11be/rad5_cap.txt
2025-12-30 03:48:45,481 - Knowledge - INFO - Fast-tracked /app/data/b2c/226177/b05376m/pwhm-226177/test/wld_fsm/test_wld_fsm.c (ext=.c, size=10900)
2025-12-30 03:48:45,582 - Knowledge - INFO - Worker kw8 processing /app/data/b2c/226177/b05376m/pwhm-226177/test/testapMLD/test_apmld.c
2025-12-30 03:48:45,665 - Knowledge - INFO - Fast-tracked /app/data/b2c/226177/b05376m/pwhm-226177/test/testStaStatsWiFi7/stationStats/stats_test4.txt (ext=.txt, size=5158)
2025-12-30 03:48:45,744 - Knowledge - INFO - Worker kw10 processing /app/data/b2c/226177/b05376m/pwhm-226177/test/wld_staticPuncturing/test_wld_staticPuncturing.c
2025-12-30 03:48:45,867 - Knowledge - INFO - Batch sizing: calculated=6, max_allowed=10, queue=249, active_workers=10/12
2025-12-30 03:48:45,955 - Knowledge - INFO - [kw12] Queue=243, InProgress=0, PendingWorkers=10/12, Completed=0/303 (0.0%)
2025-12-30 03:48:46,041 - Knowledge - INFO - knowledge worker kw13 start
2025-12-30 03:48:46,042 - Knowledge - INFO - Worker kw14 created using shared MongoDB connection pool
2025-12-30 03:48:46,154 - Knowledge - INFO - Worker kw1 processing /app/data/b2c/226177/b05376m/pwhm-226177/test/testHelper/wld_th_types.h
2025-12-30 03:48:46,261 - Knowledge - INFO - Fast-tracked /app/data/b2c/226177/b05376m/pwhm-226177/test/testHelper/wld_th_radio.c (ext=.c, size=16510)
2025-12-30 03:48:46,341 - Knowledge - INFO - Worker kw3 processing /app/data/b2c/226177/b05376m/pwhm-226177/test/testHelper/wld_th_mockVendor.h
2025-12-30 03:48:46,425 - Knowledge - INFO - Fast-tracked /app/data/b2c/226177/b05376m/pwhm-226177/test/testScanSsid/ScanResults-5g-6.txt (ext=.txt, size=3673)
2025-12-30 03:48:46,549 - Knowledge - INFO - Worker kw5 processing /app/data/b2c/226177/b05376m/pwhm-226177/test/testRadio11be/rad5_base.txt
2025-12-30 03:48:46,639 - Knowledge - INFO - Fast-tracked /app/data/b2c/226177/b05376m/pwhm-226177/test/testRadio11be/rad5_cap.txt (ext=.txt, size=296)
2025-12-30 03:48:46,711 - Knowledge - INFO - Worker kw7 processing /app/data/b2c/226177/b05376m/pwhm-226177/test/wld_nl80211/test_wld_nl80211.c
2025-12-30 03:48:46,797 - Knowledge - INFO - Fast-tracked /app/data/b2c/226177/b05376m/pwhm-226177/test/testapMLD/test_apmld.c (ext=.c, size=15060)
2025-12-30 03:48:46,890 - Knowledge - INFO - Worker kw9 processing /app/data/b2c/226177/b05376m/pwhm-226177/test/testStaStatsWiFi7/stationStats/stats_test2.txt
2025-12-30 03:48:47,010 - Knowledge - INFO - Fast-tracked /app/data/b2c/226177/b05376m/pwhm-226177/test/wld_staticPuncturing/test_wld_staticPuncturing.c (ext=.c, size=6052)
2025-12-30 03:48:47,089 - Knowledge - INFO - Worker kw11 processing /app/data/b2c/226177/b05376m/pwhm-226177/test/testStaStats/history4.txt
2025-12-30 03:48:47,180 - Knowledge - INFO - Batch sizing: calculated=6, max_allowed=10, queue=243, active_workers=11/13
2025-12-30 03:48:47,261 - Knowledge - INFO - [kw13] Queue=237, InProgress=0, PendingWorkers=11/13, Completed=0/303 (0.0%)
2025-12-30 03:48:47,354 - Knowledge - INFO - knowledge worker kw14 start
2025-12-30 03:48:47,354 - Knowledge - INFO - Worker kw15 created using shared MongoDB connection pool
2025-12-30 03:48:47,433 - Knowledge - INFO - Fast-tracked /app/data/b2c/226177/b05376m/pwhm-226177/test/testHelper/wld_th_types.h (ext=.h, size=3085)
2025-12-30 03:48:47,546 - Knowledge - INFO - Worker kw2 processing /app/data/b2c/226177/b05376m/pwhm-226177/test/testHelper/wld_th_vap.c
2025-12-30 03:48:47,638 - Knowledge - INFO - Fast-tracked /app/data/b2c/226177/b05376m/pwhm-226177/test/testHelper/wld_th_mockVendor.h (ext=.h, size=3434)
2025-12-30 03:48:47,764 - Knowledge - INFO - Worker kw4 processing /app/data/b2c/226177/b05376m/pwhm-226177/test/testScanSsid/ScanResults-5g-2.txt
2025-12-30 03:48:47,861 - Knowledge - INFO - Fast-tracked /app/data/b2c/226177/b05376m/pwhm-226177/test/testRadio11be/rad5_base.txt (ext=.txt, size=4033)
2025-12-30 03:48:47,969 - Knowledge - INFO - Worker kw6 processing /app/data/b2c/226177/b05376m/pwhm-226177/test/testEnableSync/test_enableSync.c
2025-12-30 03:48:48,067 - Knowledge - INFO - Fast-tracked /app/data/b2c/226177/b05376m/pwhm-226177/test/wld_nl80211/test_wld_nl80211.c (ext=.c, size=60093)
2025-12-30 03:48:48,146 - Knowledge - INFO - Worker kw8 processing /app/data/b2c/226177/b05376m/pwhm-226177/test/testWiFiObjReference/test_wifiObjReference.c
2025-12-30 03:48:48,265 - Knowledge - INFO - Fast-tracked /app/data/b2c/226177/b05376m/pwhm-226177/test/testStaStatsWiFi7/stationStats/stats_test2.txt (ext=.txt, size=5093)
2025-12-30 03:48:48,357 - Knowledge - INFO - Worker kw10 processing /app/data/b2c/226177/b05376m/pwhm-226177/test/testRadioStatus/test_radioStatus.c
2025-12-30 03:48:48,482 - Knowledge - INFO - Fast-tracked /app/data/b2c/226177/b05376m/pwhm-226177/test/testStaStats/history4.txt (ext=.txt, size=17)
2025-12-30 03:48:48,588 - Knowledge - INFO - Worker kw12 processing /app/data/b2c/226177/b05376m/pwhm-226177/test/testStaStats/deauthNot/notif_1.txt
2025-12-30 03:48:48,663 - Knowledge - INFO - Batch sizing: calculated=6, max_allowed=10, queue=237, active_workers=12/14
2025-12-30 03:48:48,748 - Knowledge - INFO - [kw14] Queue=231, InProgress=0, PendingWorkers=12/14, Completed=0/303 (0.0%)
2025-12-30 03:48:48,880 - Knowledge - INFO - knowledge worker kw15 start
2025-12-30 03:48:48,880 - Knowledge - INFO - Worker kw16 created using shared MongoDB connection pool
2025-12-30 03:48:48,988 - Knowledge - INFO - Processing batch of 6 files
2025-12-30 03:48:49,074 - Knowledge - INFO - Fast-tracked /app/data/b2c/226177/b05376m/pwhm-226177/test/testHelper/wld_th_vap.c (ext=.c, size=12547)
2025-12-30 03:48:49,158 - Knowledge - INFO - Worker kw3 processing /app/data/b2c/226177/b05376m/pwhm-226177/test/testScanSsid/ScanResults-5g-5.txt
2025-12-30 03:48:49,282 - Knowledge - INFO - Fast-tracked /app/data/b2c/226177/b05376m/pwhm-226177/test/testScanSsid/ScanResults-5g-2.txt (ext=.txt, size=9047)
2025-12-30 03:48:49,390 - Knowledge - INFO - Worker kw5 processing /app/data/b2c/226177/b05376m/pwhm-226177/test/testRadio11be/rad2_cap.txt
2025-12-30 03:48:49,510 - Knowledge - INFO - Fast-tracked /app/data/b2c/226177/b05376m/pwhm-226177/test/testEnableSync/test_enableSync.c (ext=.c, size=14085)
2025-12-30 03:48:49,597 - Knowledge - INFO - Worker kw7 processing /app/data/b2c/226177/b05376m/pwhm-226177/test/epMld/test_epMld.c
2025-12-30 03:48:49,706 - Knowledge - INFO - Fast-tracked /app/data/b2c/226177/b05376m/pwhm-226177/test/testWiFiObjReference/test_wifiObjReference.c (ext=.c, size=11892)
2025-12-30 03:48:49,833 - Knowledge - INFO - Worker kw9 processing /app/data/b2c/226177/b05376m/pwhm-226177/test/testStaStatsWiFi7/stationStats/stats_test5.txt
2025-12-30 03:48:49,924 - Knowledge - INFO - Fast-tracked /app/data/b2c/226177/b05376m/pwhm-226177/test/testRadioStatus/test_radioStatus.c (ext=.c, size=10942)
2025-12-30 03:48:50,033 - Knowledge - INFO - Worker kw11 processing /app/data/b2c/226177/b05376m/pwhm-226177/test/testStaStats/deauthNot/notif_12.txt
2025-12-30 03:48:50,125 - Knowledge - INFO - Fast-tracked /app/data/b2c/226177/b05376m/pwhm-226177/test/testStaStats/deauthNot/notif_1.txt (ext=.txt, size=2445)
2025-12-30 03:48:50,243 - Knowledge - INFO - Worker kw13 processing /app/data/b2c/226177/b05376m/pwhm-226177/test/testStaStats/deauthNot/notif_2.txt
2025-12-30 03:48:50,353 - Knowledge - INFO - Batch sizing: calculated=6, max_allowed=10, queue=231, active_workers=13/15
2025-12-30 03:48:50,460 - Knowledge - INFO - [kw15] Queue=225, InProgress=0, PendingWorkers=13/15, Completed=6/303 (2.0%)
2025-12-30 03:48:50,545 - Knowledge - INFO - knowledge worker kw16 start
2025-12-30 03:48:50,546 - Knowledge - INFO - Worker kw17 created using shared MongoDB connection pool
2025-12-30 03:48:50,625 - Knowledge - INFO - process ingested knowledge for /app/data/b2c/226177/b05376m/pwhm-226177/acl/admin/pwhm.json
2025-12-30 03:48:50,759 - Knowledge - INFO - Processing batch of 6 files
2025-12-30 03:48:50,808 - Knowledge - INFO - Fast-tracked /app/data/b2c/226177/b05376m/pwhm-226177/test/testScanSsid/ScanResults-5g-5.txt (ext=.txt, size=10754)
2025-12-30 03:48:50,915 - Knowledge - INFO - Worker kw4 processing /app/data/b2c/226177/b05376m/pwhm-226177/test/testScanSsid/ScanResults-5g-4.txt
2025-12-30 03:48:50,994 - Knowledge - INFO - Fast-tracked /app/data/b2c/226177/b05376m/pwhm-226177/test/testRadio11be/rad2_cap.txt (ext=.txt, size=294)
2025-12-30 03:48:51,085 - Knowledge - INFO - Worker kw6 processing /app/data/b2c/226177/b05376m/pwhm-226177/test/startStop/test_startStop.c
2025-12-30 03:48:51,198 - Knowledge - INFO - Fast-tracked /app/data/b2c/226177/b05376m/pwhm-226177/test/epMld/test_epMld.c (ext=.c, size=6687)
2025-12-30 03:48:51,292 - Knowledge - INFO - Worker kw8 processing /app/data/b2c/226177/b05376m/pwhm-226177/test/wld_hostapd/test_wld_hostapd.c
2025-12-30 03:48:51,417 - Knowledge - INFO - Fast-tracked /app/data/b2c/226177/b05376m/pwhm-226177/test/testStaStatsWiFi7/stationStats/stats_test5.txt (ext=.txt, size=5162)
2025-12-30 03:48:51,500 - Knowledge - INFO - Worker kw10 processing /app/data/b2c/226177/b05376m/pwhm-226177/test/test_defines.mk
2025-12-30 03:48:51,629 - Knowledge - INFO - Fast-tracked /app/data/b2c/226177/b05376m/pwhm-226177/test/testStaStats/deauthNot/notif_12.txt (ext=.txt, size=470)
2025-12-30 03:48:51,715 - Knowledge - INFO - Worker kw12 processing /app/data/b2c/226177/b05376m/pwhm-226177/test/testStaStats/deauthNot/notif_10.txt
2025-12-30 03:48:51,804 - Knowledge - INFO - Fast-tracked /app/data/b2c/226177/b05376m/pwhm-226177/test/testStaStats/deauthNot/notif_2.txt (ext=.txt, size=379)
2025-12-30 03:48:51,881 - Knowledge - INFO - Worker kw14 processing /app/data/b2c/226177/b05376m/pwhm-226177/test/testStaStats/assocNot/not_8.txt
2025-12-30 03:48:51,970 - Knowledge - INFO - Batch sizing: calculated=6, max_allowed=10, queue=225, active_workers=14/16
2025-12-30 03:48:52,043 - Knowledge - INFO - [kw16] Queue=219, InProgress=0, PendingWorkers=14/16, Completed=12/303 (4.0%)
2025-12-30 03:48:52,132 - Knowledge - INFO - knowledge worker kw17 start
2025-12-30 03:48:52,132 - Knowledge - INFO - Worker kw18 created using shared MongoDB connection pool
2025-12-30 03:48:52,225 - Knowledge - INFO - process ingested knowledge for /app/data/b2c/226177/b05376m/pwhm-226177/acl/admin/pwhm-internal.json
2025-12-30 03:48:52,350 - Knowledge - INFO - process ingested knowledge for /app/data/b2c/226177/b05376m/pwhm-226177/test/testHelper/wld_th_mockVendor.c
2025-12-30 03:48:52,468 - Knowledge - INFO - Processing batch of 6 files
2025-12-30 03:48:52,525 - Knowledge - INFO - Fast-tracked /app/data/b2c/226177/b05376m/pwhm-226177/test/testScanSsid/ScanResults-5g-4.txt (ext=.txt, size=10748)
2025-12-30 03:48:52,608 - Knowledge - INFO - Worker kw5 processing /app/data/b2c/226177/b05376m/pwhm-226177/test/testRadio11be/rad6_cap.txt
2025-12-30 03:48:52,709 - Knowledge - INFO - Fast-tracked /app/data/b2c/226177/b05376m/pwhm-226177/test/startStop/test_startStop.c (ext=.c, size=12025)
2025-12-30 03:48:52,835 - Knowledge - INFO - Worker kw7 processing /app/data/b2c/226177/b05376m/pwhm-226177/test/wld_daemon/test_wld_daemon.c
2025-12-30 03:48:52,918 - Knowledge - INFO - Fast-tracked /app/data/b2c/226177/b05376m/pwhm-226177/test/wld_hostapd/test_wld_hostapd.c (ext=.c, size=12970)
2025-12-30 03:48:53,015 - Knowledge - INFO - Worker kw9 processing /app/data/b2c/226177/b05376m/pwhm-226177/test/testStaStatsWiFi7/stationStats/stats_test3.txt
2025-12-30 03:48:53,122 - Knowledge - INFO - Fast-tracked /app/data/b2c/226177/b05376m/pwhm-226177/test/test_defines.mk (ext=.mk, size=1919)
2025-12-30 03:48:53,244 - Knowledge - INFO - Worker kw11 processing /app/data/b2c/226177/b05376m/pwhm-226177/test/testStaStats/deauthNot/notif_3.txt
2025-12-30 03:48:53,345 - Knowledge - INFO - Fast-tracked /app/data/b2c/226177/b05376m/pwhm-226177/test/testStaStats/deauthNot/notif_10.txt (ext=.txt, size=503)
2025-12-30 03:48:53,436 - Knowledge - INFO - Worker kw13 processing /app/data/b2c/226177/b05376m/pwhm-226177/test/testStaStats/deauthNot/notif_11.txt
2025-12-30 03:48:53,522 - Knowledge - INFO - Fast-tracked /app/data/b2c/226177/b05376m/pwhm-226177/test/testStaStats/assocNot/not_8.txt (ext=.txt, size=885)
2025-12-30 03:48:53,603 - Knowledge - INFO - Worker kw15 processing /app/data/b2c/226177/b05376m/pwhm-226177/test/testStaStats/assocNot/not_1.txt
2025-12-30 03:48:53,678 - Knowledge - INFO - Batch sizing: calculated=6, max_allowed=10, queue=219, active_workers=15/17
2025-12-30 03:48:53,762 - Knowledge - INFO - [kw17] Queue=213, InProgress=0, PendingWorkers=15/17, Completed=18/303 (5.9%)
2025-12-30 03:48:53,849 - Knowledge - INFO - knowledge worker kw18 start
2025-12-30 03:48:53,851 - Knowledge - INFO - Worker kw19 created using shared MongoDB connection pool
2025-12-30 03:48:53,971 - Knowledge - INFO - process ingested knowledge for /app/data/b2c/226177/b05376m/pwhm-226177/test/testHelper/wld_th_fsm.c
2025-12-30 03:48:54,072 - Knowledge - INFO - process ingested knowledge for /app/data/b2c/226177/b05376m/pwhm-226177/test/testHelper/wld_th_radio.h
2025-12-30 03:48:54,156 - Knowledge - INFO - process ingested knowledge for /app/data/b2c/226177/b05376m/pwhm-226177/test/testHelper/wld_th_sensing.c
2025-12-30 03:48:54,287 - Knowledge - INFO - Processing batch of 6 files
2025-12-30 03:48:54,358 - Knowledge - INFO - Fast-tracked /app/data/b2c/226177/b05376m/pwhm-226177/test/testRadio11be/rad6_cap.txt (ext=.txt, size=296)
2025-12-30 03:48:54,438 - Knowledge - INFO - Worker kw6 processing /app/data/b2c/226177/b05376m/pwhm-226177/test/test_channel5G/test_channel5G.c
2025-12-30 03:48:54,532 - Knowledge - INFO - Fast-tracked /app/data/b2c/226177/b05376m/pwhm-226177/test/wld_daemon/test_wld_daemon.c (ext=.c, size=9453)
2025-12-30 03:48:54,621 - Knowledge - INFO - Worker kw8 processing /app/data/b2c/226177/b05376m/pwhm-226177/test/testMacFiltering/test_macFiltering.c
2025-12-30 03:48:54,704 - Knowledge - INFO - Fast-tracked /app/data/b2c/226177/b05376m/pwhm-226177/test/testStaStatsWiFi7/stationStats/stats_test3.txt (ext=.txt, size=5153)
2025-12-30 03:48:54,823 - Knowledge - INFO - Worker kw10 processing /app/data/b2c/226177/b05376m/pwhm-226177/test/fta/test_fta.c
2025-12-30 03:48:54,963 - Knowledge - INFO - Fast-tracked /app/data/b2c/226177/b05376m/pwhm-226177/test/testStaStats/deauthNot/notif_3.txt (ext=.txt, size=785)
2025-12-30 03:48:55,069 - Knowledge - INFO - Worker kw12 processing /app/data/b2c/226177/b05376m/pwhm-226177/test/testStaStats/deauthNot/notif_4.txt
2025-12-30 03:48:55,158 - Knowledge - INFO - Fast-tracked /app/data/b2c/226177/b05376m/pwhm-226177/test/testStaStats/deauthNot/notif_11.txt (ext=.txt, size=344)
2025-12-30 03:48:55,258 - Knowledge - INFO - Worker kw14 processing /app/data/b2c/226177/b05376m/pwhm-226177/test/testStaStats/assocNot/not_0.txt
2025-12-30 03:48:55,356 - Knowledge - INFO - Fast-tracked /app/data/b2c/226177/b05376m/pwhm-226177/test/testStaStats/assocNot/not_1.txt (ext=.txt, size=1157)
2025-12-30 03:48:55,451 - Knowledge - INFO - Worker kw16 processing /app/data/b2c/226177/b05376m/pwhm-226177/test/testStaStats/probeUpdate.txt
2025-12-30 03:48:55,573 - Knowledge - INFO - Batch sizing: calculated=6, max_allowed=10, queue=213, active_workers=16/18
2025-12-30 03:48:55,657 - Knowledge - INFO - [kw18] Queue=207, InProgress=0, PendingWorkers=16/18, Completed=24/303 (7.9%)
2025-12-30 03:48:55,736 - Knowledge - INFO - knowledge worker kw19 start
2025-12-30 03:48:55,737 - Knowledge - INFO - Worker kw20 created using shared MongoDB connection pool
2025-12-30 03:48:55,814 - Knowledge - INFO - process ingested knowledge for /app/data/b2c/226177/b05376m/pwhm-226177/test/testHelper/wld_th_dm.h
2025-12-30 03:48:55,916 - Knowledge - INFO - process ingested knowledge for /app/data/b2c/226177/b05376m/pwhm-226177/test/testHelper/wld_th_vap.h
2025-12-30 03:48:56,045 - Knowledge - INFO - process ingested knowledge for /app/data/b2c/226177/b05376m/pwhm-226177/test/testHelper/wld_th_fsm.h
2025-12-30 03:48:56,148 - Knowledge - INFO - process ingested knowledge for /app/data/b2c/226177/b05376m/pwhm-226177/test/testScanSsid/test_scanSsid.c
2025-12-30 03:48:56,251 - Knowledge - INFO - Processing batch of 6 files
2025-12-30 03:48:56,370 - Knowledge - INFO - Fast-tracked /app/data/b2c/226177/b05376m/pwhm-226177/test/test_channel5G/test_channel5G.c (ext=.c, size=7358)
2025-12-30 03:48:56,475 - Knowledge - INFO - Worker kw7 processing /app/data/b2c/226177/b05376m/pwhm-226177/test/testBgDfs/test_BgDfs.c
2025-12-30 03:48:56,579 - Knowledge - INFO - Fast-tracked /app/data/b2c/226177/b05376m/pwhm-226177/test/testMacFiltering/test_macFiltering.c (ext=.c, size=17330)
2025-12-30 03:48:56,688 - Knowledge - INFO - Worker kw9 processing /app/data/b2c/226177/b05376m/pwhm-226177/test/testStaStatsWiFi7/test_staStatsWiFi7.c
2025-12-30 03:48:56,778 - Knowledge - INFO - Fast-tracked /app/data/b2c/226177/b05376m/pwhm-226177/test/fta/test_fta.c (ext=.c, size=5359)
2025-12-30 03:48:56,867 - Knowledge - INFO - Worker kw11 processing /app/data/b2c/226177/b05376m/pwhm-226177/test/testStaStats/deauthNot/notif_7.txt
2025-12-30 03:48:56,961 - Knowledge - INFO - Fast-tracked /app/data/b2c/226177/b05376m/pwhm-226177/test/testStaStats/deauthNot/notif_4.txt (ext=.txt, size=355)
2025-12-30 03:48:57,064 - Knowledge - INFO - Worker kw13 processing /app/data/b2c/226177/b05376m/pwhm-226177/test/testStaStats/history2.txt
2025-12-30 03:48:57,146 - Knowledge - INFO - Fast-tracked /app/data/b2c/226177/b05376m/pwhm-226177/test/testStaStats/assocNot/not_0.txt (ext=.txt, size=342)
2025-12-30 03:48:57,236 - Knowledge - INFO - Worker kw15 processing /app/data/b2c/226177/b05376m/pwhm-226177/test/testStaStats/data2.txt
2025-12-30 03:48:57,351 - Knowledge - INFO - Fast-tracked /app/data/b2c/226177/b05376m/pwhm-226177/test/testStaStats/probeUpdate.txt (ext=.txt, size=686)
2025-12-30 03:48:57,432 - Knowledge - INFO - Worker kw17 processing /app/data/b2c/226177/b05376m/pwhm-226177/test/testNeighborAp/test_neighborAp.c
2025-12-30 03:48:57,523 - Knowledge - INFO - Batch sizing: calculated=6, max_allowed=10, queue=207, active_workers=17/19
2025-12-30 03:48:57,623 - Knowledge - INFO - [kw19] Queue=201, InProgress=0, PendingWorkers=17/19, Completed=30/303 (9.9%)
2025-12-30 03:48:57,708 - Knowledge - INFO - knowledge worker kw20 start
2025-12-30 03:48:57,793 - Knowledge - INFO - process ingested knowledge for /app/data/b2c/226177/b05376m/pwhm-226177/test/testHelper/wld_th_ep.h
2025-12-30 03:48:57,924 - Knowledge - INFO - process ingested knowledge for /app/data/b2c/226177/b05376m/pwhm-226177/test/testHelper/wld_th_sensing.h
2025-12-30 03:48:58,043 - Knowledge - INFO - process ingested knowledge for /app/data/b2c/226177/b05376m/pwhm-226177/test/testHelper/wld_th_dm.c
2025-12-30 03:48:58,124 - Knowledge - INFO - process ingested knowledge for /app/data/b2c/226177/b05376m/pwhm-226177/test/testScanSsid/ScanResults-5g-1.txt
2025-12-30 03:48:58,216 - Knowledge - INFO - process ingested knowledge for /app/data/b2c/226177/b05376m/pwhm-226177/test/wld_chanMgt/test_wld_rad_chanMgt.c
2025-12-30 03:48:58,328 - Knowledge - INFO - Processing batch of 6 files
2025-12-30 03:48:58,397 - Knowledge - INFO - Fast-tracked /app/data/b2c/226177/b05376m/pwhm-226177/test/testBgDfs/test_BgDfs.c (ext=.c, size=17903)
2025-12-30 03:48:58,507 - Knowledge - INFO - Worker kw8 processing /app/data/b2c/226177/b05376m/pwhm-226177/test/wld_sensing/test_wld_sensing.c
2025-12-30 03:48:58,594 - Knowledge - INFO - Fast-tracked /app/data/b2c/226177/b05376m/pwhm-226177/test/testStaStatsWiFi7/test_staStatsWiFi7.c (ext=.c, size=11138)
2025-12-30 03:48:58,671 - Knowledge - INFO - Worker kw10 processing /app/data/b2c/226177/b05376m/pwhm-226177/test/testStaStats/history0.txt
2025-12-30 03:48:58,790 - Knowledge - INFO - Fast-tracked /app/data/b2c/226177/b05376m/pwhm-226177/test/testStaStats/deauthNot/notif_7.txt (ext=.txt, size=379)
2025-12-30 03:48:58,884 - Knowledge - INFO - Worker kw12 processing /app/data/b2c/226177/b05376m/pwhm-226177/test/testStaStats/deauthNot/notif_8.txt
2025-12-30 03:48:58,966 - Knowledge - INFO - Fast-tracked /app/data/b2c/226177/b05376m/pwhm-226177/test/testStaStats/history2.txt (ext=.txt, size=3265)
2025-12-30 03:48:59,045 - Knowledge - INFO - Worker kw14 processing /app/data/b2c/226177/b05376m/pwhm-226177/test/testStaStats/assocNot/not_3.txt
2025-12-30 03:48:59,155 - Knowledge - INFO - Fast-tracked /app/data/b2c/226177/b05376m/pwhm-226177/test/testStaStats/data2.txt (ext=.txt, size=3374)
2025-12-30 03:48:59,246 - Knowledge - INFO - Worker kw16 processing /app/data/b2c/226177/b05376m/pwhm-226177/test/testStaStats/data1.txt
2025-12-30 03:48:59,369 - Knowledge - INFO - Fast-tracked /app/data/b2c/226177/b05376m/pwhm-226177/test/testNeighborAp/test_neighborAp.c (ext=.c, size=14435)
2025-12-30 03:48:59,474 - Knowledge - INFO - Worker kw18 processing /app/data/b2c/226177/b05376m/pwhm-226177/scripts/Plugin/wld_gen.sh
2025-12-30 03:48:59,574 - Knowledge - INFO - Batch sizing: calculated=6, max_allowed=10, queue=201, active_workers=18/20
2025-12-30 03:48:59,674 - Knowledge - INFO - [kw20] Queue=195, InProgress=0, PendingWorkers=18/20, Completed=36/303 (11.9%)
2025-12-30 03:48:59,752 - Knowledge - INFO - process ingested knowledge for /app/data/b2c/226177/b05376m/pwhm-226177/test/testHelper/wld_th_types.h
2025-12-30 03:48:59,877 - Knowledge - INFO - process ingested knowledge for /app/data/b2c/226177/b05376m/pwhm-226177/test/testHelper/wld_th_radio.c
2025-12-30 03:48:59,974 - Knowledge - INFO - process ingested knowledge for /app/data/b2c/226177/b05376m/pwhm-226177/test/testHelper/wld_th_ep.c
2025-12-30 03:49:00,065 - Knowledge - INFO - process ingested knowledge for /app/data/b2c/226177/b05376m/pwhm-226177/test/testScanSsid/ScanResults-5g-3.txt
2025-12-30 03:49:00,164 - Knowledge - INFO - process ingested knowledge for /app/data/b2c/226177/b05376m/pwhm-226177/test/testFullScan/test_fullScan.c
2025-12-30 03:49:00,270 - Knowledge - INFO - process ingested knowledge for /app/data/b2c/226177/b05376m/pwhm-226177/test/testRadio11be/rad2_base.txt
2025-12-30 03:49:00,433 - Knowledge - INFO - Processing batch of 6 files
2025-12-30 03:49:00,485 - Knowledge - INFO - Fast-tracked /app/data/b2c/226177/b05376m/pwhm-226177/test/wld_sensing/test_wld_sensing.c (ext=.c, size=15844)
2025-12-30 03:49:00,591 - Knowledge - INFO - Worker kw9 processing /app/data/b2c/226177/b05376m/pwhm-226177/test/test_securityConfig/test_securityConfig.c
2025-12-30 03:49:00,690 - Knowledge - INFO - Fast-tracked /app/data/b2c/226177/b05376m/pwhm-226177/test/testStaStats/history0.txt (ext=.txt, size=2731)
2025-12-30 03:49:00,761 - Knowledge - INFO - Worker kw11 processing /app/data/b2c/226177/b05376m/pwhm-226177/test/testStaStats/deauthNot/notif_5.txt
2025-12-30 03:49:00,845 - Knowledge - INFO - Fast-tracked /app/data/b2c/226177/b05376m/pwhm-226177/test/testStaStats/deauthNot/notif_8.txt (ext=.txt, size=785)
2025-12-30 03:49:00,924 - Knowledge - INFO - Worker kw13 processing /app/data/b2c/226177/b05376m/pwhm-226177/test/testStaStats/assocNot/not_2.txt
2025-12-30 03:49:01,063 - Knowledge - INFO - Fast-tracked /app/data/b2c/226177/b05376m/pwhm-226177/test/testStaStats/assocNot/not_3.txt (ext=.txt, size=885)
2025-12-30 03:49:01,152 - Knowledge - INFO - Worker kw15 processing /app/data/b2c/226177/b05376m/pwhm-226177/test/testStaStats/stationStats/stats_data4.txt
2025-12-30 03:49:01,280 - Knowledge - INFO - Fast-tracked /app/data/b2c/226177/b05376m/pwhm-226177/test/testStaStats/data1.txt (ext=.txt, size=3366)
2025-12-30 03:49:01,371 - Knowledge - INFO - Worker kw17 processing /app/data/b2c/226177/b05376m/pwhm-226177/test/wld_channel/test_wld_channel_info.c
2025-12-30 03:49:01,475 - Knowledge - INFO - Worker kw18 processing /app/data/b2c/226177/b05376m/pwhm-226177/src/wld_statsmon.c
2025-12-30 03:49:01,564 - Knowledge - INFO - Worker kw19 processing /app/data/b2c/226177/b05376m/pwhm-226177/src/VendorModule/wld_vendorModule.c
2025-12-30 03:49:01,679 - Knowledge - INFO - Batch sizing: calculated=5, max_allowed=10, queue=195, active_workers=19/20
2025-12-30 03:49:02,152 - Knowledge - INFO - process ingested knowledge for /app/data/b2c/226177/b05376m/pwhm-226177/test/testHelper/wld_th_vap.c
2025-12-30 03:49:02,153 - Knowledge - INFO - process ingested knowledge for /app/data/b2c/226177/b05376m/pwhm-226177/test/testScanSsid/ScanResults-5g-6.txt
2025-12-30 03:49:02,154 - Knowledge - INFO - process ingested knowledge for /app/data/b2c/226177/b05376m/pwhm-226177/test/testHelper/wld_th_mockVendor.h
2025-12-30 03:49:02,183 - Knowledge - INFO - process ingested knowledge for /app/data/b2c/226177/b05376m/pwhm-226177/test/testRadio11be/test_radio11be.c
2025-12-30 03:49:02,368 - Knowledge - INFO - process ingested knowledge for /app/data/b2c/226177/b05376m/pwhm-226177/test/wld_util/test_wld_util.c
2025-12-30 03:49:02,433 - Knowledge - INFO - process ingested knowledge for /app/data/b2c/226177/b05376m/pwhm-226177/test/testRadio11be/rad6_base.txt
2025-12-30 03:49:02,603 - Knowledge - INFO - Fast-tracked /app/data/b2c/226177/b05376m/pwhm-226177/test/test_securityConfig/test_securityConfig.c (ext=.c, size=15700)
2025-12-30 03:49:02,667 - Knowledge - INFO - Processing batch of 6 files
2025-12-30 03:49:02,697 - Knowledge - INFO - Worker kw10 processing /app/data/b2c/226177/b05376m/pwhm-226177/test/testStaStats/data0.txt
2025-12-30 03:49:02,776 - Knowledge - INFO - Fast-tracked /app/data/b2c/226177/b05376m/pwhm-226177/test/testStaStats/deauthNot/notif_5.txt (ext=.txt, size=2052)
2025-12-30 03:49:02,874 - Knowledge - INFO - Worker kw12 processing /app/data/b2c/226177/b05376m/pwhm-226177/test/testStaStats/deauthNot/notif_0.txt
2025-12-30 03:49:02,965 - Knowledge - INFO - Fast-tracked /app/data/b2c/226177/b05376m/pwhm-226177/test/testStaStats/assocNot/not_2.txt (ext=.txt, size=501)
2025-12-30 03:49:03,073 - Knowledge - INFO - Worker kw14 processing /app/data/b2c/226177/b05376m/pwhm-226177/test/testStaStats/assocNot/not_7.txt
2025-12-30 03:49:03,152 - Knowledge - INFO - [WEBSOCKET] Sent: Type=progress_update, Size: 288, Duration: 0ms
2025-12-30 03:49:03,166 - Knowledge - INFO - Fast-tracked /app/data/b2c/226177/b05376m/pwhm-226177/test/testStaStats/stationStats/stats_data4.txt (ext=.txt, size=3133)
2025-12-30 03:49:03,276 - Knowledge - INFO - Worker kw16 processing /app/data/b2c/226177/b05376m/pwhm-226177/test/testStaStats/history3.txt
2025-12-30 03:49:03,395 - Knowledge - INFO - Fast-tracked /app/data/b2c/226177/b05376m/pwhm-226177/test/wld_channel/test_wld_channel_info.c (ext=.c, size=10197)
2025-12-30 03:49:03,490 - Knowledge - INFO - Worker kw18 processing /app/data/b2c/226177/b05376m/pwhm-226177/src/wld_endpoint.c
2025-12-30 03:49:03,602 - Knowledge - INFO - Worker kw19 processing /app/data/b2c/226177/b05376m/pwhm-226177/src/wld_ssid.c
2025-12-30 03:49:03,911 - Knowledge - INFO - process ingested knowledge for /app/data/b2c/226177/b05376m/pwhm-226177/test/testScanSsid/ScanResults-5g-2.txt
2025-12-30 03:49:04,041 - Knowledge - INFO - process ingested knowledge for /app/data/b2c/226177/b05376m/pwhm-226177/test/testScanSsid/ScanResults-5g-5.txt
2025-12-30 03:49:04,203 - Knowledge - INFO - process ingested knowledge for /app/data/b2c/226177/b05376m/pwhm-226177/test/testRadio11be/rad5_base.txt
2025-12-30 03:49:04,235 - Knowledge - INFO - process ingested knowledge for /app/data/b2c/226177/b05376m/pwhm-226177/test/wld_fsm/test_wld_fsm.c
2025-12-30 03:49:04,355 - Knowledge - INFO - process ingested knowledge for /app/data/b2c/226177/b05376m/pwhm-226177/test/testRadio11be/rad5_cap.txt
2025-12-30 03:49:04,607 - Knowledge - INFO - process ingested knowledge for /app/data/b2c/226177/b05376m/pwhm-226177/test/test_wpaSupp_cfgFile/test_wpaSupp_cfgFile.c
2025-12-30 03:49:04,694 - Knowledge - INFO - Fast-tracked /app/data/b2c/226177/b05376m/pwhm-226177/test/testStaStats/data0.txt (ext=.txt, size=3361)
2025-12-30 03:49:04,777 - Knowledge - INFO - Worker kw11 processing /app/data/b2c/226177/b05376m/pwhm-226177/test/testStaStats/deauthNot/notif_9.txt
2025-12-30 03:49:04,903 - Knowledge - INFO - Fast-tracked /app/data/b2c/226177/b05376m/pwhm-226177/test/testStaStats/deauthNot/notif_0.txt (ext=.txt, size=2052)
2025-12-30 03:49:04,998 - Knowledge - INFO - Worker kw13 processing /app/data/b2c/226177/b05376m/pwhm-226177/test/testStaStats/assocNot/not_6.txt
2025-12-30 03:49:05,094 - Knowledge - INFO - Fast-tracked /app/data/b2c/226177/b05376m/pwhm-226177/test/testStaStats/assocNot/not_7.txt (ext=.txt, size=501)
2025-12-30 03:49:05,212 - Knowledge - INFO - Worker kw20 processing /app/data/b2c/226177/b05376m/pwhm-226177/src/nl80211/wld_wpaSupp_ep_api.c
2025-12-30 03:49:05,212 - Knowledge - INFO - [WEBSOCKET] Sent: Type=unknown, Size: ?, Duration: 2061ms
2025-12-30 03:49:05,304 - Knowledge - INFO - Worker kw15 processing /app/data/b2c/226177/b05376m/pwhm-226177/test/testStaStats/stationStats/stats_data3.txt
2025-12-30 03:49:05,405 - Knowledge - INFO - Fast-tracked /app/data/b2c/226177/b05376m/pwhm-226177/test/testStaStats/history3.txt (ext=.txt, size=3281)
2025-12-30 03:49:05,515 - Knowledge - INFO - Worker kw17 processing /app/data/b2c/226177/b05376m/pwhm-226177/test/test_targets.mk
2025-12-30 03:49:05,608 - Knowledge - INFO - Fast-tracked /app/data/b2c/226177/b05376m/pwhm-226177/src/wld_endpoint.c (ext=.c, size=103999)
2025-12-30 03:49:05,727 - Knowledge - INFO - Worker kw19 processing /app/data/b2c/226177/b05376m/pwhm-226177/src/nl80211/wld_wpaCtrlMngr.c
2025-12-30 03:49:05,800 - Knowledge - INFO - process ingested knowledge for /app/data/b2c/226177/b05376m/pwhm-226177/test/testScanSsid/ScanResults-5g-4.txt
2025-12-30 03:49:06,030 - Knowledge - INFO - process ingested knowledge for /app/data/b2c/226177/b05376m/pwhm-226177/test/testRadio11be/rad2_cap.txt
2025-12-30 03:49:06,092 - Knowledge - INFO - process ingested knowledge for /app/data/b2c/226177/b05376m/pwhm-226177/test/wld_nl80211/test_wld_nl80211.c
2025-12-30 03:49:06,213 - Knowledge - INFO - process ingested knowledge for /app/data/b2c/226177/b05376m/pwhm-226177/test/testEnableSync/test_enableSync.c
2025-12-30 03:49:06,359 - Knowledge - INFO - process ingested knowledge for /app/data/b2c/226177/b05376m/pwhm-226177/test/testapMLD/test_apmld.c
2025-12-30 03:49:06,502 - Knowledge - INFO - Fast-tracked /app/data/b2c/226177/b05376m/pwhm-226177/test/testStaStats/deauthNot/notif_9.txt (ext=.txt, size=1187)
2025-12-30 03:49:06,606 - Knowledge - INFO - Worker kw12 processing /app/data/b2c/226177/b05376m/pwhm-226177/test/testStaStats/deauthNot/notif_6.txt
2025-12-30 03:49:06,704 - Knowledge - INFO - Fast-tracked /app/data/b2c/226177/b05376m/pwhm-226177/test/testStaStats/assocNot/not_6.txt (ext=.txt, size=1157)
2025-12-30 03:49:06,781 - Knowledge - INFO - Worker kw14 processing /app/data/b2c/226177/b05376m/pwhm-226177/test/testStaStats/assocNot/not_5.txt
2025-12-30 03:49:06,875 - Knowledge - INFO - Worker kw20 processing /app/data/b2c/226177/b05376m/pwhm-226177/src/nl80211/wld_secDmnGrp.c
2025-12-30 03:49:06,950 - Knowledge - INFO - Progress: 15.8% | Files: 54/303 | Rate: 1.53 files/sec | Queue: 184
2025-12-30 03:49:06,952 - Knowledge - INFO - [kw2] Queue=184, InProgress=0, PendingWorkers=20/20, Completed=54/303 (17.8%)
2025-12-30 03:49:06,953 - Knowledge - INFO - [WEBSOCKET] Sent: Type=progress_update, Size: 287, Duration: 0ms
2025-12-30 03:49:07,046 - Knowledge - INFO - Fast-tracked /app/data/b2c/226177/b05376m/pwhm-226177/test/testStaStats/stationStats/stats_data3.txt (ext=.txt, size=6262)
2025-12-30 03:49:07,136 - Knowledge - INFO - Worker kw16 processing /app/data/b2c/226177/b05376m/pwhm-226177/test/testStaStats/data3.txt
2025-12-30 03:49:07,252 - Knowledge - INFO - Fast-tracked /app/data/b2c/226177/b05376m/pwhm-226177/test/test_targets.mk (ext=.mk, size=1220)
2025-12-30 03:49:07,364 - Knowledge - INFO - Worker kw18 processing /app/data/b2c/226177/b05376m/pwhm-226177/src/wld.c
2025-12-30 03:49:07,461 - Knowledge - INFO - Worker kw19 processing /app/data/b2c/226177/b05376m/pwhm-226177/src/nl80211/wld_wpaCtrl_events.c
2025-12-30 03:49:07,644 - Knowledge - INFO - process ingested knowledge for /app/data/b2c/226177/b05376m/pwhm-226177/test/testRadio11be/rad6_cap.txt
2025-12-30 03:49:07,746 - Knowledge - INFO - process ingested knowledge for /app/data/b2c/226177/b05376m/pwhm-226177/test/epMld/test_epMld.c
2025-12-30 03:49:07,880 - Knowledge - INFO - process ingested knowledge for /app/data/b2c/226177/b05376m/pwhm-226177/test/startStop/test_startStop.c
2025-12-30 03:49:07,992 - Knowledge - INFO - process ingested knowledge for /app/data/b2c/226177/b05376m/pwhm-226177/test/testWiFiObjReference/test_wifiObjReference.c
2025-12-30 03:49:08,139 - Knowledge - INFO - Fast-tracked /app/data/b2c/226177/b05376m/pwhm-226177/test/testStaStats/deauthNot/notif_6.txt (ext=.txt, size=2444)
2025-12-30 03:49:08,230 - Knowledge - INFO - Worker kw13 processing /app/data/b2c/226177/b05376m/pwhm-226177/test/testStaStats/assocNot/not_4.txt
2025-12-30 03:49:08,352 - Knowledge - INFO - Fast-tracked /app/data/b2c/226177/b05376m/pwhm-226177/test/testStaStats/assocNot/not_5.txt (ext=.txt, size=342)
2025-12-30 03:49:08,447 - Knowledge - INFO - Worker kw20 processing /app/data/b2c/226177/b05376m/pwhm-226177/src/nl80211/wld_wpaSupp_cfgFile.c
2025-12-30 03:49:08,527 - Knowledge - INFO - [kw1] Queue=184, InProgress=0, PendingWorkers=20/20, Completed=61/303 (20.1%)
2025-12-30 03:49:08,644 - Knowledge - INFO - Batch sizing: calculated=5, max_allowed=10, queue=184, active_workers=20/20
2025-12-30 03:49:08,735 - Knowledge - INFO - Processing batch of 6 files
2025-12-30 03:49:08,735 - Knowledge - INFO - Processing batch of 6 files
2025-12-30 03:49:08,736 - Knowledge - INFO - [WEBSOCKET] Sent: Type=unknown, Size: ?, Duration: 1783ms
2025-12-30 03:49:08,836 - Knowledge - INFO - Worker kw15 processing /app/data/b2c/226177/b05376m/pwhm-226177/test/testStaStats/history1.txt
2025-12-30 03:49:08,929 - Knowledge - INFO - Fast-tracked /app/data/b2c/226177/b05376m/pwhm-226177/test/testStaStats/data3.txt (ext=.txt, size=3375)
2025-12-30 03:49:09,012 - Knowledge - INFO - Worker kw17 processing /app/data/b2c/226177/b05376m/pwhm-226177/scripts/wld.sh
2025-12-30 03:49:09,107 - Knowledge - INFO - Worker kw18 processing /app/data/b2c/226177/b05376m/pwhm-226177/src/wld_mld.c
2025-12-30 03:49:09,201 - Knowledge - INFO - Worker kw19 processing /app/data/b2c/226177/b05376m/pwhm-226177/src/nl80211/wld_hostapd_cfgManager.c
2025-12-30 03:49:09,385 - Knowledge - INFO - process ingested knowledge for /app/data/b2c/226177/b05376m/pwhm-226177/test/wld_daemon/test_wld_daemon.c
2025-12-30 03:49:09,544 - Knowledge - INFO - process ingested knowledge for /app/data/b2c/226177/b05376m/pwhm-226177/test/test_channel5G/test_channel5G.c
2025-12-30 03:49:09,562 - Knowledge - INFO - process ingested knowledge for /app/data/b2c/226177/b05376m/pwhm-226177/test/wld_hostapd/test_wld_hostapd.c
2025-12-30 03:49:09,772 - Knowledge - INFO - Fast-tracked /app/data/b2c/226177/b05376m/pwhm-226177/test/testStaStats/assocNot/not_4.txt (ext=.txt, size=528)
2025-12-30 03:49:09,851 - Knowledge - INFO - Worker kw14 processing /app/data/b2c/226177/b05376m/pwhm-226177/test/testStaStats/assocNot/not_9.txt
2025-12-30 03:49:09,949 - Knowledge - INFO - Worker kw20 processing /app/data/b2c/226177/b05376m/pwhm-226177/src/nl80211/wld_nl80211_api.c
2025-12-30 03:49:10,032 - Knowledge - INFO - Batch sizing: calculated=5, max_allowed=10, queue=184, active_workers=20/20
2025-12-30 03:49:10,247 - Knowledge - INFO - process ingested knowledge for /app/data/b2c/226177/b05376m/pwhm-226177/test/testStaStatsWiFi7/stationStats/stats_test4.txt
2025-12-30 03:49:10,355 - Knowledge - INFO - process ingested knowledge for /app/data/b2c/226177/b05376m/pwhm-226177/test/testStaStats/history4.txt
2025-12-30 03:49:10,451 - Knowledge - INFO - Progress: 18.2% | Files: 67/303 | Rate: 1.72 files/sec | Queue: 179
2025-12-30 03:49:10,453 - Knowledge - INFO - [kw5] Queue=179, InProgress=0, PendingWorkers=20/20, Completed=68/303 (22.4%)
2025-12-30 03:49:10,453 - Knowledge - INFO - [WEBSOCKET] Sent: Type=progress_update, Size: 291, Duration: 1ms
2025-12-30 03:49:10,540 - Knowledge - INFO - Fast-tracked /app/data/b2c/226177/b05376m/pwhm-226177/test/testStaStats/history1.txt (ext=.txt, size=2995)
2025-12-30 03:49:10,620 - Knowledge - INFO - Worker kw16 processing /app/data/b2c/226177/b05376m/pwhm-226177/test/testStaStats/test_staStats.c
2025-12-30 03:49:10,714 - Knowledge - INFO - Fast-tracked /app/data/b2c/226177/b05376m/pwhm-226177/scripts/wld.sh (ext=.sh, size=602)
2025-12-30 03:49:10,837 - Knowledge - INFO - Worker kw18 processing /app/data/b2c/226177/b05376m/pwhm-226177/src/VendorModule/wld_vendorModule_mgr.c
2025-12-30 03:49:10,957 - Knowledge - INFO - Worker kw19 processing /app/data/b2c/226177/b05376m/pwhm-226177/src/nl80211/wld_wpaCtrlConnection.c
2025-12-30 03:49:11,069 - Knowledge - INFO - process ingested knowledge for /app/data/b2c/226177/b05376m/pwhm-226177/test/testBgDfs/test_BgDfs.c
2025-12-30 03:49:11,253 - Knowledge - INFO - process ingested knowledge for /app/data/b2c/226177/b05376m/pwhm-226177/test/testMacFiltering/test_macFiltering.c
2025-12-30 03:49:11,467 - Knowledge - INFO - Fast-tracked /app/data/b2c/226177/b05376m/pwhm-226177/test/testStaStats/assocNot/not_9.txt (ext=.txt, size=528)
2025-12-30 03:49:11,566 - Knowledge - INFO - Worker kw20 processing /app/data/b2c/226177/b05376m/pwhm-226177/src/nl80211/wld_nl80211_events.c
2025-12-30 03:49:11,812 - Knowledge - INFO - process ingested knowledge for /app/data/b2c/226177/b05376m/pwhm-226177/test/testStaStatsWiFi7/stationStats/stats_test2.txt
2025-12-30 03:49:11,814 - Knowledge - INFO - process ingested knowledge for /app/data/b2c/226177/b05376m/pwhm-226177/test/testStaStats/deauthNot/notif_12.txt
2025-12-30 03:49:11,966 - Knowledge - INFO - [kw3] Queue=174, InProgress=0, PendingWorkers=20/20, Completed=74/303 (24.4%)
2025-12-30 03:49:11,991 - Knowledge - INFO - Batch sizing: calculated=5, max_allowed=10, queue=179, active_workers=20/20
2025-12-30 03:49:12,088 - Knowledge - INFO - Async storing batch of 6 embeddings
2025-12-30 03:49:12,088 - Knowledge - INFO - Processing batch of 6 files
2025-12-30 03:49:12,089 - Knowledge - INFO - Processing batch of 6 files
2025-12-30 03:49:12,089 - Knowledge - INFO - Async storing batch of 6 embeddings
2025-12-30 03:49:12,089 - Knowledge - INFO - [WEBSOCKET] Sent: Type=unknown, Size: ?, Duration: 1637ms
2025-12-30 03:49:12,204 - Knowledge - INFO - Worker kw15 processing /app/data/b2c/226177/b05376m/pwhm-226177/test/testStaStats/staUpdate.txt
2025-12-30 03:49:12,296 - Knowledge - INFO - Fast-tracked /app/data/b2c/226177/b05376m/pwhm-226177/test/testStaStats/test_staStats.c (ext=.c, size=10497)
2025-12-30 03:49:12,368 - Knowledge - INFO - Worker kw17 processing /app/data/b2c/226177/b05376m/pwhm-226177/scripts/debugInfo.sh
2025-12-30 03:49:12,487 - Knowledge - INFO - Fast-tracked /app/data/b2c/226177/b05376m/pwhm-226177/scripts/Plugin/wld_gen.sh (small file (2338 bytes))
2025-12-30 03:49:12,748 - Knowledge - INFO - process ingested knowledge for /app/data/b2c/226177/b05376m/pwhm-226177/test/wld_sensing/test_wld_sensing.c
2025-12-30 03:49:13,032 - Knowledge - INFO - process ingested knowledge for /app/data/b2c/226177/b05376m/pwhm-226177/test/testStaStatsWiFi7/stationStats/stats_test5.txt
2025-12-30 03:49:13,164 - Knowledge - INFO - process ingested knowledge for /app/data/b2c/226177/b05376m/pwhm-226177/test/testStaStats/deauthNot/notif_3.txt
2025-12-30 03:49:13,195 - Knowledge - INFO - Batch sizing: calculated=5, max_allowed=10, queue=174, active_workers=20/20
2025-12-30 03:49:13,383 - Knowledge - INFO - Worker kw2 processing /app/data/b2c/226177/b05376m/pwhm-226177/src/nl80211/wld_ep_nl80211.c
2025-12-30 03:49:13,481 - Knowledge - INFO - process ingested knowledge for /app/data/b2c/226177/b05376m/pwhm-226177/test/testStaStats/deauthNot/notif_1.txt
2025-12-30 03:49:13,562 - Knowledge - INFO - process ingested knowledge for /app/data/b2c/226177/b05376m/pwhm-226177/test/testStaStats/deauthNot/notif_2.txt
2025-12-30 03:49:13,666 - Knowledge - INFO - Worker kw1 processing /app/data/b2c/226177/b05376m/pwhm-226177/src/nl80211/wld_rad_hostapd_api.c
2025-12-30 03:49:13,747 - Knowledge - INFO - Progress: 22.4% | Files: 82/303 | Rate: 1.93 files/sec | Queue: 169
2025-12-30 03:49:13,748 - Knowledge - INFO - Processing batch of 6 files
2025-12-30 03:49:13,749 - Knowledge - INFO - Async storing batch of 6 embeddings
2025-12-30 03:49:13,750 - Knowledge - INFO - [kw7] Queue=169, InProgress=0, PendingWorkers=20/20, Completed=82/303 (27.1%)
2025-12-30 03:49:13,750 - Knowledge - INFO - [WEBSOCKET] Sent: Type=progress_update, Size: 291, Duration: 3ms
2025-12-30 03:49:13,848 - Knowledge - INFO - Fast-tracked /app/data/b2c/226177/b05376m/pwhm-226177/test/testStaStats/staUpdate.txt (ext=.txt, size=398)
2025-12-30 03:49:13,958 - Knowledge - INFO - Worker kw16 processing /app/data/b2c/226177/b05376m/pwhm-226177/test/bStaMLD/test_bStaMLD.c
2025-12-30 03:49:14,050 - Knowledge - INFO - Fast-tracked /app/data/b2c/226177/b05376m/pwhm-226177/scripts/debugInfo.sh (ext=.sh, size=1762)
2025-12-30 03:49:14,367 - Knowledge - INFO - process ingested knowledge for /app/data/b2c/226177/b05376m/pwhm-226177/test/testStaStatsWiFi7/stationStats/stats_test3.txt
2025-12-30 03:49:14,542 - Knowledge - INFO - process ingested knowledge for /app/data/b2c/226177/b05376m/pwhm-226177/test/testStaStats/deauthNot/notif_7.txt
2025-12-30 03:49:14,628 - Knowledge - INFO - Worker kw2 processing /app/data/b2c/226177/b05376m/pwhm-226177/src/nl80211/wld_wpaSupp_cfgManager.c
2025-12-30 03:49:14,783 - Knowledge - INFO - process ingested knowledge for /app/data/b2c/226177/b05376m/pwhm-226177/test/testStaStats/deauthNot/notif_10.txt
2025-12-30 03:49:14,812 - Knowledge - INFO - process ingested knowledge for /app/data/b2c/226177/b05376m/pwhm-226177/test/testStaStats/deauthNot/notif_11.txt
2025-12-30 03:49:14,916 - Knowledge - INFO - Worker kw1 processing /app/data/b2c/226177/b05376m/pwhm-226177/src/nl80211/wld_hostapd_cfgFile.c
2025-12-30 03:49:15,078 - Knowledge - INFO - [kw4] Queue=164, InProgress=0, PendingWorkers=20/20, Completed=82/303 (27.1%)
2025-12-30 03:49:15,113 - Knowledge - INFO - process ingested knowledge for /app/data/b2c/226177/b05376m/pwhm-226177/test/testStaStats/assocNot/not_8.txt
2025-12-30 03:49:15,210 - Knowledge - INFO - Worker kw5 processing /app/data/b2c/226177/b05376m/pwhm-226177/src/nl80211/wld_ap_nl80211.c
2025-12-30 03:49:15,286 - Knowledge - INFO - Batch sizing: calculated=5, max_allowed=10, queue=169, active_workers=20/20
2025-12-30 03:49:15,375 - Knowledge - INFO - Async storing batch of 6 embeddings
2025-12-30 03:49:15,376 - Knowledge - INFO - [kw8] Queue=164, InProgress=0, PendingWorkers=20/20, Completed=84/303 (27.7%)
2025-12-30 03:49:15,376 - Knowledge - INFO - [WEBSOCKET] Sent: Type=unknown, Size: ?, Duration: 1628ms
2025-12-30 03:49:15,621 - Knowledge - INFO - Fast-tracked /app/data/b2c/226177/b05376m/pwhm-226177/test/bStaMLD/test_bStaMLD.c (ext=.c, size=5431)
2025-12-30 03:49:15,741 - Knowledge - INFO - Worker kw17 processing /app/data/b2c/226177/b05376m/pwhm-226177/scripts/debug_wifi.sh
2025-12-30 03:49:15,821 - Knowledge - INFO - process ingested knowledge for /app/data/b2c/226177/b05376m/pwhm-226177/test/testStaStatsWiFi7/test_staStatsWiFi7.c
2025-12-30 03:49:15,911 - Knowledge - INFO - process ingested knowledge for /app/data/b2c/226177/b05376m/pwhm-226177/test/testStaStats/deauthNot/notif_5.txt
2025-12-30 03:49:16,024 - Knowledge - INFO - Worker kw2 processing /app/data/b2c/226177/b05376m/pwhm-226177/src/nl80211/wld_secDmn.c
2025-12-30 03:49:16,108 - Knowledge - INFO - process ingested knowledge for /app/data/b2c/226177/b05376m/pwhm-226177/test/testStaStats/deauthNot/notif_4.txt
2025-12-30 03:49:16,185 - Knowledge - INFO - process ingested knowledge for /app/data/b2c/226177/b05376m/pwhm-226177/test/testStaStats/history2.txt
2025-12-30 03:49:16,524 - Knowledge - INFO - Worker kw5 processing /app/data/b2c/226177/b05376m/pwhm-226177/src/nl80211/wld_wpaSupp_parser.c
2025-12-30 03:49:16,340 - Knowledge - INFO - Batch sizing: calculated=5, max_allowed=10, queue=164, active_workers=20/20
2025-12-30 03:49:16,438 - Knowledge - INFO - process ingested knowledge for /app/data/b2c/226177/b05376m/pwhm-226177/test/testStaStats/assocNot/not_0.txt
2025-12-30 03:49:16,262 - Knowledge - INFO - Worker kw1 processing /app/data/b2c/226177/b05376m/pwhm-226177/src/nl80211/wld_nl80211_core.c
2025-12-30 03:49:16,700 - Knowledge - INFO - Worker kw3 processing /app/data/b2c/226177/b05376m/pwhm-226177/src/nl80211/wld_wpaCtrlGSock.c
2025-12-30 03:49:16,795 - Knowledge - INFO - Batch sizing: calculated=5, max_allowed=10, queue=164, active_workers=20/20
2025-12-30 03:49:16,889 - Knowledge - INFO - Progress: 27.1% | Files: 90/303 | Rate: 1.97 files/sec | Queue: 159
2025-12-30 03:49:16,889 - Knowledge - INFO - Processing batch of 6 files
2025-12-30 03:49:16,890 - Knowledge - INFO - Processing batch of 6 files
2025-12-30 03:49:16,897 - Knowledge - INFO - Async storing batch of 6 embeddings
2025-12-30 03:49:17,029 - Knowledge - INFO - Processing batch of 6 files
2025-12-30 03:49:17,114 - Knowledge - INFO - Fast-tracked /app/data/b2c/226177/b05376m/pwhm-226177/scripts/debug_wifi.sh (ext=.sh, size=132)
2025-12-30 03:49:17,226 - Knowledge - INFO - process ingested knowledge for /app/data/b2c/226177/b05376m/pwhm-226177/test/test_securityConfig/test_securityConfig.c
2025-12-30 03:49:17,339 - Knowledge - INFO - process ingested knowledge for /app/data/b2c/226177/b05376m/pwhm-226177/test/testStaStats/deauthNot/notif_9.txt
2025-12-30 03:49:17,440 - Knowledge - INFO - Worker kw2 processing /app/data/b2c/226177/b05376m/pwhm-226177/src/nl80211/wld_nl80211_scan.c
2025-12-30 03:49:17,516 - Knowledge - INFO - process ingested knowledge for /app/data/b2c/226177/b05376m/pwhm-226177/test/testStaStats/deauthNot/notif_8.txt
2025-12-30 03:49:17,637 - Knowledge - INFO - process ingested knowledge for /app/data/b2c/226177/b05376m/pwhm-226177/test/testStaStats/assocNot/not_2.txt
2025-12-30 03:49:17,727 - Knowledge - INFO - Worker kw5 processing /app/data/b2c/226177/b05376m/pwhm-226177/src/nl80211/wld_nl80211_debug.c
2025-12-30 03:49:17,827 - Knowledge - INFO - Async storing batch of 6 embeddings
2025-12-30 03:49:17,915 - Knowledge - INFO - process ingested knowledge for /app/data/b2c/226177/b05376m/pwhm-226177/test/testStaStats/assocNot/not_3.txt
2025-12-30 03:49:17,999 - Knowledge - INFO - Worker kw1 processing /app/data/b2c/226177/b05376m/pwhm-226177/src/nl80211/wld_wpaCtrlInterface.c
2025-12-30 03:49:18,088 - Knowledge - INFO - Worker kw3 processing /app/data/b2c/226177/b05376m/pwhm-226177/src/nl80211/wld_nl80211_attr.c
2025-12-30 03:49:18,171 - Knowledge - INFO - Async storing batch of 6 embeddings
2025-12-30 03:49:18,252 - Knowledge - INFO - [kw6] Queue=149, InProgress=0, PendingWorkers=20/20, Completed=96/303 (31.7%)
2025-12-30 03:49:18,340 - Knowledge - INFO - process ingested knowledge for /app/data/b2c/226177/b05376m/pwhm-226177/test/wld_staticPuncturing/test_wld_staticPuncturing.c
2025-12-30 03:49:18,448 - Knowledge - INFO - process ingested knowledge for /app/data/b2c/226177/b05376m/pwhm-226177/test/testStaStats/assocNot/not_1.txt
2025-12-30 03:49:18,546 - Knowledge - INFO - Worker kw7 processing /app/data/b2c/226177/b05376m/pwhm-226177/src/ChannelManagement/wld_zwdfs.c
2025-12-30 03:49:18,650 - Knowledge - INFO - process ingested knowledge for /app/data/b2c/226177/b05376m/pwhm-226177/test/testStaStats/probeUpdate.txt
2025-12-30 03:49:18,782 - Knowledge - INFO - Processing batch of 6 files
2025-12-30 03:49:19,029 - Knowledge - INFO - Worker kw2 processing /app/data/b2c/226177/b05376m/pwhm-226177/src/nl80211/wld_nl80211_parser.c
2025-12-30 03:49:19,236 - Knowledge - INFO - process ingested knowledge for /app/data/b2c/226177/b05376m/pwhm-226177/test/testStaStats/deauthNot/notif_0.txt
2025-12-30 03:49:19,316 - Knowledge - INFO - process ingested knowledge for /app/data/b2c/226177/b05376m/pwhm-226177/test/testStaStats/assocNot/not_6.txt
2025-12-30 03:49:19,329 - Knowledge - INFO - Worker kw5 processing /app/data/b2c/226177/b05376m/pwhm-226177/src/nl80211/wld_rad_nl80211.c
2025-12-30 03:49:19,423 - Knowledge - INFO - Worker kw4 processing /app/data/b2c/226177/b05376m/pwhm-226177/src/wld_sensing.c
2025-12-30 03:49:19,596 - Knowledge - INFO - Worker kw1 processing /app/data/b2c/226177/b05376m/pwhm-226177/src/nl80211/wld_nl80211_utils.c
2025-12-30 03:49:19,615 - Knowledge - INFO - process ingested knowledge for /app/data/b2c/226177/b05376m/pwhm-226177/test/testStaStats/assocNot/not_7.txt
2025-12-30 03:49:19,673 - Knowledge - INFO - Worker kw3 processing /app/data/b2c/226177/b05376m/pwhm-226177/src/nl80211/wld_ssid_nl80211.c
2025-12-30 03:49:19,756 - Knowledge - INFO - Worker kw8 processing /app/data/b2c/226177/b05376m/pwhm-226177/src/Utils/wld_dmnMgt.c
2025-12-30 03:49:19,838 - Knowledge - INFO - Batch sizing: calculated=5, max_allowed=10, queue=149, active_workers=20/20
2025-12-30 03:49:19,967 - Knowledge - INFO - [WEBSOCKET] Sent: Type=progress_update, Size: 291, Duration: 0ms
2025-12-30 03:49:19,968 - Knowledge - INFO - process ingested knowledge for /app/data/b2c/226177/b05376m/pwhm-226177/test/testRadioStatus/test_radioStatus.c
2025-12-30 03:49:20,023 - Knowledge - INFO - process ingested knowledge for /app/data/b2c/226177/b05376m/pwhm-226177/test/testStaStats/data2.txt
2025-12-30 03:49:20,111 - Knowledge - INFO - Worker kw7 processing /app/data/b2c/226177/b05376m/pwhm-226177/src/ChannelManagement/wld_bgdfs.c
2025-12-30 03:49:20,208 - Knowledge - INFO - process ingested knowledge for /app/data/b2c/226177/b05376m/pwhm-226177/test/testStaStats/data1.txt
2025-12-30 03:49:20,300 - Knowledge - INFO - process ingested knowledge for /app/data/b2c/226177/b05376m/pwhm-226177/test/testNeighborAp/test_neighborAp.c
2025-12-30 03:49:20,420 - Knowledge - INFO - Async storage completed for 6 embeddings
2025-12-30 03:49:20,512 - Knowledge - INFO - process ingested knowledge for /app/data/b2c/226177/b05376m/pwhm-226177/test/testStaStats/deauthNot/notif_6.txt
2025-12-30 03:49:20,614 - Knowledge - INFO - process ingested knowledge for /app/data/b2c/226177/b05376m/pwhm-226177/test/testStaStats/assocNot/not_4.txt
2025-12-30 03:49:20,706 - Knowledge - INFO - Worker kw5 processing /app/data/b2c/226177/b05376m/pwhm-226177/src/nl80211/wld_hostapd_ap_api.c
2025-12-30 03:49:20,830 - Knowledge - INFO - Worker kw4 processing /app/data/b2c/226177/b05376m/pwhm-226177/src/wld_wps.c
2025-12-30 03:49:20,938 - Knowledge - INFO - Async storage completed for 6 embeddings
2025-12-30 03:49:21,028 - Knowledge - INFO - process ingested knowledge for /app/data/b2c/226177/b05376m/pwhm-226177/test/testStaStats/assocNot/not_5.txt
2025-12-30 03:49:21,120 - Knowledge - INFO - Worker kw3 processing /app/data/b2c/226177/b05376m/pwhm-226177/src/ChannelManagement/wld_channel.c
2025-12-30 03:49:21,234 - Knowledge - INFO - Worker kw8 processing /app/data/b2c/226177/b05376m/pwhm-226177/src/Utils/wld_linuxIfStats.c
2025-12-30 03:49:21,425 - Knowledge - INFO - Async storing batch of 6 embeddings
2025-12-30 03:49:21,426 - Knowledge - INFO - [WEBSOCKET] Sent: Type=unknown, Size: ?, Duration: 1459ms
2025-12-30 03:49:21,537 - Knowledge - INFO - process ingested knowledge for /app/data/b2c/226177/b05376m/pwhm-226177/test/test_defines.mk
2025-12-30 03:49:21,662 - Knowledge - INFO - process ingested knowledge for /app/data/b2c/226177/b05376m/pwhm-226177/test/testStaStats/stationStats/stats_data4.txt
2025-12-30 03:49:21,756 - Knowledge - INFO - Worker kw7 processing /app/data/b2c/226177/b05376m/pwhm-226177/src/ChannelManagement/wld_channel_info.c
2025-12-30 03:49:21,839 - Knowledge - INFO - process ingested knowledge for /app/data/b2c/226177/b05376m/pwhm-226177/test/testStaStats/history3.txt
2025-12-30 03:49:21,926 - Knowledge - INFO - process ingested knowledge for /app/data/b2c/226177/b05376m/pwhm-226177/test/wld_channel/test_wld_channel_info.c
2025-12-30 03:49:22,287 - Knowledge - INFO - Async storage completed for 6 embeddings
2025-12-30 03:49:22,383 - Knowledge - INFO - Worker kw4 processing /app/data/b2c/226177/b05376m/pwhm-226177/src/Utils/wld_linuxWExtUtils.c
2025-12-30 03:49:22,692 - Knowledge - INFO - Worker kw3 processing /app/data/b2c/226177/b05376m/pwhm-226177/src/ChannelManagement/wld_chanmgt.c
2025-12-30 03:49:22,710 - Knowledge - INFO - process ingested knowledge for /app/data/b2c/226177/b05376m/pwhm-226177/test/testStaStats/assocNot/not_9.txt
2025-12-30 03:49:22,776 - Knowledge - INFO - Worker kw8 processing /app/data/b2c/226177/b05376m/pwhm-226177/src/Utils/wld_config.c
2025-12-30 03:49:22,894 - Knowledge - INFO - Worker kw6 processing /app/data/b2c/226177/b05376m/pwhm-226177/src/Utils/wld_linuxIfUtils.c
2025-12-30 03:49:22,970 - Knowledge - INFO - Progress: 33.7% | Files: 102/303 | Rate: 1.96 files/sec | Queue: 144
2025-12-30 03:49:23,053 - Knowledge - INFO - [kw11] Queue=144, InProgress=0, PendingWorkers=20/20, Completed=102/303 (33.7%)
2025-12-30 03:49:23,174 - Knowledge - INFO - process ingested knowledge for /app/data/b2c/226177/b05376m/pwhm-226177/test/fta/test_fta.c
2025-12-30 03:49:23,263 - Knowledge - INFO - process ingested knowledge for /app/data/b2c/226177/b05376m/pwhm-226177/test/testStaStats/stationStats/stats_data3.txt
2025-12-30 03:49:23,272 - Knowledge - INFO - Worker kw7 processing /app/data/b2c/226177/b05376m/pwhm-226177/src/wld_radio.c
2025-12-30 03:49:23,354 - Knowledge - INFO - [kw12] Queue=144, InProgress=0, PendingWorkers=20/20, Completed=102/303 (33.7%)
2025-12-30 03:49:23,385 - Knowledge - INFO - process ingested knowledge for /app/data/b2c/226177/b05376m/pwhm-226177/test/testStaStats/data3.txt
2025-12-30 03:49:23,389 - Knowledge - INFO - [kw13] Queue=144, InProgress=0, PendingWorkers=20/20, Completed=102/303 (33.7%)
2025-12-30 03:49:23,502 - Knowledge - INFO - process ingested knowledge for /app/data/b2c/226177/b05376m/pwhm-226177/test/test_targets.mk
2025-12-30 03:49:23,697 - Knowledge - INFO - Worker kw4 processing /app/data/b2c/226177/b05376m/pwhm-226177/src/Utils/wld_extMod.c
2025-12-30 03:49:23,777 - Knowledge - INFO - Async storage completed for 6 embeddings
2025-12-30 03:49:23,974 - Knowledge - INFO - Worker kw8 processing /app/data/b2c/226177/b05376m/pwhm-226177/src/Utils/wld_daemon.c
2025-12-30 03:49:24,061 - Knowledge - INFO - Worker kw6 processing /app/data/b2c/226177/b05376m/pwhm-226177/src/Utils/wld_autoCommitMgr.c
2025-12-30 03:49:24,246 - Knowledge - INFO - [kw9] Queue=144, InProgress=0, PendingWorkers=20/20, Completed=102/303 (33.7%)
2025-12-30 03:49:24,267 - Knowledge - INFO - Batch sizing: calculated=5, max_allowed=10, queue=144, active_workers=20/20
2025-12-30 03:49:24,386 - Knowledge - INFO - process ingested knowledge for /app/data/b2c/226177/b05376m/pwhm-226177/test/testStaStats/history0.txt
2025-12-30 03:49:24,545 - Knowledge - INFO - process ingested knowledge for /app/data/b2c/226177/b05376m/pwhm-226177/test/testStaStats/history1.txt
2025-12-30 03:49:24,556 - Knowledge - INFO - Fast-tracked /app/data/b2c/226177/b05376m/pwhm-226177/src/wld_radio.c (ext=.c, size=223136)
2025-12-30 03:49:24,643 - Knowledge - INFO - Batch sizing: calculated=5, max_allowed=10, queue=144, active_workers=20/20
2025-12-30 03:49:24,721 - Knowledge - INFO - process ingested knowledge for /app/data/b2c/226177/b05376m/pwhm-226177/test/testStaStats/test_staStats.c
2025-12-30 03:49:24,735 - Knowledge - INFO - [kw14] Queue=144, InProgress=0, PendingWorkers=20/20, Completed=102/303 (33.7%)
2025-12-30 03:49:24,803 - Knowledge - INFO - Batch sizing: calculated=5, max_allowed=10, queue=144, active_workers=20/20
2025-12-30 03:49:24,896 - Knowledge - INFO - process ingested knowledge for /app/data/b2c/226177/b05376m/pwhm-226177/scripts/wld.sh
2025-12-30 03:49:24,973 - Knowledge - INFO - Worker kw4 processing /app/data/b2c/226177/b05376m/pwhm-226177/src/Utils/wld_autoNeighAdd.c
2025-12-30 03:49:25,155 - Knowledge - INFO - Worker kw8 processing /app/data/b2c/226177/b05376m/pwhm-226177/src/Utils/wld_eventing.c
2025-12-30 03:49:25,237 - Knowledge - INFO - Worker kw6 processing /app/data/b2c/226177/b05376m/pwhm-226177/src/Utils/wld_monitor.c
2025-12-30 03:49:25,348 - Knowledge - INFO - Batch sizing: calculated=5, max_allowed=10, queue=144, active_workers=20/20
2025-12-30 03:49:25,444 - Knowledge - INFO - Async storing batch of 6 embeddings
2025-12-30 03:49:25,535 - Knowledge - INFO - process ingested knowledge for /app/data/b2c/226177/b05376m/pwhm-226177/test/testStaStats/data0.txt
2025-12-30 03:49:25,606 - Knowledge - INFO - process ingested knowledge for /app/data/b2c/226177/b05376m/pwhm-226177/test/testStaStats/staUpdate.txt
2025-12-30 03:49:25,727 - Knowledge - INFO - Worker kw7 processing /app/data/b2c/226177/b05376m/pwhm-226177/src/wld_bStaMld.c
2025-12-30 03:49:25,821 - Knowledge - INFO - Async storing batch of 6 embeddings
2025-12-30 03:49:25,929 - Knowledge - INFO - process ingested knowledge for /app/data/b2c/226177/b05376m/pwhm-226177/test/bStaMLD/test_bStaMLD.c
2025-12-30 03:49:26,012 - Knowledge - INFO - Batch sizing: calculated=5, max_allowed=10, queue=144, active_workers=20/20
2025-12-30 03:49:26,115 - Knowledge - INFO - Async storing batch of 6 embeddings
2025-12-30 03:49:26,193 - Knowledge - INFO - process ingested knowledge for /app/data/b2c/226177/b05376m/pwhm-226177/scripts/debugInfo.sh
2025-12-30 03:49:26,298 - Knowledge - INFO - Async storage completed for 6 embeddings
2025-12-30 03:49:26,408 - Knowledge - INFO - Async storage completed for 6 embeddings
2025-12-30 03:49:26,494 - Knowledge - INFO - Worker kw6 processing /app/data/b2c/226177/b05376m/pwhm-226177/src/ApMgt/wld_ap_rssiMonitor.c
2025-12-30 03:49:26,579 - Knowledge - INFO - Async storing batch of 6 embeddings
2025-12-30 03:49:26,661 - Knowledge - INFO - Worker kw11 processing /app/data/b2c/226177/b05376m/pwhm-226177/src/ApMgt/wld_ap_mldConfig.c
2025-12-30 03:49:26,932 - Knowledge - INFO - Async storage completed for 6 embeddings
2025-12-30 03:49:27,012 - Knowledge - INFO - Worker kw12 processing /app/data/b2c/226177/b05376m/pwhm-226177/src/ApMgt/wld_ap_security.c
2025-12-30 03:49:27,284 - Knowledge - INFO - Worker kw13 processing /app/data/b2c/226177/b05376m/pwhm-226177/src/EpMgt/wld_tinyRoam.c
2025-12-30 03:49:27,397 - Knowledge - INFO - Async storing batch of 6 embeddings
2025-12-30 03:49:27,527 - Knowledge - INFO - Split /app/data/b2c/226177/b05376m/pwhm-226177/src/nl80211/wld_hostapd_cfgFile.c (66075 bytes) into 3 chunks of ~32KB
2025-12-30 03:49:27,606 - Knowledge - INFO - process ingested knowledge for /app/data/b2c/226177/b05376m/pwhm-226177/scripts/debug_wifi.sh
2025-12-30 03:49:27,662 - Knowledge - INFO - Worker kw6 processing /app/data/b2c/226177/b05376m/pwhm-226177/src/ApMgt/wld_ap_rrm.c
2025-12-30 03:49:27,772 - Knowledge - INFO - Worker kw9 processing /app/data/b2c/226177/b05376m/pwhm-226177/src/wld_radioOperatingStandards.c
2025-12-30 03:49:27,859 - Knowledge - INFO - Worker kw11 processing /app/data/b2c/226177/b05376m/pwhm-226177/src/ApMgt/wld_ap_macfilter.c
2025-12-30 03:49:28,021 - Knowledge - INFO - Worker kw12 processing /app/data/b2c/226177/b05376m/pwhm-226177/src/wld_epMld.c
2025-12-30 03:49:28,104 - Knowledge - INFO - Worker kw13 processing /app/data/b2c/226177/b05376m/pwhm-226177/src/EpMgt/wld_epMgmt.c
2025-12-30 03:49:28,195 - Knowledge - INFO - Worker kw14 processing /app/data/b2c/226177/b05376m/pwhm-226177/src/Plugin/wifiGen_eventHandlers.c
2025-12-30 03:49:28,446 - Knowledge - INFO - Async storage completed for 6 embeddings
2025-12-30 03:49:28,463 - Knowledge - INFO - [kw10] Queue=119, InProgress=0, PendingWorkers=20/20, Completed=102/303 (33.7%)
2025-12-30 03:49:28,562 - Knowledge - INFO - Worker kw9 processing /app/data/b2c/226177/b05376m/pwhm-226177/src/Features/persist/wld_persist_on.c
2025-12-30 03:49:28,664 - Knowledge - INFO - Worker kw11 processing /app/data/b2c/226177/b05376m/pwhm-226177/src/ApMgt/wld_ap_neighbours.c
2025-12-30 03:49:28,742 - Knowledge - INFO - Worker kw12 processing /app/data/b2c/226177/b05376m/pwhm-226177/src/wld_util.c
2025-12-30 03:49:28,842 - Knowledge - INFO - [kw15] Queue=119, InProgress=0, PendingWorkers=20/20, Completed=102/303 (33.7%)
2025-12-30 03:49:28,845 - Knowledge - INFO - Worker kw13 processing /app/data/b2c/226177/b05376m/pwhm-226177/src/EpMgt/wld_epProfile.c
2025-12-30 03:49:28,975 - Knowledge - INFO - Worker kw14 processing /app/data/b2c/226177/b05376m/pwhm-226177/src/Plugin/wifiGen.c
2025-12-30 03:49:29,086 - Knowledge - INFO - [kw16] Queue=119, InProgress=0, PendingWorkers=20/20, Completed=102/303 (33.7%)
2025-12-30 03:49:29,158 - Knowledge - INFO - Batch sizing: calculated=5, max_allowed=10, queue=119, active_workers=20/20
2025-12-30 03:49:29,249 - Knowledge - INFO - Worker kw9 processing /app/data/b2c/226177/b05376m/pwhm-226177/src/Features/persist/wld_persist_off.c
2025-12-30 03:49:29,348 - Knowledge - INFO - Worker kw11 processing /app/data/b2c/226177/b05376m/pwhm-226177/src/ApMgt/wld_apMgmt.c
2025-12-30 03:49:29,422 - Knowledge - INFO - Worker kw12 processing /app/data/b2c/226177/b05376m/pwhm-226177/src/wld_apMld.c
2025-12-30 03:49:29,520 - Knowledge - INFO - Batch sizing: calculated=5, max_allowed=10, queue=119, active_workers=20/20
2025-12-30 03:49:29,537 - Knowledge - INFO - [kw17] Queue=119, InProgress=0, PendingWorkers=20/20, Completed=102/303 (33.7%)
2025-12-30 03:49:29,877 - Knowledge - INFO - Worker kw13 processing /app/data/b2c/226177/b05376m/pwhm-226177/src/EpMgt/wld_tinyRoam_bus.c
2025-12-30 03:49:29,972 - Knowledge - INFO - Worker kw14 processing /app/data/b2c/226177/b05376m/pwhm-226177/src/Plugin/wifiGen_hapd.c
2025-12-30 03:49:30,050 - Knowledge - INFO - Batch sizing: calculated=5, max_allowed=10, queue=119, active_workers=20/20
2025-12-30 03:49:30,139 - Knowledge - INFO - Async storing batch of 6 embeddings
2025-12-30 03:49:30,240 - Knowledge - INFO - Worker kw9 processing /app/data/b2c/226177/b05376m/pwhm-226177/src/Plugin/wifiGen_rad.c
2025-12-30 03:49:30,370 - Knowledge - INFO - Worker kw11 processing /app/data/b2c/226177/b05376m/pwhm-226177/src/ApMgt/wld_ap_bss_transfer.c
2025-12-30 03:49:30,452 - Knowledge - INFO - Worker kw12 processing /app/data/b2c/226177/b05376m/pwhm-226177/src/wld_functionTable.c
2025-12-30 03:49:30,544 - Knowledge - INFO - Async storing batch of 6 embeddings
2025-12-30 03:49:30,621 - Knowledge - INFO - Batch sizing: calculated=5, max_allowed=10, queue=119, active_workers=20/20
2025-12-30 03:49:30,720 - Knowledge - INFO - Worker kw13 processing /app/data/b2c/226177/b05376m/pwhm-226177/src/wld_accesspoint.c
2025-12-30 03:49:30,821 - Knowledge - INFO - Worker kw14 processing /app/data/b2c/226177/b05376m/pwhm-226177/src/Plugin/wifiGen_mld.c
2025-12-30 03:49:30,905 - Knowledge - INFO - Async storing batch of 6 embeddings
2025-12-30 03:49:31,000 - Knowledge - INFO - Worker kw10 processing /app/data/b2c/226177/b05376m/pwhm-226177/src/Plugin/wifiGen_ep.c
2025-12-30 03:49:31,081 - Knowledge - INFO - Worker kw9 processing /app/data/b2c/226177/b05376m/pwhm-226177/src/Plugin/wifiGen_vap.c
2025-12-30 03:49:31,194 - Knowledge - INFO - Async storage completed for 6 embeddings
2025-12-30 03:49:31,306 - Knowledge - INFO - Async storage completed for 6 embeddings
2025-12-30 03:49:31,385 - Knowledge - INFO - Worker kw15 processing /app/data/b2c/226177/b05376m/pwhm-226177/src/RadMgt/wld_rad_ifMgt.c
2025-12-30 03:49:31,463 - Knowledge - INFO - Async storing batch of 6 embeddings
2025-12-30 03:49:31,569 - Knowledge - INFO - Fast-tracked /app/data/b2c/226177/b05376m/pwhm-226177/src/wld_accesspoint.c (ext=.c, size=122908)
2025-12-30 03:49:31,671 - Knowledge - INFO - Worker kw14 processing /app/data/b2c/226177/b05376m/pwhm-226177/src/Plugin/wld_plugin.c
2025-12-30 03:49:31,871 - Knowledge - INFO - Worker kw16 processing /app/data/b2c/226177/b05376m/pwhm-226177/src/RadMgt/wld_rad_macCfg.c
2025-12-30 03:49:31,987 - Knowledge - INFO - Worker kw10 processing /app/data/b2c/226177/b05376m/pwhm-226177/src/Plugin/wifiGen_wpaSupp.c
2025-12-30 03:49:32,087 - Knowledge - INFO - Async storage completed for 6 embeddings
2025-12-30 03:49:32,368 - Knowledge - INFO - Worker kw15 processing /app/data/b2c/226177/b05376m/pwhm-226177/src/RadMgt/wld_rad_caps.c
2025-12-30 03:49:32,469 - Knowledge - INFO - Worker kw17 processing /app/data/b2c/226177/b05376m/pwhm-226177/include/wld/wld_wpaCtrlGSock.h
2025-12-30 03:49:32,583 - Knowledge - INFO - Async storage completed for 6 embeddings
2025-12-30 03:49:32,678 - Knowledge - INFO - Async storage completed for 6 embeddings
2025-12-30 03:49:32,791 - Knowledge - INFO - Worker kw16 processing /app/data/b2c/226177/b05376m/pwhm-226177/src/RadMgt/wld_rad_fsm.c
2025-12-30 03:49:32,883 - Knowledge - INFO - Worker kw10 processing /app/data/b2c/226177/b05376m/pwhm-226177/src/Plugin/wifiGen_zwdfs.c
2025-12-30 03:49:33,132 - Knowledge - INFO - Worker kw15 processing /app/data/b2c/226177/b05376m/pwhm-226177/src/RadMgt/wld_rad_scan.c
2025-12-30 03:49:33,280 - Knowledge - INFO - Worker kw17 processing /app/data/b2c/226177/b05376m/pwhm-226177/include/wld/wld_daemon.h
2025-12-30 03:49:33,495 - Knowledge - INFO - Split /app/data/b2c/226177/b05376m/pwhm-226177/src/Plugin/wifiGen_eventHandlers.c (74561 bytes) into 3 chunks of ~32KB
2025-12-30 03:49:33,581 - Knowledge - INFO - Worker kw16 processing /app/data/b2c/226177/b05376m/pwhm-226177/src/RadMgt/wld_rad_stamon.c
2025-12-30 03:49:33,662 - Knowledge - INFO - Worker kw10 processing /app/data/b2c/226177/b05376m/pwhm-226177/src/Plugin/wifiGen_radIfMgt.c
2025-12-30 03:49:33,744 - Knowledge - INFO - Worker kw15 processing /app/data/b2c/226177/b05376m/pwhm-226177/src/RadMgt/wld_rad_delayMgr.c
2025-12-30 03:49:33,829 - Knowledge - INFO - Worker kw17 processing /app/data/b2c/226177/b05376m/pwhm-226177/include/wld/wld_accesspoint.h
2025-12-30 03:49:34,006 - Knowledge - INFO - Worker kw16 processing /app/data/b2c/226177/b05376m/pwhm-226177/src/wld_assocdev.c
2025-12-30 03:49:34,100 - Knowledge - INFO - Worker kw10 processing /app/data/b2c/226177/b05376m/pwhm-226177/src/Plugin/wifiGen_fsm.c
2025-12-30 03:49:34,188 - Knowledge - INFO - Worker kw15 processing /app/data/b2c/226177/b05376m/pwhm-226177/src/RadMgt/wld_rad_evtHandler.c
2025-12-30 03:49:34,283 - Knowledge - INFO - Worker kw17 processing /app/data/b2c/226177/b05376m/pwhm-226177/include/wld/wld_wpaSupp_parser.h
2025-12-30 03:49:34,404 - Knowledge - INFO - Worker kw16 processing /app/data/b2c/226177/b05376m/pwhm-226177/include/wld/wld_vendorModule.h
2025-12-30 03:49:34,489 - Knowledge - INFO - Async storage completed for 6 embeddings
2025-12-30 03:49:34,654 - Knowledge - INFO - Async storage completed for 6 embeddings
2025-12-30 03:49:34,722 - Knowledge - INFO - Worker kw17 processing /app/data/b2c/226177/b05376m/pwhm-226177/include/wld/wld_nl80211_debug.h
2025-12-30 03:49:34,878 - Knowledge - INFO - Async storage completed for 6 embeddings
2025-12-30 03:49:35,171 - Knowledge - INFO - Async storage completed for 6 embeddings
2025-12-30 03:49:39,044 - Knowledge - INFO - [LLM_CALL] Completed: wld_statsmon.c:chunk1, Duration: 23669ms, PromptTokens: 6302, CompletionTokens: 531, Cost: $0.00084
2025-12-30 03:49:39,240 - Knowledge - INFO - done ingest for /app/data/b2c/226177/b05376m/pwhm-226177/src/wld_statsmon.c
2025-12-30 03:49:48,460 - Knowledge - INFO - [LLM_CALL] Completed: wld_vendorModule_mgr.c:chunk1, Duration: 25487ms, PromptTokens: 8020, CompletionTokens: 1289, Cost: $0.00132
2025-12-30 03:49:48,635 - Knowledge - INFO - done ingest for /app/data/b2c/226177/b05376m/pwhm-226177/src/VendorModule/wld_vendorModule_mgr.c
2025-12-30 03:49:59,671 - Knowledge - INFO - [LLM_CALL] Completed: wld.c:chunk1, Duration: 42073ms, PromptTokens: 19212, CompletionTokens: 2647, Cost: $0.00298
2025-12-30 03:49:59,861 - Knowledge - INFO - done ingest for /app/data/b2c/226177/b05376m/pwhm-226177/src/wld.c
2025-12-30 03:50:09,500 - Knowledge - INFO - [LLM_CALL] Completed: wld_wpaSupp_cfgFile.c:chunk1, Duration: 49669ms, PromptTokens: 11304, CompletionTokens: 1160, Cost: $0.00159
2025-12-30 03:50:09,772 - Knowledge - INFO - done ingest for /app/data/b2c/226177/b05376m/pwhm-226177/src/nl80211/wld_wpaSupp_cfgFile.c
2025-12-30 03:50:17,557 - Knowledge - INFO - [LLM_CALL] Completed: wld_nl80211_events.c:chunk1, Duration: 49910ms, PromptTokens: 15584, CompletionTokens: 1177, Cost: $0.00203
2025-12-30 03:50:17,928 - Knowledge - INFO - done ingest for /app/data/b2c/226177/b05376m/pwhm-226177/src/nl80211/wld_nl80211_events.c
2025-12-30 03:50:22,274 - Knowledge - INFO - Split /app/data/b2c/226177/b05376m/pwhm-226177/src/RadMgt/wld_rad_scan.c (75036 bytes) into 3 chunks of ~32KB
2025-12-30 03:50:23,447 - Knowledge - INFO - Split /app/data/b2c/226177/b05376m/pwhm-226177/src/nl80211/wld_nl80211_parser.c (74517 bytes) into 3 chunks of ~32KB
2025-12-30 03:50:26,677 - Knowledge - INFO - Split /app/data/b2c/226177/b05376m/pwhm-226177/src/wld_util.c (95050 bytes) into 3 chunks of ~32KB
2025-12-30 03:50:26,905 - Knowledge - INFO - [LLM_CALL] Completed: wld_mld.c:chunk1, Duration: 66996ms, PromptTokens: 17582, CompletionTokens: 8000, Cost: $0.00496
2025-12-30 03:50:27,140 - Knowledge - ERROR - Failed to parse LLM response as JSON for /app/data/b2c/226177/b05376m/pwhm-226177/src/wld_mld.c, chunk 1
2025-12-30 03:50:27,405 - Knowledge - INFO - done ingest for /app/data/b2c/226177/b05376m/pwhm-226177/src/wld_mld.c
2025-12-30 03:50:29,464 - Knowledge - INFO - Processing batch of 6 files
2025-12-30 03:50:29,714 - Knowledge - INFO - process ingested knowledge for /app/data/b2c/226177/b05376m/pwhm-226177/scripts/Plugin/wld_gen.sh
2025-12-30 03:50:30,006 - Knowledge - INFO - process ingested knowledge for /app/data/b2c/226177/b05376m/pwhm-226177/src/wld_statsmon.c
2025-12-30 03:50:30,364 - Knowledge - INFO - process ingested knowledge for /app/data/b2c/226177/b05376m/pwhm-226177/src/wld_endpoint.c
2025-12-30 03:50:30,560 - Knowledge - INFO - process ingested knowledge for /app/data/b2c/226177/b05376m/pwhm-226177/src/wld.c
2025-12-30 03:50:30,833 - Knowledge - INFO - process ingested knowledge for /app/data/b2c/226177/b05376m/pwhm-226177/src/wld_mld.c
2025-12-30 03:50:31,125 - Knowledge - INFO - process ingested knowledge for /app/data/b2c/226177/b05376m/pwhm-226177/src/VendorModule/wld_vendorModule_mgr.c
2025-12-30 03:50:33,145 - Knowledge - INFO - [LLM_CALL] Completed: wld_secDmnGrp.c:chunk1, Duration: 75450ms, PromptTokens: 22716, CompletionTokens: 2242, Cost: $0.00317
2025-12-30 03:50:33,412 - Knowledge - INFO - done ingest for /app/data/b2c/226177/b05376m/pwhm-226177/src/nl80211/wld_secDmnGrp.c
2025-12-30 03:50:33,948 - Knowledge - INFO - [kw18] Queue=99, InProgress=0, PendingWorkers=20/20, Completed=108/303 (35.6%)
2025-12-30 03:50:34,191 - Knowledge - INFO - Batch sizing: calculated=4, max_allowed=10, queue=99, active_workers=20/20
2025-12-30 03:50:34,441 - Knowledge - INFO - Async storing batch of 6 embeddings
2025-12-30 03:50:34,673 - Knowledge - INFO - Worker kw18 processing /app/data/b2c/226177/b05376m/pwhm-226177/include/wld/wld_radioOperatingStandards.h
2025-12-30 03:50:34,921 - Knowledge - INFO - Worker kw18 processing /app/data/b2c/226177/b05376m/pwhm-226177/include/wld/wld_rad_nl80211.h
2025-12-30 03:50:35,205 - Knowledge - INFO - Worker kw18 processing /app/data/b2c/226177/b05376m/pwhm-226177/include/wld/wld_hostapd_ap_api.h
2025-12-30 03:50:35,575 - Knowledge - INFO - Worker kw18 processing /app/data/b2c/226177/b05376m/pwhm-226177/include/wld/wld_rad_stamon.h
2025-12-30 03:50:38,063 - Knowledge - INFO - [LLM_CALL] Completed: wld_vendorModule.c:chunk1, Duration: 84313ms, PromptTokens: 8408, CompletionTokens: 1187, Cost: $0.00132
2025-12-30 03:50:38,362 - Knowledge - INFO - done ingest for /app/data/b2c/226177/b05376m/pwhm-226177/src/VendorModule/wld_vendorModule.c
2025-12-30 03:50:40,905 - Knowledge - INFO - [LLM_CALL] Completed: wld_wpaCtrlConnection.c:chunk1, Duration: 73786ms, PromptTokens: 11036, CompletionTokens: 803, Cost: $0.00142
2025-12-30 03:50:41,326 - Knowledge - INFO - done ingest for /app/data/b2c/226177/b05376m/pwhm-226177/src/nl80211/wld_wpaCtrlConnection.c
2025-12-30 03:50:41,866 - Knowledge - INFO - [LLM_CALL] Completed: wld_wpaSupp_ep_api.c:chunk1, Duration: 86493ms, PromptTokens: 14092, CompletionTokens: 1763, Cost: $0.00211
2025-12-30 03:50:42,174 - Knowledge - INFO - done ingest for /app/data/b2c/226177/b05376m/pwhm-226177/src/nl80211/wld_wpaSupp_ep_api.c
2025-12-30 03:50:42,884 - Knowledge - INFO - [LLM_CALL] Completed: wld_hostapd_cfgManager.c:chunk1, Duration: 79910ms, PromptTokens: 11080, CompletionTokens: 1274, Cost: $0.00162
2025-12-30 03:50:43,159 - Knowledge - INFO - done ingest for /app/data/b2c/226177/b05376m/pwhm-226177/src/nl80211/wld_hostapd_cfgManager.c
2025-12-30 03:50:43,224 - Knowledge - INFO - Split /app/data/b2c/226177/b05376m/pwhm-226177/src/nl80211/wld_hostapd_ap_api.c (75023 bytes) into 3 chunks of ~32KB
2025-12-30 03:50:52,941 - Knowledge - WARNING - Timeout processing /app/data/b2c/226177/b05376m/pwhm-226177/src/nl80211/wld_nl80211_parser.c after 90s - using fallback metadata
2025-12-30 03:50:53,210 - Knowledge - WARNING - Timeout processing /app/data/b2c/226177/b05376m/pwhm-226177/src/nl80211/wld_ep_nl80211.c after 90s - using fallback metadata
2025-12-30 03:50:53,465 - Knowledge - WARNING - Timeout processing /app/data/b2c/226177/b05376m/pwhm-226177/src/nl80211/wld_wpaSupp_cfgManager.c after 90s - using fallback metadata
2025-12-30 03:50:53,715 - Knowledge - WARNING - Timeout processing /app/data/b2c/226177/b05376m/pwhm-226177/src/nl80211/wld_secDmn.c after 90s - using fallback metadata
2025-12-30 03:50:54,016 - Knowledge - WARNING - Timeout processing /app/data/b2c/226177/b05376m/pwhm-226177/src/nl80211/wld_nl80211_scan.c after 90s - using fallback metadata
2025-12-30 03:50:54,493 - Knowledge - WARNING - Timeout processing /app/data/b2c/226177/b05376m/pwhm-226177/src/nl80211/wld_nl80211_api.c after 90s - using fallback metadata
2025-12-30 03:50:54,720 - Knowledge - INFO - Processing batch of 5 files
2025-12-30 03:50:54,929 - Knowledge - INFO - Processing batch of 5 files
2025-12-30 03:50:55,013 - Knowledge - INFO - process ingested knowledge for /app/data/b2c/226177/b05376m/pwhm-226177/src/nl80211/wld_ep_nl80211.c
2025-12-30 03:50:55,117 - Knowledge - INFO - process ingested knowledge for /app/data/b2c/226177/b05376m/pwhm-226177/src/nl80211/wld_wpaSupp_ep_api.c
2025-12-30 03:50:55,321 - Knowledge - INFO - process ingested knowledge for /app/data/b2c/226177/b05376m/pwhm-226177/src/nl80211/wld_wpaSupp_cfgManager.c
2025-12-30 03:50:55,559 - Knowledge - INFO - process ingested knowledge for /app/data/b2c/226177/b05376m/pwhm-226177/src/nl80211/wld_secDmnGrp.c
2025-12-30 03:50:55,674 - Knowledge - INFO - process ingested knowledge for /app/data/b2c/226177/b05376m/pwhm-226177/src/nl80211/wld_secDmn.c
2025-12-30 03:50:55,801 - Knowledge - INFO - process ingested knowledge for /app/data/b2c/226177/b05376m/pwhm-226177/src/nl80211/wld_wpaSupp_cfgFile.c
2025-12-30 03:50:56,285 - Knowledge - INFO - process ingested knowledge for /app/data/b2c/226177/b05376m/pwhm-226177/src/nl80211/wld_nl80211_scan.c
2025-12-30 03:50:56,391 - Knowledge - INFO - process ingested knowledge for /app/data/b2c/226177/b05376m/pwhm-226177/src/nl80211/wld_nl80211_api.c
2025-12-30 03:50:56,517 - Knowledge - INFO - process ingested knowledge for /app/data/b2c/226177/b05376m/pwhm-226177/src/nl80211/wld_nl80211_parser.c
2025-12-30 03:50:56,626 - Knowledge - INFO - process ingested knowledge for /app/data/b2c/226177/b05376m/pwhm-226177/src/nl80211/wld_nl80211_events.c
2025-12-30 03:50:59,345 - Knowledge - INFO - Split /app/data/b2c/226177/b05376m/pwhm-226177/src/wld_assocdev.c (98540 bytes) into 4 chunks of ~32KB
2025-12-30 03:50:59,389 - Knowledge - INFO - [LLM_CALL] Completed: wld_wpaCtrl_events.c:chunk1, Duration: 97964ms, PromptTokens: 30962, CompletionTokens: 1496, Cost: $0.00369
2025-12-30 03:50:59,637 - Knowledge - INFO - done ingest for /app/data/b2c/226177/b05376m/pwhm-226177/src/nl80211/wld_wpaCtrl_events.c
2025-12-30 03:50:59,637 - Knowledge - INFO - [WEBSOCKET] Sent: Type=progress_update, Size: 292, Duration: 0ms
2025-12-30 03:50:59,806 - Knowledge - WARNING - Timeout processing /app/data/b2c/226177/b05376m/pwhm-226177/src/wld_bStaMld.c after 90s - using fallback metadata
2025-12-30 03:50:59,885 - Knowledge - WARNING - Timeout processing /app/data/b2c/226177/b05376m/pwhm-226177/src/wld_ssid.c after 90s - using fallback metadata
2025-12-30 03:50:59,934 - Knowledge - INFO - [kw20] Queue=95, InProgress=0, PendingWorkers=20/20, Completed=118/303 (38.9%)
2025-12-30 03:50:59,935 - Knowledge - INFO - [WEBSOCKET] Sent: Type=unknown, Size: ?, Duration: 298ms
2025-12-30 03:51:00,019 - Knowledge - WARNING - Timeout processing /app/data/b2c/226177/b05376m/pwhm-226177/src/ChannelManagement/wld_zwdfs.c after 90s - using fallback metadata
2025-12-30 03:51:00,153 - Knowledge - WARNING - Timeout processing /app/data/b2c/226177/b05376m/pwhm-226177/src/nl80211/wld_wpaCtrlMngr.c after 90s - using fallback metadata
2025-12-30 03:51:00,232 - Knowledge - INFO - Batch sizing: calculated=4, max_allowed=10, queue=95, active_workers=20/20
2025-12-30 03:51:00,356 - Knowledge - INFO - Progress: 38.9% | Files: 118/303 | Rate: 0.78 files/sec | Queue: 95
2025-12-30 03:51:00,437 - Knowledge - WARNING - Timeout processing /app/data/b2c/226177/b05376m/pwhm-226177/src/ChannelManagement/wld_bgdfs.c after 90s - using fallback metadata
2025-12-30 03:51:00,612 - Knowledge - INFO - Processing batch of 6 files
2025-12-30 03:51:00,617 - Knowledge - INFO - Async storing batch of 5 embeddings
2025-12-30 03:51:00,719 - Knowledge - INFO - [kw2] Queue=91, InProgress=0, PendingWorkers=20/20, Completed=124/303 (40.9%)
2025-12-30 03:51:00,810 - Knowledge - WARNING - Timeout processing /app/data/b2c/226177/b05376m/pwhm-226177/src/ChannelManagement/wld_channel_info.c after 90s - using fallback metadata
2025-12-30 03:51:00,911 - Knowledge - INFO - process ingested knowledge for /app/data/b2c/226177/b05376m/pwhm-226177/src/VendorModule/wld_vendorModule.c
2025-12-30 03:51:00,992 - Knowledge - INFO - Worker kw20 processing /app/data/b2c/226177/b05376m/pwhm-226177/include/wld/wld_monitor.h
2025-12-30 03:51:01,092 - Knowledge - INFO - Batch sizing: calculated=4, max_allowed=10, queue=91, active_workers=20/20
2025-12-30 03:51:01,233 - Knowledge - INFO - Processing batch of 5 files
2025-12-30 03:51:01,270 - Knowledge - INFO - process ingested knowledge for /app/data/b2c/226177/b05376m/pwhm-226177/src/wld_ssid.c
2025-12-30 03:51:01,362 - Knowledge - INFO - Worker kw20 processing /app/data/b2c/226177/b05376m/pwhm-226177/include/wld/wld_assocdev.h
2025-12-30 03:51:01,436 - Knowledge - INFO - Async storing batch of 5 embeddings
2025-12-30 03:51:01,578 - Knowledge - INFO - process ingested knowledge for /app/data/b2c/226177/b05376m/pwhm-226177/src/ChannelManagement/wld_zwdfs.c
2025-12-30 03:51:01,670 - Knowledge - INFO - process ingested knowledge for /app/data/b2c/226177/b05376m/pwhm-226177/src/nl80211/wld_wpaCtrlMngr.c
2025-12-30 03:51:01,764 - Knowledge - INFO - Worker kw20 processing /app/data/b2c/226177/b05376m/pwhm-226177/include/wld/wld_dm_trans.h
2025-12-30 03:51:01,851 - Knowledge - INFO - Worker kw2 processing /app/data/b2c/226177/b05376m/pwhm-226177/include/wld/wld_linuxIfUtils.h
2025-12-30 03:51:01,972 - Knowledge - INFO - process ingested knowledge for /app/data/b2c/226177/b05376m/pwhm-226177/src/ChannelManagement/wld_bgdfs.c
2025-12-30 03:51:02,067 - Knowledge - INFO - process ingested knowledge for /app/data/b2c/226177/b05376m/pwhm-226177/src/nl80211/wld_wpaCtrl_events.c
2025-12-30 03:51:02,208 - Knowledge - INFO - Worker kw20 processing /app/data/b2c/226177/b05376m/pwhm-226177/include/wld/wld_eventing.h
2025-12-30 03:51:02,295 - Knowledge - INFO - Worker kw2 processing /app/data/b2c/226177/b05376m/pwhm-226177/include/wld/wld_nl80211_attr.h
2025-12-30 03:51:02,418 - Knowledge - INFO - process ingested knowledge for /app/data/b2c/226177/b05376m/pwhm-226177/src/ChannelManagement/wld_channel_info.c
2025-12-30 03:51:02,493 - Knowledge - INFO - process ingested knowledge for /app/data/b2c/226177/b05376m/pwhm-226177/src/nl80211/wld_hostapd_cfgManager.c
2025-12-30 03:51:02,676 - Knowledge - INFO - Worker kw2 processing /app/data/b2c/226177/b05376m/pwhm-226177/include/wld/wld_fsm.h
2025-12-30 03:51:02,762 - Knowledge - INFO - process ingested knowledge for /app/data/b2c/226177/b05376m/pwhm-226177/src/wld_radio.c
2025-12-30 03:51:02,904 - Knowledge - INFO - process ingested knowledge for /app/data/b2c/226177/b05376m/pwhm-226177/src/nl80211/wld_wpaCtrlConnection.c
2025-12-30 03:51:03,020 - Knowledge - INFO - Worker kw2 processing /app/data/b2c/226177/b05376m/pwhm-226177/include/wld/wld_wpaCtrl_api.h
2025-12-30 03:51:03,134 - Knowledge - INFO - process ingested knowledge for /app/data/b2c/226177/b05376m/pwhm-226177/src/wld_bStaMld.c
2025-12-30 03:51:03,363 - Knowledge - WARNING - Timeout processing /app/data/b2c/226177/b05376m/pwhm-226177/src/nl80211/wld_nl80211_utils.c after 90s - using fallback metadata
2025-12-30 03:51:03,577 - Knowledge - WARNING - Timeout processing /app/data/b2c/226177/b05376m/pwhm-226177/src/nl80211/wld_rad_hostapd_api.c after 90s - using fallback metadata
2025-12-30 03:51:03,733 - Knowledge - WARNING - Timeout processing /app/data/b2c/226177/b05376m/pwhm-226177/src/nl80211/wld_hostapd_cfgFile.c after 90s - using fallback metadata
2025-12-30 03:51:03,898 - Knowledge - WARNING - Timeout processing /app/data/b2c/226177/b05376m/pwhm-226177/src/nl80211/wld_nl80211_core.c after 90s - using fallback metadata
2025-12-30 03:51:04,088 - Knowledge - WARNING - Timeout processing /app/data/b2c/226177/b05376m/pwhm-226177/src/nl80211/wld_wpaCtrlInterface.c after 90s - using fallback metadata
2025-12-30 03:51:04,151 - Knowledge - INFO - [WEBSOCKET] Sent: Type=progress_update, Size: 291, Duration: 0ms
2025-12-30 03:51:04,425 - Knowledge - INFO - [WEBSOCKET] Sent: Type=unknown, Size: ?, Duration: 274ms
2025-12-30 03:51:04,603 - Knowledge - INFO - Progress: 42.6% | Files: 130/303 | Rate: 0.83 files/sec | Queue: 87
2025-12-30 03:51:04,603 - Knowledge - INFO - [kw7] Queue=87, InProgress=0, PendingWorkers=20/20, Completed=130/303 (42.9%)
2025-12-30 03:51:04,650 - Knowledge - INFO - Processing batch of 5 files
2025-12-30 03:51:04,765 - Knowledge - INFO - [kw19] Queue=87, InProgress=0, PendingWorkers=20/20, Completed=134/303 (44.2%)
2025-12-30 03:51:04,884 - Knowledge - INFO - Batch sizing: calculated=4, max_allowed=10, queue=87, active_workers=20/20
2025-12-30 03:51:04,972 - Knowledge - INFO - process ingested knowledge for /app/data/b2c/226177/b05376m/pwhm-226177/src/nl80211/wld_rad_hostapd_api.c
2025-12-30 03:51:05,108 - Knowledge - INFO - Batch sizing: calculated=4, max_allowed=10, queue=87, active_workers=20/20
2025-12-30 03:51:05,190 - Knowledge - INFO - Async storing batch of 5 embeddings
2025-12-30 03:51:05,288 - Knowledge - INFO - process ingested knowledge for /app/data/b2c/226177/b05376m/pwhm-226177/src/nl80211/wld_hostapd_cfgFile.c
2025-12-30 03:51:05,372 - Knowledge - INFO - Async storing batch of 6 embeddings
2025-12-30 03:51:05,425 - Knowledge - WARNING - Timeout processing /app/data/b2c/226177/b05376m/pwhm-226177/src/nl80211/wld_wpaCtrlGSock.c after 90s - using fallback metadata
2025-12-30 03:51:05,449 - Knowledge - INFO - Worker kw7 processing /app/data/b2c/226177/b05376m/pwhm-226177/include/wld/wld_bgdfs.h
2025-12-30 03:51:05,537 - Knowledge - INFO - process ingested knowledge for /app/data/b2c/226177/b05376m/pwhm-226177/src/nl80211/wld_nl80211_core.c
2025-12-30 03:51:05,659 - Knowledge - INFO - Worker kw19 processing /app/data/b2c/226177/b05376m/pwhm-226177/include/wld/wld_epProfile.h
2025-12-30 03:51:05,747 - Knowledge - WARNING - Timeout processing /app/data/b2c/226177/b05376m/pwhm-226177/src/nl80211/wld_nl80211_attr.c after 90s - using fallback metadata
2025-12-30 03:51:05,870 - Knowledge - INFO - Worker kw7 processing /app/data/b2c/226177/b05376m/pwhm-226177/include/wld/wld_ap_nl80211.h
2025-12-30 03:51:05,958 - Knowledge - INFO - process ingested knowledge for /app/data/b2c/226177/b05376m/pwhm-226177/src/nl80211/wld_wpaCtrlInterface.c
2025-12-30 03:51:06,080 - Knowledge - INFO - Worker kw19 processing /app/data/b2c/226177/b05376m/pwhm-226177/include/wld/wld_nl80211.h
2025-12-30 03:51:06,197 - Knowledge - WARNING - Timeout processing /app/data/b2c/226177/b05376m/pwhm-226177/src/nl80211/wld_ssid_nl80211.c after 90s - using fallback metadata
2025-12-30 03:51:06,295 - Knowledge - INFO - Worker kw7 processing /app/data/b2c/226177/b05376m/pwhm-226177/include/wld/wld_chaninfo.h
2025-12-30 03:51:06,370 - Knowledge - INFO - process ingested knowledge for /app/data/b2c/226177/b05376m/pwhm-226177/src/nl80211/wld_nl80211_utils.c
2025-12-30 03:51:06,487 - Knowledge - INFO - Worker kw19 processing /app/data/b2c/226177/b05376m/pwhm-226177/include/wld/wld_nl80211_core.h
2025-12-30 03:51:06,576 - Knowledge - WARNING - Timeout processing /app/data/b2c/226177/b05376m/pwhm-226177/src/ChannelManagement/wld_channel.c after 90s - using fallback metadata
2025-12-30 03:51:06,715 - Knowledge - INFO - Worker kw7 processing /app/data/b2c/226177/b05376m/pwhm-226177/include/wld/wld_nl80211_utils.h
2025-12-30 03:51:06,880 - Knowledge - INFO - Worker kw19 processing /app/data/b2c/226177/b05376m/pwhm-226177/include/wld/wld_zwdfs.h
2025-12-30 03:51:06,964 - Knowledge - WARNING - Timeout processing /app/data/b2c/226177/b05376m/pwhm-226177/src/ChannelManagement/wld_chanmgt.c after 90s - using fallback metadata
2025-12-30 03:51:07,328 - Knowledge - INFO - Processing batch of 5 files
2025-12-30 03:51:07,334 - Knowledge - INFO - [WEBSOCKET] Sent: Type=progress_update, Size: 290, Duration: 0ms
2025-12-30 03:51:07,505 - Knowledge - INFO - process ingested knowledge for /app/data/b2c/226177/b05376m/pwhm-226177/src/nl80211/wld_wpaCtrlGSock.c
2025-12-30 03:51:07,602 - Knowledge - INFO - [WEBSOCKET] Sent: Type=unknown, Size: ?, Duration: 267ms
2025-12-30 03:51:07,716 - Knowledge - INFO - process ingested knowledge for /app/data/b2c/226177/b05376m/pwhm-226177/src/nl80211/wld_nl80211_attr.c
2025-12-30 03:51:07,813 - Knowledge - INFO - Split /app/data/b2c/226177/b05376m/pwhm-226177/src/Plugin/wifiGen_fsm.c (89596 bytes) into 3 chunks of ~32KB
2025-12-30 03:51:07,871 - Knowledge - INFO - Progress: 45.9% | Files: 139/303 | Rate: 0.87 files/sec | Queue: 79
2025-12-30 03:51:07,957 - Knowledge - INFO - process ingested knowledge for /app/data/b2c/226177/b05376m/pwhm-226177/src/nl80211/wld_ssid_nl80211.c
2025-12-30 03:51:08,150 - Knowledge - INFO - [kw1] Queue=79, InProgress=0, PendingWorkers=20/20, Completed=139/303 (45.9%)
2025-12-30 03:51:08,213 - Knowledge - WARNING - Timeout processing /app/data/b2c/226177/b05376m/pwhm-226177/src/Utils/wld_dmnMgt.c after 90s - using fallback metadata
2025-12-30 03:51:08,272 - Knowledge - INFO - process ingested knowledge for /app/data/b2c/226177/b05376m/pwhm-226177/src/ChannelManagement/wld_channel.c
2025-12-30 03:51:08,377 - Knowledge - INFO - Batch sizing: calculated=4, max_allowed=10, queue=79, active_workers=20/20
2025-12-30 03:51:08,458 - Knowledge - WARNING - Timeout processing /app/data/b2c/226177/b05376m/pwhm-226177/src/Utils/wld_linuxIfStats.c after 90s - using fallback metadata
2025-12-30 03:51:08,548 - Knowledge - INFO - process ingested knowledge for /app/data/b2c/226177/b05376m/pwhm-226177/src/ChannelManagement/wld_chanmgt.c
2025-12-30 03:51:08,640 - Knowledge - INFO - Async storing batch of 5 embeddings
2025-12-30 03:51:08,722 - Knowledge - WARNING - Timeout processing /app/data/b2c/226177/b05376m/pwhm-226177/src/Utils/wld_config.c after 90s - using fallback metadata
2025-12-30 03:51:08,896 - Knowledge - INFO - Worker kw1 processing /app/data/b2c/226177/b05376m/pwhm-226177/include/wld/wld_util.h
2025-12-30 03:51:08,987 - Knowledge - WARNING - Timeout processing /app/data/b2c/226177/b05376m/pwhm-226177/src/Utils/wld_daemon.c after 90s - using fallback metadata
2025-12-30 03:51:09,010 - Knowledge - WARNING - Timeout processing /app/data/b2c/226177/b05376m/pwhm-226177/src/nl80211/wld_ap_nl80211.c after 90s - using fallback metadata
2025-12-30 03:51:09,135 - Knowledge - INFO - Worker kw1 processing /app/data/b2c/226177/b05376m/pwhm-226177/include/wld/wld_apMld.h
2025-12-30 03:51:09,236 - Knowledge - WARNING - Timeout processing /app/data/b2c/226177/b05376m/pwhm-226177/src/Utils/wld_eventing.c after 90s - using fallback metadata
2025-12-30 03:51:09,334 - Knowledge - WARNING - Timeout processing /app/data/b2c/226177/b05376m/pwhm-226177/src/nl80211/wld_wpaSupp_parser.c after 90s - using fallback metadata
2025-12-30 03:51:09,358 - Knowledge - WARNING - Timeout processing /app/data/b2c/226177/b05376m/pwhm-226177/src/EpMgt/wld_tinyRoam.c after 90s - using fallback metadata
2025-12-30 03:51:09,446 - Knowledge - INFO - Worker kw1 processing /app/data/b2c/226177/b05376m/pwhm-226177/include/wld/wld_wpaCtrlInterface.h
2025-12-30 03:51:09,665 - Knowledge - WARNING - Timeout processing /app/data/b2c/226177/b05376m/pwhm-226177/src/nl80211/wld_nl80211_debug.c after 90s - using fallback metadata
2025-12-30 03:51:09,716 - Knowledge - INFO - [kw3] Queue=75, InProgress=0, PendingWorkers=20/20, Completed=141/303 (46.5%)
2025-12-30 03:51:09,742 - Knowledge - INFO - Processing batch of 5 files
2025-12-30 03:51:09,774 - Knowledge - WARNING - Timeout processing /app/data/b2c/226177/b05376m/pwhm-226177/src/EpMgt/wld_epMgmt.c after 90s - using fallback metadata
2025-12-30 03:51:09,929 - Knowledge - INFO - Worker kw1 processing /app/data/b2c/226177/b05376m/pwhm-226177/include/wld/wld_secDmn_types.h
2025-12-30 03:51:10,007 - Knowledge - WARNING - Timeout processing /app/data/b2c/226177/b05376m/pwhm-226177/src/nl80211/wld_rad_nl80211.c after 90s - using fallback metadata
2025-12-30 03:51:10,098 - Knowledge - INFO - Batch sizing: calculated=4, max_allowed=10, queue=75, active_workers=20/20
2025-12-30 03:51:10,173 - Knowledge - INFO - process ingested knowledge for /app/data/b2c/226177/b05376m/pwhm-226177/src/Utils/wld_dmnMgt.c
2025-12-30 03:51:10,251 - Knowledge - WARNING - Timeout processing /app/data/b2c/226177/b05376m/pwhm-226177/src/EpMgt/wld_epProfile.c after 90s - using fallback metadata
2025-12-30 03:51:10,490 - Knowledge - WARNING - Timeout processing /app/data/b2c/226177/b05376m/pwhm-226177/src/nl80211/wld_hostapd_ap_api.c after 90s - using fallback metadata
2025-12-30 03:51:10,605 - Knowledge - INFO - Async storing batch of 5 embeddings
2025-12-30 03:51:10,692 - Knowledge - INFO - process ingested knowledge for /app/data/b2c/226177/b05376m/pwhm-226177/src/Utils/wld_linuxIfStats.c
2025-12-30 03:51:10,780 - Knowledge - WARNING - Timeout processing /app/data/b2c/226177/b05376m/pwhm-226177/src/EpMgt/wld_tinyRoam_bus.c after 90s - using fallback metadata
2025-12-30 03:51:10,928 - Knowledge - INFO - Processing batch of 5 files
2025-12-30 03:51:10,963 - Knowledge - INFO - Worker kw3 processing /app/data/b2c/226177/b05376m/pwhm-226177/include/wld/wld_linuxIfStats.h
2025-12-30 03:51:11,079 - Knowledge - INFO - process ingested knowledge for /app/data/b2c/226177/b05376m/pwhm-226177/src/Utils/wld_config.c
2025-12-30 03:51:11,235 - Knowledge - INFO - Processing batch of 5 files
2025-12-30 03:51:11,306 - Knowledge - INFO - process ingested knowledge for /app/data/b2c/226177/b05376m/pwhm-226177/src/nl80211/wld_ap_nl80211.c
2025-12-30 03:51:11,415 - Knowledge - INFO - Worker kw3 processing /app/data/b2c/226177/b05376m/pwhm-226177/include/wld/wld_wps.h
2025-12-30 03:51:11,492 - Knowledge - INFO - process ingested knowledge for /app/data/b2c/226177/b05376m/pwhm-226177/src/Utils/wld_daemon.c
2025-12-30 03:51:11,617 - Knowledge - INFO - process ingested knowledge for /app/data/b2c/226177/b05376m/pwhm-226177/src/EpMgt/wld_tinyRoam.c
2025-12-30 03:51:11,714 - Knowledge - INFO - process ingested knowledge for /app/data/b2c/226177/b05376m/pwhm-226177/src/nl80211/wld_wpaSupp_parser.c
2025-12-30 03:51:11,793 - Knowledge - INFO - Worker kw3 processing /app/data/b2c/226177/b05376m/pwhm-226177/include/wld/wld_nl80211_events.h
2025-12-30 03:51:11,882 - Knowledge - INFO - process ingested knowledge for /app/data/b2c/226177/b05376m/pwhm-226177/src/Utils/wld_eventing.c
2025-12-30 03:51:11,994 - Knowledge - INFO - process ingested knowledge for /app/data/b2c/226177/b05376m/pwhm-226177/src/EpMgt/wld_epMgmt.c
2025-12-30 03:51:12,074 - Knowledge - INFO - process ingested knowledge for /app/data/b2c/226177/b05376m/pwhm-226177/src/nl80211/wld_nl80211_debug.c
2025-12-30 03:51:12,173 - Knowledge - INFO - Worker kw3 processing /app/data/b2c/226177/b05376m/pwhm-226177/include/wld/wld_ep_nl80211.h
2025-12-30 03:51:12,352 - Knowledge - INFO - process ingested knowledge for /app/data/b2c/226177/b05376m/pwhm-226177/src/EpMgt/wld_epProfile.c
2025-12-30 03:51:12,592 - Knowledge - INFO - process ingested knowledge for /app/data/b2c/226177/b05376m/pwhm-226177/src/nl80211/wld_rad_nl80211.c
2025-12-30 03:51:12,606 - Knowledge - INFO - process ingested knowledge for /app/data/b2c/226177/b05376m/pwhm-226177/src/EpMgt/wld_tinyRoam_bus.c
2025-12-30 03:51:12,757 - Knowledge - INFO - process ingested knowledge for /app/data/b2c/226177/b05376m/pwhm-226177/src/nl80211/wld_hostapd_ap_api.c
2025-12-30 03:51:12,924 - Knowledge - INFO - process ingested knowledge for /app/data/b2c/226177/b05376m/pwhm-226177/src/wld_accesspoint.c
2025-12-30 03:51:13,170 - Knowledge - INFO - [WEBSOCKET] Sent: Type=progress_update, Size: 292, Duration: 0ms
2025-12-30 03:51:13,330 - Knowledge - INFO - [WEBSOCKET] Sent: Type=unknown, Size: ?, Duration: 159ms
2025-12-30 03:51:13,526 - Knowledge - INFO - Progress: 50.8% | Files: 154/303 | Rate: 0.93 files/sec | Queue: 71
2025-12-30 03:51:13,702 - Knowledge - WARNING - Timeout processing /app/data/b2c/226177/b05376m/pwhm-226177/src/Utils/wld_linuxIfUtils.c after 90s - using fallback metadata
2025-12-30 03:51:13,865 - Knowledge - INFO - [kw8] Queue=71, InProgress=0, PendingWorkers=20/20, Completed=154/303 (50.8%)
2025-12-30 03:51:13,900 - Knowledge - WARNING - Timeout processing /app/data/b2c/226177/b05376m/pwhm-226177/src/Utils/wld_autoCommitMgr.c after 90s - using fallback metadata
2025-12-30 03:51:13,965 - Knowledge - INFO - [kw5] Queue=71, InProgress=0, PendingWorkers=20/20, Completed=154/303 (50.8%)
2025-12-30 03:51:14,003 - Knowledge - INFO - [kw13] Queue=71, InProgress=0, PendingWorkers=20/20, Completed=154/303 (50.8%)
2025-12-30 03:51:14,068 - Knowledge - INFO - Batch sizing: calculated=4, max_allowed=10, queue=71, active_workers=20/20
2025-12-30 03:51:14,233 - Knowledge - WARNING - Timeout processing /app/data/b2c/226177/b05376m/pwhm-226177/src/Utils/wld_monitor.c after 90s - using fallback metadata
2025-12-30 03:51:14,346 - Knowledge - INFO - Batch sizing: calculated=4, max_allowed=10, queue=71, active_workers=20/20
2025-12-30 03:51:14,476 - Knowledge - INFO - Batch sizing: calculated=4, max_allowed=10, queue=71, active_workers=20/20
2025-12-30 03:51:14,578 - Knowledge - INFO - Async storing batch of 5 embeddings
2025-12-30 03:51:14,670 - Knowledge - WARNING - Timeout processing /app/data/b2c/226177/b05376m/pwhm-226177/src/ApMgt/wld_ap_rssiMonitor.c after 90s - using fallback metadata
2025-12-30 03:51:14,750 - Knowledge - INFO - Async storing batch of 5 embeddings
2025-12-30 03:51:14,837 - Knowledge - INFO - Async storing batch of 5 embeddings
2025-12-30 03:51:14,928 - Knowledge - INFO - Worker kw8 processing /app/data/b2c/226177/b05376m/pwhm-226177/include/wld/wld_wpaSupp_cfgManager.h
2025-12-30 03:51:15,028 - Knowledge - WARNING - Timeout processing /app/data/b2c/226177/b05376m/pwhm-226177/src/ApMgt/wld_ap_rrm.c after 90s - using fallback metadata
2025-12-30 03:51:15,107 - Knowledge - INFO - Worker kw5 processing /app/data/b2c/226177/b05376m/pwhm-226177/include/wld/wld_hostapd_cfgFile.h
2025-12-30 03:51:15,209 - Knowledge - INFO - Worker kw13 processing /app/data/b2c/226177/b05376m/pwhm-226177/include/wld/Utils/wld_autoCommitMgr.h
2025-12-30 03:51:15,341 - Knowledge - INFO - Worker kw8 processing /app/data/b2c/226177/b05376m/pwhm-226177/include/wld/wld_secDmn.h
2025-12-30 03:51:15,464 - Knowledge - INFO - Processing batch of 5 files
2025-12-30 03:51:15,535 - Knowledge - INFO - Worker kw5 processing /app/data/b2c/226177/b05376m/pwhm-226177/include/wld/wld_epMld.h
2025-12-30 03:51:15,653 - Knowledge - INFO - Worker kw13 processing /app/data/b2c/226177/b05376m/pwhm-226177/include/wld/Utils/wld_config.h
2025-12-30 03:51:15,741 - Knowledge - INFO - Worker kw8 processing /app/data/b2c/226177/b05376m/pwhm-226177/include/wld/wld_nl80211_types.h
2025-12-30 03:51:15,826 - Knowledge - INFO - process ingested knowledge for /app/data/b2c/226177/b05376m/pwhm-226177/src/Utils/wld_linuxIfUtils.c
2025-12-30 03:51:15,952 - Knowledge - INFO - Worker kw5 processing /app/data/b2c/226177/b05376m/pwhm-226177/include/wld/wld_chanmgt.h
2025-12-30 03:51:16,070 - Knowledge - INFO - Worker kw13 processing /app/data/b2c/226177/b05376m/pwhm-226177/include/wld/Utils/wld_autoNeighAdd.h
2025-12-30 03:51:16,188 - Knowledge - INFO - Worker kw8 processing /app/data/b2c/226177/b05376m/pwhm-226177/include/wld/wld_rad_hostapd_api.h
2025-12-30 03:51:16,280 - Knowledge - INFO - process ingested knowledge for /app/data/b2c/226177/b05376m/pwhm-226177/src/Utils/wld_autoCommitMgr.c
2025-12-30 03:51:16,394 - Knowledge - INFO - Worker kw5 processing /app/data/b2c/226177/b05376m/pwhm-226177/include/wld/wld_types.h
2025-12-30 03:51:16,473 - Knowledge - INFO - Worker kw13 processing /app/data/b2c/226177/b05376m/pwhm-226177/include/wld/Utils/wld_dmnMgt.h
2025-12-30 03:51:16,668 - Knowledge - INFO - process ingested knowledge for /app/data/b2c/226177/b05376m/pwhm-226177/src/Utils/wld_monitor.c
2025-12-30 03:51:16,924 - Knowledge - INFO - process ingested knowledge for /app/data/b2c/226177/b05376m/pwhm-226177/src/ApMgt/wld_ap_rssiMonitor.c
2025-12-30 03:51:17,136 - Knowledge - INFO - process ingested knowledge for /app/data/b2c/226177/b05376m/pwhm-226177/src/ApMgt/wld_ap_rrm.c
2025-12-30 03:51:17,979 - Knowledge - INFO - [kw6] Queue=59, InProgress=0, PendingWorkers=20/20, Completed=159/303 (52.5%)
2025-12-30 03:51:18,141 - Knowledge - INFO - Batch sizing: calculated=4, max_allowed=10, queue=59, active_workers=20/20
2025-12-30 03:51:18,312 - Knowledge - INFO - Async storing batch of 5 embeddings
2025-12-30 03:51:18,432 - Knowledge - WARNING - Timeout processing /app/data/b2c/226177/b05376m/pwhm-226177/src/Plugin/wifiGen_vap.c after 90s - using fallback metadata
2025-12-30 03:51:18,495 - Knowledge - INFO - Worker kw6 processing /app/data/b2c/226177/b05376m/pwhm-226177/include/wld/Utils/wld_autoCommitRadData.h
2025-12-30 03:51:18,641 - Knowledge - WARNING - Timeout processing /app/data/b2c/226177/b05376m/pwhm-226177/src/wld_radioOperatingStandards.c after 90s - using fallback metadata
2025-12-30 03:51:18,770 - Knowledge - INFO - Worker kw6 processing /app/data/b2c/226177/b05376m/pwhm-226177/include/wld/wld_mld.h
2025-12-30 03:51:18,854 - Knowledge - WARNING - Timeout processing /app/data/b2c/226177/b05376m/pwhm-226177/src/Features/persist/wld_persist_on.c after 90s - using fallback metadata
2025-12-30 03:51:18,973 - Knowledge - INFO - Worker kw6 processing /app/data/b2c/226177/b05376m/pwhm-226177/include/wld/wld_hostapd_cfgManager.h
2025-12-30 03:51:19,071 - Knowledge - WARNING - Timeout processing /app/data/b2c/226177/b05376m/pwhm-226177/src/Features/persist/wld_persist_off.c after 90s - using fallback metadata
2025-12-30 03:51:19,166 - Knowledge - INFO - Worker kw6 processing /app/data/b2c/226177/b05376m/pwhm-226177/include/wld/wld_wpaSupp_ep_api.h
2025-12-30 03:51:19,256 - Knowledge - WARNING - Timeout processing /app/data/b2c/226177/b05376m/pwhm-226177/src/Plugin/wifiGen_rad.c after 90s - using fallback metadata
2025-12-30 03:51:19,490 - Knowledge - INFO - Processing batch of 5 files
2025-12-30 03:51:19,685 - Knowledge - INFO - process ingested knowledge for /app/data/b2c/226177/b05376m/pwhm-226177/src/wld_radioOperatingStandards.c
2025-12-30 03:51:19,856 - Knowledge - INFO - process ingested knowledge for /app/data/b2c/226177/b05376m/pwhm-226177/src/Features/persist/wld_persist_on.c
2025-12-30 03:51:20,057 - Knowledge - INFO - process ingested knowledge for /app/data/b2c/226177/b05376m/pwhm-226177/src/Features/persist/wld_persist_off.c
2025-12-30 03:51:20,309 - Knowledge - INFO - process ingested knowledge for /app/data/b2c/226177/b05376m/pwhm-226177/src/Plugin/wifiGen_rad.c
2025-12-30 03:51:20,529 - Knowledge - INFO - process ingested knowledge for /app/data/b2c/226177/b05376m/pwhm-226177/src/Plugin/wifiGen_vap.c
2025-12-30 03:51:20,819 - Knowledge - WARNING - Timeout processing /app/data/b2c/226177/b05376m/pwhm-226177/src/ApMgt/wld_ap_security.c after 90s - using fallback metadata
2025-12-30 03:51:20,996 - Knowledge - WARNING - Timeout processing /app/data/b2c/226177/b05376m/pwhm-226177/src/wld_epMld.c after 90s - using fallback metadata
2025-12-30 03:51:21,199 - Knowledge - WARNING - Timeout processing /app/data/b2c/226177/b05376m/pwhm-226177/src/wld_util.c after 90s - using fallback metadata
2025-12-30 03:51:21,404 - Knowledge - WARNING - Timeout processing /app/data/b2c/226177/b05376m/pwhm-226177/src/wld_apMld.c after 90s - using fallback metadata
2025-12-30 03:51:21,426 - Knowledge - INFO - [WEBSOCKET] Sent: Type=progress_update, Size: 292, Duration: 0ms
2025-12-30 03:51:21,586 - Knowledge - WARNING - Timeout processing /app/data/b2c/226177/b05376m/pwhm-226177/src/wld_functionTable.c after 90s - using fallback metadata
2025-12-30 03:51:21,704 - Knowledge - INFO - [WEBSOCKET] Sent: Type=unknown, Size: ?, Duration: 278ms
2025-12-30 03:51:21,908 - Knowledge - INFO - Progress: 54.1% | Files: 165/303 | Rate: 0.95 files/sec | Queue: 55
2025-12-30 03:51:21,963 - Knowledge - INFO - Processing batch of 5 files
2025-12-30 03:51:22,130 - Knowledge - INFO - [kw9] Queue=55, InProgress=0, PendingWorkers=20/20, Completed=169/303 (55.8%)
2025-12-30 03:51:22,251 - Knowledge - INFO - process ingested knowledge for /app/data/b2c/226177/b05376m/pwhm-226177/src/ApMgt/wld_ap_security.c
2025-12-30 03:51:22,340 - Knowledge - INFO - Batch sizing: calculated=4, max_allowed=10, queue=55, active_workers=20/20
2025-12-30 03:51:22,475 - Knowledge - INFO - process ingested knowledge for /app/data/b2c/226177/b05376m/pwhm-226177/src/wld_epMld.c
2025-12-30 03:51:22,568 - Knowledge - INFO - Async storing batch of 5 embeddings
2025-12-30 03:51:22,640 - Knowledge - WARNING - Timeout processing /app/data/b2c/226177/b05376m/pwhm-226177/include/wld/wld_wpaCtrlGSock.h after 90s - using fallback metadata
2025-12-30 03:51:22,697 - Knowledge - INFO - process ingested knowledge for /app/data/b2c/226177/b05376m/pwhm-226177/src/wld_util.c
2025-12-30 03:51:22,787 - Knowledge - INFO - Worker kw9 processing /app/data/b2c/226177/b05376m/pwhm-226177/include/wld/wld_channel_types.h
2025-12-30 03:51:22,868 - Knowledge - WARNING - Timeout processing /app/data/b2c/226177/b05376m/pwhm-226177/include/wld/wld_daemon.h after 90s - using fallback metadata
2025-12-30 03:51:22,957 - Knowledge - INFO - process ingested knowledge for /app/data/b2c/226177/b05376m/pwhm-226177/src/wld_apMld.c
2025-12-30 03:51:23,076 - Knowledge - INFO - Worker kw9 processing /app/data/b2c/226177/b05376m/pwhm-226177/include/wld/wld_common.h
2025-12-30 03:51:23,175 - Knowledge - WARNING - Timeout processing /app/data/b2c/226177/b05376m/pwhm-226177/include/wld/wld_accesspoint.h after 90s - using fallback metadata
2025-12-30 03:51:23,260 - Knowledge - INFO - process ingested knowledge for /app/data/b2c/226177/b05376m/pwhm-226177/src/wld_functionTable.c
2025-12-30 03:51:23,382 - Knowledge - INFO - Worker kw9 processing /app/data/b2c/226177/b05376m/pwhm-226177/include/wld/wld_statsmon.h
2025-12-30 03:51:23,452 - Knowledge - WARNING - Timeout processing /app/data/b2c/226177/b05376m/pwhm-226177/include/wld/wld_wpaSupp_parser.h after 90s - using fallback metadata
2025-12-30 03:51:23,673 - Knowledge - INFO - Worker kw9 processing /app/data/b2c/226177/b05376m/pwhm-226177/include/wld/wld_nl80211_compat.h
2025-12-30 03:51:23,760 - Knowledge - WARNING - Timeout processing /app/data/b2c/226177/b05376m/pwhm-226177/include/wld/wld_nl80211_debug.h after 90s - using fallback metadata
2025-12-30 03:51:24,009 - Knowledge - WARNING - Timeout processing /app/data/b2c/226177/b05376m/pwhm-226177/src/wld_sensing.c after 90s - using fallback metadata
2025-12-30 03:51:24,101 - Knowledge - INFO - Processing batch of 5 files
2025-12-30 03:51:24,232 - Knowledge - WARNING - Timeout processing /app/data/b2c/226177/b05376m/pwhm-226177/src/wld_wps.c after 90s - using fallback metadata
2025-12-30 03:51:24,240 - Knowledge - INFO - [kw12] Queue=51, InProgress=0, PendingWorkers=20/20, Completed=174/303 (57.4%)
2025-12-30 03:51:24,311 - Knowledge - INFO - process ingested knowledge for /app/data/b2c/226177/b05376m/pwhm-226177/include/wld/wld_wpaCtrlGSock.h
2025-12-30 03:51:24,406 - Knowledge - WARNING - Timeout processing /app/data/b2c/226177/b05376m/pwhm-226177/src/Utils/wld_linuxWExtUtils.c after 90s - using fallback metadata
2025-12-30 03:51:24,513 - Knowledge - INFO - Batch sizing: calculated=4, max_allowed=10, queue=51, active_workers=20/20
2025-12-30 03:51:24,624 - Knowledge - INFO - process ingested knowledge for /app/data/b2c/226177/b05376m/pwhm-226177/include/wld/wld_daemon.h
2025-12-30 03:51:24,716 - Knowledge - WARNING - Timeout processing /app/data/b2c/226177/b05376m/pwhm-226177/src/Utils/wld_extMod.c after 90s - using fallback metadata
2025-12-30 03:51:24,796 - Knowledge - INFO - Async storing batch of 5 embeddings
2025-12-30 03:51:24,890 - Knowledge - INFO - process ingested knowledge for /app/data/b2c/226177/b05376m/pwhm-226177/include/wld/wld_accesspoint.h
2025-12-30 03:51:25,009 - Knowledge - WARNING - Timeout processing /app/data/b2c/226177/b05376m/pwhm-226177/src/Utils/wld_autoNeighAdd.c after 90s - using fallback metadata
2025-12-30 03:51:25,107 - Knowledge - INFO - Worker kw12 processing /app/data/b2c/226177/b05376m/pwhm-226177/include/wld/wld_linuxWExtUtils.h
2025-12-30 03:51:25,182 - Knowledge - INFO - process ingested knowledge for /app/data/b2c/226177/b05376m/pwhm-226177/include/wld/wld_wpaSupp_parser.h
2025-12-30 03:51:25,204 - Knowledge - WARNING - Timeout processing /app/data/b2c/226177/b05376m/pwhm-226177/src/Plugin/wifiGen_ep.c after 90s - using fallback metadata
2025-12-30 03:51:25,329 - Knowledge - INFO - Processing batch of 5 files
2025-12-30 03:51:25,395 - Knowledge - INFO - Worker kw12 processing /app/data/b2c/226177/b05376m/pwhm-226177/include/wld/wld_vendorModule_mgr.h
2025-12-30 03:51:25,516 - Knowledge - INFO - process ingested knowledge for /app/data/b2c/226177/b05376m/pwhm-226177/include/wld/wld_nl80211_debug.h
2025-12-30 03:51:25,600 - Knowledge - WARNING - Timeout processing /app/data/b2c/226177/b05376m/pwhm-226177/src/Plugin/wifiGen_wpaSupp.c after 90s - using fallback metadata
2025-12-30 03:51:25,740 - Knowledge - INFO - process ingested knowledge for /app/data/b2c/226177/b05376m/pwhm-226177/src/wld_sensing.c
2025-12-30 03:51:25,842 - Knowledge - INFO - Worker kw12 processing /app/data/b2c/226177/b05376m/pwhm-226177/include/wld/wld_channel.h
2025-12-30 03:51:26,021 - Knowledge - WARNING - Timeout processing /app/data/b2c/226177/b05376m/pwhm-226177/src/Plugin/wifiGen_zwdfs.c after 90s - using fallback metadata
2025-12-30 03:51:26,159 - Knowledge - INFO - process ingested knowledge for /app/data/b2c/226177/b05376m/pwhm-226177/src/wld_wps.c
2025-12-30 03:51:26,256 - Knowledge - WARNING - Timeout processing /app/data/b2c/226177/b05376m/pwhm-226177/src/RadMgt/wld_rad_ifMgt.c after 90s - using fallback metadata
2025-12-30 03:51:26,258 - Knowledge - INFO - Worker kw12 processing /app/data/b2c/226177/b05376m/pwhm-226177/include/wld/wld_ap_rssiMonitor.h
2025-12-30 03:51:26,335 - Knowledge - WARNING - Timeout processing /app/data/b2c/226177/b05376m/pwhm-226177/src/Plugin/wifiGen_radIfMgt.c after 90s - using fallback metadata
2025-12-30 03:51:26,445 - Knowledge - WARNING - Timeout processing /app/data/b2c/226177/b05376m/pwhm-226177/src/RadMgt/wld_rad_macCfg.c after 90s - using fallback metadata
2025-12-30 03:51:26,548 - Knowledge - WARNING - Timeout processing /app/data/b2c/226177/b05376m/pwhm-226177/src/RadMgt/wld_rad_caps.c after 90s - using fallback metadata
2025-12-30 03:51:26,551 - Knowledge - INFO - process ingested knowledge for /app/data/b2c/226177/b05376m/pwhm-226177/src/Utils/wld_linuxWExtUtils.c
2025-12-30 03:51:26,709 - Knowledge - WARNING - Timeout processing /app/data/b2c/226177/b05376m/pwhm-226177/src/Plugin/wifiGen_fsm.c after 90s - using fallback metadata
2025-12-30 03:51:26,791 - Knowledge - WARNING - Timeout processing /app/data/b2c/226177/b05376m/pwhm-226177/src/RadMgt/wld_rad_fsm.c after 90s - using fallback metadata
2025-12-30 03:51:26,819 - Knowledge - INFO - [WEBSOCKET] Sent: Type=progress_update, Size: 292, Duration: 0ms
2025-12-30 03:51:26,872 - Knowledge - WARNING - Timeout processing /app/data/b2c/226177/b05376m/pwhm-226177/src/RadMgt/wld_rad_scan.c after 90s - using fallback metadata
2025-12-30 03:51:26,972 - Knowledge - INFO - process ingested knowledge for /app/data/b2c/226177/b05376m/pwhm-226177/src/Utils/wld_extMod.c
2025-12-30 03:51:27,168 - Knowledge - WARNING - Timeout processing /app/data/b2c/226177/b05376m/pwhm-226177/src/Plugin/wifiGen_eventHandlers.c after 90s - using fallback metadata
2025-12-30 03:51:27,169 - Knowledge - WARNING - Timeout processing /app/data/b2c/226177/b05376m/pwhm-226177/src/RadMgt/wld_rad_stamon.c after 90s - using fallback metadata
2025-12-30 03:51:27,284 - Knowledge - INFO - [WEBSOCKET] Sent: Type=unknown, Size: ?, Duration: 465ms
2025-12-30 03:51:27,410 - Knowledge - WARNING - Timeout processing /app/data/b2c/226177/b05376m/pwhm-226177/src/RadMgt/wld_rad_delayMgr.c after 90s - using fallback metadata
2025-12-30 03:51:27,489 - Knowledge - INFO - process ingested knowledge for /app/data/b2c/226177/b05376m/pwhm-226177/src/Utils/wld_autoNeighAdd.c
2025-12-30 03:51:27,596 - Knowledge - WARNING - Timeout processing /app/data/b2c/226177/b05376m/pwhm-226177/src/Plugin/wifiGen.c after 90s - using fallback metadata
2025-12-30 03:51:27,605 - Knowledge - WARNING - Timeout processing /app/data/b2c/226177/b05376m/pwhm-226177/src/ApMgt/wld_ap_mldConfig.c after 90s - using fallback metadata
2025-12-30 03:51:27,677 - Knowledge - WARNING - Timeout processing /app/data/b2c/226177/b05376m/pwhm-226177/src/wld_assocdev.c after 90s - using fallback metadata
2025-12-30 03:51:27,773 - Knowledge - INFO - Progress: 59.1% | Files: 180/303 | Rate: 1.01 files/sec | Queue: 47
2025-12-30 03:51:27,809 - Knowledge - INFO - Processing batch of 5 files
2025-12-30 03:51:27,854 - Knowledge - WARNING - Timeout processing /app/data/b2c/226177/b05376m/pwhm-226177/src/RadMgt/wld_rad_evtHandler.c after 90s - using fallback metadata
2025-12-30 03:51:28,037 - Knowledge - WARNING - Timeout processing /app/data/b2c/226177/b05376m/pwhm-226177/src/Plugin/wifiGen_hapd.c after 90s - using fallback metadata
2025-12-30 03:51:28,131 - Knowledge - WARNING - Timeout processing /app/data/b2c/226177/b05376m/pwhm-226177/src/ApMgt/wld_ap_macfilter.c after 90s - using fallback metadata
2025-12-30 03:51:28,218 - Knowledge - WARNING - Timeout processing /app/data/b2c/226177/b05376m/pwhm-226177/include/wld/wld_vendorModule.h after 90s - using fallback metadata
2025-12-30 03:51:28,363 - Knowledge - INFO - [kw17] Queue=47, InProgress=0, PendingWorkers=20/20, Completed=184/303 (60.7%)
2025-12-30 03:51:28,400 - Knowledge - INFO - process ingested knowledge for /app/data/b2c/226177/b05376m/pwhm-226177/src/Plugin/wifiGen_ep.c
2025-12-30 03:51:28,581 - Knowledge - INFO - Processing batch of 5 files
2025-12-30 03:51:28,613 - Knowledge - WARNING - Timeout processing /app/data/b2c/226177/b05376m/pwhm-226177/src/Plugin/wifiGen_mld.c after 90s - using fallback metadata
2025-12-30 03:51:28,718 - Knowledge - WARNING - Timeout processing /app/data/b2c/226177/b05376m/pwhm-226177/src/ApMgt/wld_ap_neighbours.c after 90s - using fallback metadata
2025-12-30 03:51:28,744 - Knowledge - INFO - [kw4] Queue=47, InProgress=0, PendingWorkers=20/20, Completed=189/303 (62.4%)
2025-12-30 03:51:28,843 - Knowledge - INFO - Processing batch of 5 files
2025-12-30 03:51:28,877 - Knowledge - INFO - Batch sizing: calculated=4, max_allowed=10, queue=47, active_workers=20/20
2025-12-30 03:51:28,975 - Knowledge - INFO - process ingested knowledge for /app/data/b2c/226177/b05376m/pwhm-226177/src/Plugin/wifiGen_wpaSupp.c
2025-12-30 03:51:29,078 - Knowledge - INFO - process ingested knowledge for /app/data/b2c/226177/b05376m/pwhm-226177/src/RadMgt/wld_rad_ifMgt.c
2025-12-30 03:51:29,159 - Knowledge - WARNING - Timeout processing /app/data/b2c/226177/b05376m/pwhm-226177/src/Plugin/wld_plugin.c after 90s - using fallback metadata
2025-12-30 03:51:29,259 - Knowledge - WARNING - Timeout processing /app/data/b2c/226177/b05376m/pwhm-226177/src/ApMgt/wld_apMgmt.c after 90s - using fallback metadata
2025-12-30 03:51:29,350 - Knowledge - INFO - Batch sizing: calculated=4, max_allowed=10, queue=47, active_workers=20/20
2025-12-30 03:51:29,464 - Knowledge - INFO - process ingested knowledge for /app/data/b2c/226177/b05376m/pwhm-226177/src/RadMgt/wld_rad_macCfg.c
2025-12-30 03:51:29,537 - Knowledge - INFO - Async storing batch of 5 embeddings
2025-12-30 03:51:29,650 - Knowledge - INFO - process ingested knowledge for /app/data/b2c/226177/b05376m/pwhm-226177/src/Plugin/wifiGen_zwdfs.c
2025-12-30 03:51:29,767 - Knowledge - INFO - process ingested knowledge for /app/data/b2c/226177/b05376m/pwhm-226177/src/RadMgt/wld_rad_caps.c
2025-12-30 03:51:29,921 - Knowledge - INFO - Processing batch of 5 files
2025-12-30 03:51:29,991 - Knowledge - WARNING - Timeout processing /app/data/b2c/226177/b05376m/pwhm-226177/src/ApMgt/wld_ap_bss_transfer.c after 90s - using fallback metadata
2025-12-30 03:51:30,089 - Knowledge - INFO - Async storing batch of 5 embeddings
2025-12-30 03:51:30,156 - Knowledge - INFO - process ingested knowledge for /app/data/b2c/226177/b05376m/pwhm-226177/src/RadMgt/wld_rad_fsm.c
2025-12-30 03:51:30,263 - Knowledge - INFO - Worker kw17 processing /app/data/b2c/226177/b05376m/pwhm-226177/include/wld/wld_wpaCtrlMngr.h
2025-12-30 03:51:30,368 - Knowledge - INFO - process ingested knowledge for /app/data/b2c/226177/b05376m/pwhm-226177/src/Plugin/wifiGen_radIfMgt.c
2025-12-30 03:51:30,441 - Knowledge - INFO - process ingested knowledge for /app/data/b2c/226177/b05376m/pwhm-226177/src/RadMgt/wld_rad_scan.c
2025-12-30 03:51:30,525 - Knowledge - INFO - process ingested knowledge for /app/data/b2c/226177/b05376m/pwhm-226177/src/Plugin/wifiGen_eventHandlers.c
2025-12-30 03:51:30,643 - Knowledge - INFO - Processing batch of 5 files
2025-12-30 03:51:30,682 - Knowledge - INFO - Worker kw4 processing /app/data/b2c/226177/b05376m/pwhm-226177/include/wld/wld_wpaCtrl_events.h
2025-12-30 03:51:30,766 - Knowledge - INFO - process ingested knowledge for /app/data/b2c/226177/b05376m/pwhm-226177/src/RadMgt/wld_rad_stamon.c
2025-12-30 03:51:30,850 - Knowledge - INFO - Worker kw17 processing /app/data/b2c/226177/b05376m/pwhm-226177/include/wld/wld_endpoint.h
2025-12-30 03:51:30,928 - Knowledge - INFO - process ingested knowledge for /app/data/b2c/226177/b05376m/pwhm-226177/src/Plugin/wifiGen_fsm.c
2025-12-30 03:51:31,045 - Knowledge - INFO - process ingested knowledge for /app/data/b2c/226177/b05376m/pwhm-226177/src/RadMgt/wld_rad_delayMgr.c
2025-12-30 03:51:31,160 - Knowledge - INFO - process ingested knowledge for /app/data/b2c/226177/b05376m/pwhm-226177/src/Plugin/wifiGen.c
2025-12-30 03:51:31,288 - Knowledge - INFO - process ingested knowledge for /app/data/b2c/226177/b05376m/pwhm-226177/src/ApMgt/wld_ap_mldConfig.c
2025-12-30 03:51:31,395 - Knowledge - INFO - Worker kw4 processing /app/data/b2c/226177/b05376m/pwhm-226177/include/wld/wld_wpaCtrl_types.h
2025-12-30 03:51:31,486 - Knowledge - INFO - process ingested knowledge for /app/data/b2c/226177/b05376m/pwhm-226177/src/wld_assocdev.c
2025-12-30 03:51:31,585 - Knowledge - INFO - Worker kw17 processing /app/data/b2c/226177/b05376m/pwhm-226177/include/wld/wld_extMod.h
2025-12-30 03:51:31,772 - Knowledge - INFO - process ingested knowledge for /app/data/b2c/226177/b05376m/pwhm-226177/src/RadMgt/wld_rad_evtHandler.c
2025-12-30 03:51:31,916 - Knowledge - INFO - process ingested knowledge for /app/data/b2c/226177/b05376m/pwhm-226177/src/Plugin/wifiGen_hapd.c
2025-12-30 03:51:31,941 - Knowledge - INFO - process ingested knowledge for /app/data/b2c/226177/b05376m/pwhm-226177/src/ApMgt/wld_ap_macfilter.c
2025-12-30 03:51:32,018 - Knowledge - INFO - Worker kw4 processing /app/data/b2c/226177/b05376m/pwhm-226177/include/wld/wld_rad_macCfg.h
2025-12-30 03:51:32,184 - Knowledge - INFO - process ingested knowledge for /app/data/b2c/226177/b05376m/pwhm-226177/include/wld/wld_vendorModule.h
2025-12-30 03:51:32,226 - Knowledge - INFO - Worker kw17 processing /app/data/b2c/226177/b05376m/pwhm-226177/include/wld/wld.h
2025-12-30 03:51:32,408 - Knowledge - INFO - [WEBSOCKET] Sent: Type=progress_update, Size: 290, Duration: 0ms
2025-12-30 03:51:32,566 - Knowledge - INFO - process ingested knowledge for /app/data/b2c/226177/b05376m/pwhm-226177/src/Plugin/wifiGen_mld.c
2025-12-30 03:51:32,566 - Knowledge - INFO - process ingested knowledge for /app/data/b2c/226177/b05376m/pwhm-226177/src/ApMgt/wld_ap_neighbours.c
2025-12-30 03:51:32,629 - Knowledge - INFO - Worker kw4 processing /app/data/b2c/226177/b05376m/pwhm-226177/include/wld/wld_sensing.h
2025-12-30 03:51:32,831 - Knowledge - INFO - Fast-tracked /app/data/b2c/226177/b05376m/pwhm-226177/include/wld/wld.h (ext=.h, size=129182)
2025-12-30 03:51:32,931 - Knowledge - INFO - [WEBSOCKET] Sent: Type=unknown, Size: ?, Duration: 523ms
2025-12-30 03:51:33,166 - Knowledge - INFO - process ingested knowledge for /app/data/b2c/226177/b05376m/pwhm-226177/src/Plugin/wld_plugin.c
2025-12-30 03:51:33,167 - Knowledge - INFO - process ingested knowledge for /app/data/b2c/226177/b05376m/pwhm-226177/src/ApMgt/wld_apMgmt.c
2025-12-30 03:51:33,445 - Knowledge - INFO - Progress: 67.3% | Files: 204/303 | Rate: 1.11 files/sec | Queue: 39
2025-12-30 03:51:33,445 - Knowledge - INFO - [kw15] Queue=39, InProgress=0, PendingWorkers=20/20, Completed=204/303 (67.3%)
2025-12-30 03:51:33,448 - Knowledge - INFO - [kw16] Queue=39, InProgress=0, PendingWorkers=20/20, Completed=204/303 (67.3%)
2025-12-30 03:51:33,602 - Knowledge - INFO - process ingested knowledge for /app/data/b2c/226177/b05376m/pwhm-226177/src/ApMgt/wld_ap_bss_transfer.c
2025-12-30 03:51:33,753 - Knowledge - INFO - [kw10] Queue=39, InProgress=0, PendingWorkers=20/20, Completed=204/303 (67.3%)
2025-12-30 03:51:33,773 - Knowledge - INFO - Batch sizing: calculated=4, max_allowed=10, queue=39, active_workers=20/20
2025-12-30 03:51:33,881 - Knowledge - INFO - Batch sizing: calculated=4, max_allowed=10, queue=39, active_workers=20/20
2025-12-30 03:51:34,039 - Knowledge - INFO - Batch sizing: calculated=4, max_allowed=10, queue=39, active_workers=20/20
2025-12-30 03:51:34,241 - Knowledge - INFO - Async storing batch of 5 embeddings
2025-12-30 03:51:34,242 - Knowledge - INFO - [kw14] Queue=35, InProgress=0, PendingWorkers=20/20, Completed=204/303 (67.3%)
2025-12-30 03:51:34,278 - Knowledge - INFO - Async storing batch of 5 embeddings
2025-12-30 03:51:34,365 - Knowledge - INFO - Async storing batch of 5 embeddings
2025-12-30 03:51:34,482 - Knowledge - INFO - Worker kw15 processing /app/data/b2c/226177/b05376m/pwhm-226177/include/wld/wld_bStaMld.h
2025-12-30 03:51:34,575 - Knowledge - INFO - Batch sizing: calculated=4, max_allowed=10, queue=35, active_workers=20/20
2025-12-30 03:51:34,677 - Knowledge - INFO - Worker kw16 processing /app/data/b2c/226177/b05376m/pwhm-226177/include/wld/wld_radio.h
2025-12-30 03:51:34,679 - Knowledge - INFO - [kw11] Queue=27, InProgress=0, PendingWorkers=20/20, Completed=204/303 (67.3%)
2025-12-30 03:51:34,764 - Knowledge - INFO - Worker kw10 processing /app/data/b2c/226177/b05376m/pwhm-226177/include/wld/wld_secDmnGrp.h
2025-12-30 03:51:34,852 - Knowledge - INFO - Worker kw15 processing /app/data/b2c/226177/b05376m/pwhm-226177/include/wld/wld_channel_lib.h
2025-12-30 03:51:34,932 - Knowledge - INFO - Async storing batch of 5 embeddings
2025-12-30 03:51:35,026 - Knowledge - INFO - Worker kw16 processing /app/data/b2c/226177/b05376m/pwhm-226177/include/wld/wld_rad_delayMgr.h
2025-12-30 03:51:35,153 - Knowledge - INFO - Batch sizing: calculated=4, max_allowed=10, queue=27, active_workers=20/20
2025-12-30 03:51:35,266 - Knowledge - INFO - Worker kw10 processing /app/data/b2c/226177/b05376m/pwhm-226177/include/wld/wld_rad_evtHandler.h
2025-12-30 03:51:35,348 - Knowledge - INFO - Worker kw15 processing /app/data/b2c/226177/b05376m/pwhm-226177/include/wld/wld_wpaSupp_cfgFile.h
2025-12-30 03:51:35,425 - Knowledge - INFO - Worker kw14 processing /app/data/b2c/226177/b05376m/pwhm-226177/include_priv/nl80211/wld_wpaCtrlGSock_priv.h
2025-12-30 03:51:35,503 - Knowledge - INFO - Worker kw16 processing /app/data/b2c/226177/b05376m/pwhm-226177/include/wld/Features/wld_persist.h
2025-12-30 03:51:35,599 - Knowledge - INFO - Async storing batch of 5 embeddings
2025-12-30 03:51:35,721 - Knowledge - INFO - Worker kw10 processing /app/data/b2c/226177/b05376m/pwhm-226177/include/wld/wld_ssid.h
2025-12-30 03:51:35,806 - Knowledge - INFO - Worker kw15 processing /app/data/b2c/226177/b05376m/pwhm-226177/include/wld/wld_nl80211_api.h
2025-12-30 03:51:35,906 - Knowledge - INFO - Worker kw14 processing /app/data/b2c/226177/b05376m/pwhm-226177/include_priv/nl80211/wld_ssid_nl80211_priv.h
2025-12-30 03:51:35,992 - Knowledge - INFO - Worker kw16 processing /app/data/b2c/226177/b05376m/pwhm-226177/include/wld/wld_tinyRoam.h
2025-12-30 03:51:36,070 - Knowledge - INFO - Worker kw11 processing /app/data/b2c/226177/b05376m/pwhm-226177/include_priv/nl80211/wld_nl80211_scan_priv.h
2025-12-30 03:51:36,175 - Knowledge - INFO - Worker kw10 processing /app/data/b2c/226177/b05376m/pwhm-226177/include_priv/VendorModule/wld_vendorModule_priv.h
2025-12-30 03:51:36,385 - Knowledge - INFO - Worker kw14 processing /app/data/b2c/226177/b05376m/pwhm-226177/include_priv/nl80211/wld_wpaCtrlInterface_priv.h
2025-12-30 03:51:36,584 - Knowledge - INFO - Worker kw11 processing /app/data/b2c/226177/b05376m/pwhm-226177/include_priv/nl80211/wld_wpaSupp_cfgManager_priv.h
2025-12-30 03:51:36,766 - Knowledge - INFO - Worker kw14 processing /app/data/b2c/226177/b05376m/pwhm-226177/include_priv/nl80211/wld_nl80211_core_priv.h
2025-12-30 03:51:36,845 - Knowledge - INFO - Worker kw11 processing /app/data/b2c/226177/b05376m/pwhm-226177/include_priv/nl80211/wld_nl80211_events_priv.h
2025-12-30 03:51:37,099 - Knowledge - INFO - Worker kw11 processing /app/data/b2c/226177/b05376m/pwhm-226177/include_priv/nl80211/wld_nl80211_parser.h
2025-12-30 03:51:38,732 - Knowledge - INFO - Async storage completed for 6 embeddings
2025-12-30 03:51:46,916 - Knowledge - INFO - Async storage completed for 5 embeddings
2025-12-30 03:51:56,189 - Knowledge - INFO - [LLM_CALL] Completed: wld_monitor.h:chunk1, Duration: 53601ms, PromptTokens: 2398, CompletionTokens: 565, Cost: $0.00047
2025-12-30 03:51:56,384 - Knowledge - INFO - done ingest for /app/data/b2c/226177/b05376m/pwhm-226177/include/wld/wld_monitor.h
2025-12-30 03:51:56,385 - Knowledge - INFO - [LLM_CALL] Completed: wld_radioOperatingStandards.h:chunk1, Duration: 80404ms, PromptTokens: 2738, CompletionTokens: 435, Cost: $0.00045
2025-12-30 03:51:56,697 - Knowledge - INFO - done ingest for /app/data/b2c/226177/b05376m/pwhm-226177/include/wld/wld_radioOperatingStandards.h
2025-12-30 03:52:00,657 - Knowledge - INFO - [LLM_CALL] Completed: wld_rad_nl80211.h:chunk1, Duration: 59546ms, PromptTokens: 10662, CompletionTokens: 1875, Cost: $0.00182
2025-12-30 03:52:00,869 - Knowledge - INFO - done ingest for /app/data/b2c/226177/b05376m/pwhm-226177/include/wld/wld_rad_nl80211.h
2025-12-30 03:52:00,971 - Knowledge - INFO - [LLM_CALL] Completed: wld_dm_trans.h:chunk1, Duration: 36049ms, PromptTokens: 2356, CompletionTokens: 219, Cost: $0.00032
2025-12-30 03:52:01,457 - Knowledge - INFO - done ingest for /app/data/b2c/226177/b05376m/pwhm-226177/include/wld/wld_dm_trans.h
2025-12-30 03:52:02,628 - Knowledge - INFO - [LLM_CALL] Completed: wld_hostapd_ap_api.h:chunk1, Duration: 48135ms, PromptTokens: 5674, CompletionTokens: 2437, Cost: $0.00154
2025-12-30 03:52:02,802 - Knowledge - INFO - done ingest for /app/data/b2c/226177/b05376m/pwhm-226177/include/wld/wld_hostapd_ap_api.h
2025-12-30 03:52:03,601 - Knowledge - INFO - [LLM_CALL] Completed: wld_rad_stamon.h:chunk1, Duration: 33894ms, PromptTokens: 2468, CompletionTokens: 724, Cost: $0.00054
2025-12-30 03:52:03,829 - Knowledge - INFO - done ingest for /app/data/b2c/226177/b05376m/pwhm-226177/include/wld/wld_rad_stamon.h
2025-12-30 03:52:04,913 - Knowledge - INFO - Processing batch of 4 files
2025-12-30 03:52:05,131 - Knowledge - INFO - process ingested knowledge for /app/data/b2c/226177/b05376m/pwhm-226177/include/wld/wld_radioOperatingStandards.h
2025-12-30 03:52:05,573 - Knowledge - INFO - process ingested knowledge for /app/data/b2c/226177/b05376m/pwhm-226177/include/wld/wld_rad_nl80211.h
2025-12-30 03:52:05,743 - Knowledge - INFO - process ingested knowledge for /app/data/b2c/226177/b05376m/pwhm-226177/include/wld/wld_hostapd_ap_api.h
2025-12-30 03:52:05,820 - Knowledge - INFO - Async storage completed for 5 embeddings
2025-12-30 03:52:05,916 - Knowledge - INFO - process ingested knowledge for /app/data/b2c/226177/b05376m/pwhm-226177/include/wld/wld_rad_stamon.h
2025-12-30 03:52:06,596 - Knowledge - INFO - [kw18] Queue=19, InProgress=0, PendingWorkers=20/20, Completed=208/303 (68.6%)
2025-12-30 03:52:06,765 - Knowledge - INFO - Batch sizing: calculated=4, max_allowed=10, queue=19, active_workers=20/20
2025-12-30 03:52:06,934 - Knowledge - INFO - Async storing batch of 4 embeddings
2025-12-30 03:52:07,127 - Knowledge - INFO - Worker kw18 processing /app/data/b2c/226177/b05376m/pwhm-226177/include_priv/nl80211/wld_wpaCtrlConnection_priv.h
2025-12-30 03:52:07,382 - Knowledge - INFO - Worker kw18 processing /app/data/b2c/226177/b05376m/pwhm-226177/include_priv/nl80211/wld_hostapd_cfgManager_priv.h
2025-12-30 03:52:07,587 - Knowledge - INFO - Worker kw18 processing /app/data/b2c/226177/b05376m/pwhm-226177/include_priv/nl80211/wld_wpaCtrlMngr_priv.h
2025-12-30 03:52:08,118 - Knowledge - INFO - Worker kw18 processing /app/data/b2c/226177/b05376m/pwhm-226177/include_priv/nl80211/wld_nl80211_api_priv.h
2025-12-30 03:52:08,849 - Knowledge - INFO - [LLM_CALL] Completed: wld_eventing.h:chunk1, Duration: 35917ms, PromptTokens: 3050, CompletionTokens: 571, Cost: $0.00053
2025-12-30 03:52:09,231 - Knowledge - INFO - done ingest for /app/data/b2c/226177/b05376m/pwhm-226177/include/wld/wld_eventing.h
2025-12-30 03:52:09,454 - Knowledge - INFO - [LLM_CALL] Completed: wld_chaninfo.h:chunk1, Duration: 39470ms, PromptTokens: 2640, CompletionTokens: 317, Cost: $0.00039
2025-12-30 03:52:09,809 - Knowledge - INFO - done ingest for /app/data/b2c/226177/b05376m/pwhm-226177/include/wld/wld_chaninfo.h
2025-12-30 03:52:13,842 - Knowledge - INFO - [LLM_CALL] Completed: wld_assocdev.h:chunk1, Duration: 60513ms, PromptTokens: 5406, CompletionTokens: 2249, Cost: $0.00144
2025-12-30 03:52:14,247 - Knowledge - INFO - done ingest for /app/data/b2c/226177/b05376m/pwhm-226177/include/wld/wld_assocdev.h
2025-12-30 03:52:14,518 - Knowledge - INFO - Processing batch of 4 files
2025-12-30 03:52:14,723 - Knowledge - INFO - process ingested knowledge for /app/data/b2c/226177/b05376m/pwhm-226177/include/wld/wld_monitor.h
2025-12-30 03:52:14,897 - Knowledge - INFO - process ingested knowledge for /app/data/b2c/226177/b05376m/pwhm-226177/include/wld/wld_assocdev.h
2025-12-30 03:52:15,078 - Knowledge - INFO - process ingested knowledge for /app/data/b2c/226177/b05376m/pwhm-226177/include/wld/wld_dm_trans.h
2025-12-30 03:52:15,292 - Knowledge - INFO - process ingested knowledge for /app/data/b2c/226177/b05376m/pwhm-226177/include/wld/wld_eventing.h
2025-12-30 03:52:15,924 - Knowledge - INFO - [WEBSOCKET] Sent: Type=progress_update, Size: 293, Duration: 0ms
2025-12-30 03:52:16,126 - Knowledge - INFO - [WEBSOCKET] Sent: Type=unknown, Size: ?, Duration: 202ms
2025-12-30 03:52:16,307 - Knowledge - INFO - Progress: 70.0% | Files: 212/303 | Rate: 0.93 files/sec | Queue: 15
2025-12-30 03:52:16,501 - Knowledge - INFO - [kw20] Queue=15, InProgress=0, PendingWorkers=20/20, Completed=212/303 (70.0%)
2025-12-30 03:52:16,688 - Knowledge - INFO - Batch sizing: calculated=4, max_allowed=10, queue=15, active_workers=20/20
2025-12-30 03:52:16,889 - Knowledge - INFO - Async storing batch of 4 embeddings
2025-12-30 03:52:17,091 - Knowledge - INFO - Worker kw20 processing /app/data/b2c/226177/b05376m/pwhm-226177/include_priv/nl80211/wld_secDmnGrp_priv.h
2025-12-30 03:52:17,260 - Knowledge - INFO - Worker kw20 processing /app/data/b2c/226177/b05376m/pwhm-226177/include_priv/Plugin/wifiGen_fsm.h
2025-12-30 03:52:17,428 - Knowledge - INFO - Worker kw20 processing /app/data/b2c/226177/b05376m/pwhm-226177/include_priv/Plugin/wifiGen_zwdfs.h
2025-12-30 03:52:17,842 - Knowledge - INFO - Worker kw20 processing /app/data/b2c/226177/b05376m/pwhm-226177/include_priv/Plugin/wifiGen_wpaSupp.h
2025-12-30 03:52:19,436 - Knowledge - INFO - Async storage completed for 5 embeddings
2025-12-30 03:52:20,225 - Knowledge - INFO - Async storage completed for 5 embeddings
2025-12-30 03:52:23,601 - Knowledge - INFO - [LLM_CALL] Completed: wld_ap_nl80211.h:chunk1, Duration: 67269ms, PromptTokens: 5640, CompletionTokens: 1174, Cost: $0.00103
2025-12-30 03:52:23,870 - Knowledge - INFO - done ingest for /app/data/b2c/226177/b05376m/pwhm-226177/include/wld/wld_ap_nl80211.h
2025-12-30 03:52:25,176 - Knowledge - INFO - [LLM_CALL] Completed: wld_nl80211_utils.h:chunk1, Duration: 45809ms, PromptTokens: 3840, CompletionTokens: 695, Cost: $0.00066
2025-12-30 03:52:25,326 - Knowledge - INFO - Async storage completed for 6 embeddings
2025-12-30 03:52:25,481 - Knowledge - INFO - done ingest for /app/data/b2c/226177/b05376m/pwhm-226177/include/wld/wld_nl80211_utils.h
2025-12-30 03:52:26,469 - Knowledge - INFO - [LLM_CALL] Completed: wld_bgdfs.h:chunk1, Duration: 79400ms, PromptTokens: 3864, CompletionTokens: 579, Cost: $0.00062
2025-12-30 03:52:26,681 - Knowledge - INFO - done ingest for /app/data/b2c/226177/b05376m/pwhm-226177/include/wld/wld_bgdfs.h
2025-12-30 03:52:27,199 - Knowledge - INFO - Processing batch of 4 files
2025-12-30 03:52:27,404 - Knowledge - INFO - process ingested knowledge for /app/data/b2c/226177/b05376m/pwhm-226177/include/wld/wld_bgdfs.h
2025-12-30 03:52:27,413 - Knowledge - INFO - Async storage completed for 5 embeddings
2025-12-30 03:52:27,582 - Knowledge - INFO - process ingested knowledge for /app/data/b2c/226177/b05376m/pwhm-226177/include/wld/wld_ap_nl80211.h
2025-12-30 03:52:27,774 - Knowledge - INFO - process ingested knowledge for /app/data/b2c/226177/b05376m/pwhm-226177/include/wld/wld_chaninfo.h
2025-12-30 03:52:28,114 - Knowledge - INFO - process ingested knowledge for /app/data/b2c/226177/b05376m/pwhm-226177/include/wld/wld_nl80211_utils.h
2025-12-30 03:52:28,472 - Knowledge - INFO - [LLM_CALL] Completed: wld_epProfile.h:chunk1, Duration: 81280ms, PromptTokens: 2176, CompletionTokens: 298, Cost: $0.00034
2025-12-30 03:52:28,706 - Knowledge - INFO - done ingest for /app/data/b2c/226177/b05376m/pwhm-226177/include/wld/wld_epProfile.h
2025-12-30 03:52:28,836 - Knowledge - INFO - Async storage completed for 5 embeddings
2025-12-30 03:52:28,950 - Knowledge - INFO - [kw7] Queue=11, InProgress=0, PendingWorkers=20/20, Completed=216/303 (71.3%)
2025-12-30 03:52:29,407 - Knowledge - INFO - Batch sizing: calculated=4, max_allowed=10, queue=11, active_workers=20/20
2025-12-30 03:52:29,413 - Knowledge - INFO - Async storage completed for 5 embeddings
2025-12-30 03:52:29,579 - Knowledge - INFO - Async storing batch of 4 embeddings
2025-12-30 03:52:29,809 - Knowledge - INFO - Worker kw7 processing /app/data/b2c/226177/b05376m/pwhm-226177/include_priv/Plugin/wifiGen_rad.h
2025-12-30 03:52:30,076 - Knowledge - INFO - Worker kw7 processing /app/data/b2c/226177/b05376m/pwhm-226177/include_priv/Plugin/wifiGen_vap.h
2025-12-30 03:52:30,407 - Knowledge - INFO - Worker kw7 processing /app/data/b2c/226177/b05376m/pwhm-226177/include_priv/Plugin/wifiGen_ep.h
2025-12-30 03:52:30,580 - Knowledge - INFO - Worker kw7 processing /app/data/b2c/226177/b05376m/pwhm-226177/include_priv/Plugin/wifiGen_events.h
2025-12-30 03:52:31,180 - Knowledge - INFO - [LLM_CALL] Completed: wld_nl80211.h:chunk1, Duration: 65405ms, PromptTokens: 2132, CompletionTokens: 155, Cost: $0.00028
2025-12-30 03:52:31,368 - Knowledge - INFO - done ingest for /app/data/b2c/226177/b05376m/pwhm-226177/include/wld/wld_nl80211.h
2025-12-30 03:52:32,817 - Knowledge - INFO - Async storage completed for 5 embeddings
2025-12-30 03:52:33,608 - Knowledge - INFO - [LLM_CALL] Completed: wld_secDmn_types.h:chunk1, Duration: 39609ms, PromptTokens: 2100, CompletionTokens: 125, Cost: $0.00026
2025-12-30 03:52:33,870 - Knowledge - INFO - done ingest for /app/data/b2c/226177/b05376m/pwhm-226177/include/wld/wld_secDmn_types.h
2025-12-30 03:52:35,813 - Knowledge - INFO - Async storage completed for 5 embeddings
2025-12-30 03:52:37,265 - Knowledge - INFO - [LLM_CALL] Completed: wld_nl80211_attr.h:chunk1, Duration: 80491ms, PromptTokens: 4406, CompletionTokens: 589, Cost: $0.00068
2025-12-30 03:52:37,584 - Knowledge - INFO - done ingest for /app/data/b2c/226177/b05376m/pwhm-226177/include/wld/wld_nl80211_attr.h
2025-12-30 03:52:43,083 - Knowledge - INFO - Async storage completed for 5 embeddings
2025-12-30 03:52:45,483 - Knowledge - INFO - Async storage completed for 5 embeddings
2025-12-30 03:52:45,515 - Knowledge - INFO - [LLM_CALL] Completed: wld_fsm.h:chunk1, Duration: 73931ms, PromptTokens: 3456, CompletionTokens: 1014, Cost: $0.00075
2025-12-30 03:52:45,606 - Knowledge - INFO - Async storage completed for 5 embeddings
2025-12-30 03:52:46,057 - Knowledge - INFO - Async storage completed for 5 embeddings
2025-12-30 03:52:46,212 - Knowledge - INFO - done ingest for /app/data/b2c/226177/b05376m/pwhm-226177/include/wld/wld_fsm.h
2025-12-30 03:52:48,128 - Knowledge - INFO - [LLM_CALL] Completed: wld_autoNeighAdd.h:chunk1, Duration: 59880ms, PromptTokens: 2842, CompletionTokens: 432, Cost: $0.00046
2025-12-30 03:52:48,462 - Knowledge - INFO - done ingest for /app/data/b2c/226177/b05376m/pwhm-226177/include/wld/Utils/wld_autoNeighAdd.h
2025-12-30 03:52:48,510 - Knowledge - INFO - [LLM_CALL] Completed: wld_zwdfs.h:chunk1, Duration: 43947ms, PromptTokens: 2896, CompletionTokens: 320, Cost: $0.00042
2025-12-30 03:52:49,054 - Knowledge - INFO - done ingest for /app/data/b2c/226177/b05376m/pwhm-226177/include/wld/wld_zwdfs.h
2025-12-30 03:52:49,077 - Knowledge - INFO - [LLM_CALL] Completed: wld_linuxIfUtils.h:chunk1, Duration: 105769ms, PromptTokens: 5512, CompletionTokens: 624, Cost: $0.00080
2025-12-30 03:52:49,616 - Knowledge - INFO - done ingest for /app/data/b2c/226177/b05376m/pwhm-226177/include/wld/wld_linuxIfUtils.h
2025-12-30 03:52:52,646 - Knowledge - INFO - [LLM_CALL] Completed: wld_wpaCtrl_api.h:chunk1, Duration: 66900ms, PromptTokens: 3314, CompletionTokens: 610, Cost: $0.00058
2025-12-30 03:52:53,037 - Knowledge - INFO - done ingest for /app/data/b2c/226177/b05376m/pwhm-226177/include/wld/wld_wpaCtrl_api.h
2025-12-30 03:52:53,134 - Knowledge - INFO - [LLM_CALL] Completed: wld_dmnMgt.h:chunk1, Duration: 40593ms, PromptTokens: 2690, CompletionTokens: 446, Cost: $0.00045
2025-12-30 03:52:53,599 - Knowledge - INFO - done ingest for /app/data/b2c/226177/b05376m/pwhm-226177/include/wld/Utils/wld_dmnMgt.h
2025-12-30 03:52:53,831 - Knowledge - INFO - [LLM_CALL] Completed: wld_wpaCtrlInterface.h:chunk1, Duration: 78840ms, PromptTokens: 3576, CompletionTokens: 445, Cost: $0.00054
2025-12-30 03:52:54,270 - Knowledge - INFO - done ingest for /app/data/b2c/226177/b05376m/pwhm-226177/include/wld/wld_wpaCtrlInterface.h
2025-12-30 03:52:55,341 - Knowledge - INFO - Processing batch of 4 files
2025-12-30 03:52:55,827 - Knowledge - INFO - process ingested knowledge for /app/data/b2c/226177/b05376m/pwhm-226177/include/wld/wld_linuxIfUtils.h
2025-12-30 03:52:56,207 - Knowledge - INFO - process ingested knowledge for /app/data/b2c/226177/b05376m/pwhm-226177/include/wld/wld_nl80211_attr.h
2025-12-30 03:52:56,592 - Knowledge - INFO - [LLM_CALL] Completed: wld_autoCommitMgr.h:chunk1, Duration: 99744ms, PromptTokens: 2228, CompletionTokens: 338, Cost: $0.00036
2025-12-30 03:52:56,669 - Knowledge - INFO - process ingested knowledge for /app/data/b2c/226177/b05376m/pwhm-226177/include/wld/wld_fsm.h
2025-12-30 03:52:57,172 - Knowledge - INFO - done ingest for /app/data/b2c/226177/b05376m/pwhm-226177/include/wld/Utils/wld_autoCommitMgr.h
2025-12-30 03:52:57,472 - Knowledge - INFO - process ingested knowledge for /app/data/b2c/226177/b05376m/pwhm-226177/include/wld/wld_wpaCtrl_api.h
2025-12-30 03:52:58,615 - Knowledge - INFO - Async storage completed for 5 embeddings
2025-12-30 03:52:58,746 - Knowledge - INFO - Async storage completed for 5 embeddings
2025-12-30 03:52:58,813 - Knowledge - INFO - [LLM_CALL] Completed: wld_nl80211_core.h:chunk1, Duration: 83018ms, PromptTokens: 3950, CompletionTokens: 698, Cost: $0.00067
2025-12-30 03:52:59,302 - Knowledge - INFO - done ingest for /app/data/b2c/226177/b05376m/pwhm-226177/include/wld/wld_nl80211_core.h
2025-12-30 03:52:59,499 - Knowledge - INFO - [LLM_CALL] Completed: wld_autoCommitRadData.h:chunk1, Duration: 100127ms, PromptTokens: 2144, CompletionTokens: 163, Cost: $0.00028
2025-12-30 03:52:59,794 - Knowledge - INFO - done ingest for /app/data/b2c/226177/b05376m/pwhm-226177/include/wld/Utils/wld_autoCommitRadData.h
2025-12-30 03:53:00,168 - Knowledge - INFO - Async storage completed for 5 embeddings
2025-12-30 03:53:00,535 - Knowledge - INFO - Async storage completed for 5 embeddings
2025-12-30 03:53:01,349 - Knowledge - INFO - [WEBSOCKET] Sent: Type=progress_update, Size: 293, Duration: 0ms
2025-12-30 03:53:01,846 - Knowledge - INFO - [WEBSOCKET] Sent: Type=unknown, Size: ?, Duration: 497ms
2025-12-30 03:53:02,320 - Knowledge - INFO - Progress: 73.9% | Files: 224/303 | Rate: 0.82 files/sec | Queue: 7
2025-12-30 03:53:02,399 - Knowledge - INFO - Processing batch of 4 files
2025-12-30 03:53:02,638 - Knowledge - INFO - [kw2] Queue=7, InProgress=0, PendingWorkers=20/20, Completed=224/303 (73.9%)
2025-12-30 03:53:02,890 - Knowledge - INFO - process ingested knowledge for /app/data/b2c/226177/b05376m/pwhm-226177/include/wld/wld_epProfile.h
2025-12-30 03:53:03,088 - Knowledge - INFO - Batch sizing: calculated=4, max_allowed=10, queue=7, active_workers=20/20
2025-12-30 03:53:03,157 - Knowledge - INFO - [LLM_CALL] Completed: wld_config.h:chunk1, Duration: 90226ms, PromptTokens: 2090, CompletionTokens: 192, Cost: $0.00029
2025-12-30 03:53:03,219 - Knowledge - INFO - process ingested knowledge for /app/data/b2c/226177/b05376m/pwhm-226177/include/wld/wld_nl80211.h
2025-12-30 03:53:03,612 - Knowledge - INFO - done ingest for /app/data/b2c/226177/b05376m/pwhm-226177/include/wld/Utils/wld_config.h
2025-12-30 03:53:03,633 - Knowledge - INFO - Async storing batch of 4 embeddings
2025-12-30 03:53:03,879 - Knowledge - INFO - process ingested knowledge for /app/data/b2c/226177/b05376m/pwhm-226177/include/wld/wld_nl80211_core.h
2025-12-30 03:53:04,148 - Knowledge - INFO - [LLM_CALL] Completed: wld_hostapd_cfgFile.h:chunk1, Duration: 107367ms, PromptTokens: 2398, CompletionTokens: 538, Cost: $0.00046
2025-12-30 03:53:04,352 - Knowledge - INFO - Worker kw2 processing /app/data/b2c/226177/b05376m/pwhm-226177/include_priv/Plugin/wifiGen_hapd.h
2025-12-30 03:53:04,558 - Knowledge - INFO - process ingested knowledge for /app/data/b2c/226177/b05376m/pwhm-226177/include/wld/wld_zwdfs.h
2025-12-30 03:53:04,759 - Knowledge - INFO - done ingest for /app/data/b2c/226177/b05376m/pwhm-226177/include/wld/wld_hostapd_cfgFile.h
2025-12-30 03:53:04,991 - Knowledge - INFO - Worker kw2 processing /app/data/b2c/226177/b05376m/pwhm-226177/include_priv/Plugin/wifiGen_mld.h
2025-12-30 03:53:05,559 - Knowledge - INFO - Worker kw2 processing /app/data/b2c/226177/b05376m/pwhm-226177/include_priv/Plugin/wld_plugin.h
2025-12-30 03:53:05,872 - Knowledge - INFO - Worker kw2 processing /app/data/b2c/226177/b05376m/pwhm-226177/include_priv/Plugin/wifiGen.h
2025-12-30 03:53:05,980 - Knowledge - INFO - Processing batch of 4 files
2025-12-30 03:53:06,467 - Knowledge - INFO - process ingested knowledge for /app/data/b2c/226177/b05376m/pwhm-226177/include/wld/Utils/wld_autoCommitMgr.h
2025-12-30 03:53:07,353 - Knowledge - INFO - process ingested knowledge for /app/data/b2c/226177/b05376m/pwhm-226177/include/wld/Utils/wld_config.h
2025-12-30 03:53:07,653 - Knowledge - INFO - [LLM_CALL] Completed: wld_statsmon.h:chunk1, Duration: 82716ms, PromptTokens: 2634, CompletionTokens: 482, Cost: $0.00046
2025-12-30 03:53:08,077 - Knowledge - INFO - Async storage completed for 5 embeddings
2025-12-30 03:53:08,438 - Knowledge - INFO - done ingest for /app/data/b2c/226177/b05376m/pwhm-226177/include/wld/wld_statsmon.h
2025-12-30 03:53:08,867 - Knowledge - WARNING - Timeout processing /app/data/b2c/226177/b05376m/pwhm-226177/include_priv/nl80211/wld_wpaCtrlGSock_priv.h after 90s - using fallback metadata
2025-12-30 03:53:08,870 - Knowledge - INFO - process ingested knowledge for /app/data/b2c/226177/b05376m/pwhm-226177/include/wld/Utils/wld_autoNeighAdd.h
2025-12-30 03:53:09,150 - Knowledge - WARNING - Timeout processing /app/data/b2c/226177/b05376m/pwhm-226177/include_priv/nl80211/wld_ssid_nl80211_priv.h after 90s - using fallback metadata
2025-12-30 03:53:09,648 - Knowledge - WARNING - Timeout processing /app/data/b2c/226177/b05376m/pwhm-226177/include_priv/nl80211/wld_wpaCtrlInterface_priv.h after 90s - using fallback metadata
2025-12-30 03:53:09,955 - Knowledge - WARNING - Timeout processing /app/data/b2c/226177/b05376m/pwhm-226177/include_priv/nl80211/wld_nl80211_core_priv.h after 90s - using fallback metadata
2025-12-30 03:53:09,978 - Knowledge - INFO - process ingested knowledge for /app/data/b2c/226177/b05376m/pwhm-226177/include/wld/Utils/wld_dmnMgt.h
2025-12-30 03:53:10,015 - Knowledge - INFO - [LLM_CALL] Completed: wld_wpaSupp_cfgManager_priv.h:chunk1, Duration: 70049ms, PromptTokens: 2130, CompletionTokens: 136, Cost: $0.00027
2025-12-30 03:53:10,834 - Knowledge - INFO - done ingest for /app/data/b2c/226177/b05376m/pwhm-226177/include_priv/nl80211/wld_wpaSupp_cfgManager_priv.h
2025-12-30 03:53:11,229 - Knowledge - INFO - [LLM_CALL] Completed: wld_channel_lib.h:chunk1, Duration: 74532ms, PromptTokens: 2070, CompletionTokens: 164, Cost: $0.00027
2025-12-30 03:53:11,656 - Knowledge - INFO - [kw19] Queue=3, InProgress=0, PendingWorkers=20/20, Completed=229/303 (75.6%)
2025-12-30 03:53:11,710 - Knowledge - INFO - done ingest for /app/data/b2c/226177/b05376m/pwhm-226177/include/wld/wld_channel_lib.h
2025-12-30 03:53:12,020 - Knowledge - INFO - [LLM_CALL] Completed: wld_linuxIfStats.h:chunk1, Duration: 119474ms, PromptTokens: 2362, CompletionTokens: 513, Cost: $0.00044
2025-12-30 03:53:12,065 - Knowledge - INFO - Batch sizing: calculated=3, max_allowed=10, queue=3, active_workers=20/20
2025-12-30 03:53:12,609 - Knowledge - INFO - done ingest for /app/data/b2c/226177/b05376m/pwhm-226177/include/wld/wld_linuxIfStats.h
2025-12-30 03:53:12,916 - Knowledge - INFO - [LLM_CALL] Completed: wld_vendorModule_priv.h:chunk1, Duration: 43302ms, PromptTokens: 2294, CompletionTokens: 276, Cost: $0.00034
2025-12-30 03:53:13,271 - Knowledge - INFO - done ingest for /app/data/b2c/226177/b05376m/pwhm-226177/include_priv/VendorModule/wld_vendorModule_priv.h
2025-12-30 03:53:13,291 - Knowledge - INFO - Async storing batch of 4 embeddings
2025-12-30 03:53:14,070 - Knowledge - INFO - Worker kw19 processing /app/data/b2c/226177/b05376m/pwhm-226177/makefile.inc
2025-12-30 03:53:15,245 - Knowledge - INFO - Processing batch of 4 files
2025-12-30 03:53:15,389 - Knowledge - INFO - Fast-tracked /app/data/b2c/226177/b05376m/pwhm-226177/makefile.inc (ext=.inc, size=1732)
2025-12-30 03:53:15,657 - Knowledge - INFO - process ingested knowledge for /app/data/b2c/226177/b05376m/pwhm-226177/include_priv/nl80211/wld_wpaCtrlGSock_priv.h
2025-12-30 03:53:16,013 - Knowledge - INFO - Worker kw19 processing /app/data/b2c/226177/b05376m/pwhm-226177/baf.yml
2025-12-30 03:53:16,215 - Knowledge - INFO - [WEBSOCKET] Sent: Type=progress_update, Size: 292, Duration: 0ms
2025-12-30 03:53:16,491 - Knowledge - INFO - process ingested knowledge for /app/data/b2c/226177/b05376m/pwhm-226177/include_priv/nl80211/wld_ssid_nl80211_priv.h
2025-12-30 03:53:17,053 - Knowledge - INFO - Fast-tracked /app/data/b2c/226177/b05376m/pwhm-226177/baf.yml (ext=.yml, size=7876)
2025-12-30 03:53:17,067 - Knowledge - INFO - [WEBSOCKET] Sent: Type=unknown, Size: ?, Duration: 852ms
2025-12-30 03:53:17,438 - Knowledge - INFO - process ingested knowledge for /app/data/b2c/226177/b05376m/pwhm-226177/include_priv/nl80211/wld_wpaCtrlInterface_priv.h
2025-12-30 03:53:17,449 - Knowledge - INFO - Worker kw19 processing /app/data/b2c/226177/b05376m/pwhm-226177/CHANGELOG.md
2025-12-30 03:53:17,763 - Knowledge - INFO - Progress: 76.6% | Files: 232/303 | Rate: 0.80 files/sec | Queue: 0
2025-12-30 03:53:17,763 - Knowledge - INFO - [LLM_CALL] Completed: wld_wpaCtrl_types.h:chunk1, Duration: 90375ms, PromptTokens: 2132, CompletionTokens: 161, Cost: $0.00028
2025-12-30 03:53:18,007 - Knowledge - INFO - process ingested knowledge for /app/data/b2c/226177/b05376m/pwhm-226177/include_priv/nl80211/wld_nl80211_core_priv.h
2025-12-30 03:53:18,181 - Knowledge - INFO - Fast-tracked /app/data/b2c/226177/b05376m/pwhm-226177/CHANGELOG.md (ext=.md, size=66601)
2025-12-30 03:53:18,673 - Knowledge - INFO - done ingest for /app/data/b2c/226177/b05376m/pwhm-226177/include/wld/wld_wpaCtrl_types.h
2025-12-30 03:53:18,989 - Knowledge - INFO - Async storage completed for 4 embeddings
2025-12-30 03:53:19,129 - Knowledge - INFO - Async storage completed for 4 embeddings
2025-12-30 03:53:20,102 - Knowledge - INFO - Processing batch of 3 files
2025-12-30 03:53:20,576 - Knowledge - INFO - process ingested knowledge for /app/data/b2c/226177/b05376m/pwhm-226177/makefile.inc
2025-12-30 03:53:21,614 - Knowledge - INFO - process ingested knowledge for /app/data/b2c/226177/b05376m/pwhm-226177/baf.yml
2025-12-30 03:53:22,420 - Knowledge - INFO - [LLM_CALL] Completed: wld_epMld.h:chunk1, Duration: 114172ms, PromptTokens: 2238, CompletionTokens: 211, Cost: $0.00031
2025-12-30 03:53:22,894 - Knowledge - INFO - done ingest for /app/data/b2c/226177/b05376m/pwhm-226177/include/wld/wld_epMld.h
2025-12-30 03:53:22,918 - Knowledge - INFO - [LLM_CALL] Completed: wld_bStaMld.h:chunk1, Duration: 106649ms, PromptTokens: 2208, CompletionTokens: 211, Cost: $0.00031
2025-12-30 03:53:22,938 - Knowledge - INFO - process ingested knowledge for /app/data/b2c/226177/b05376m/pwhm-226177/CHANGELOG.md
2025-12-30 03:53:24,155 - Knowledge - INFO - Async storage completed for 4 embeddings
2025-12-30 03:53:24,168 - Knowledge - INFO - done ingest for /app/data/b2c/226177/b05376m/pwhm-226177/include/wld/wld_bStaMld.h
2025-12-30 03:53:25,970 - Knowledge - INFO - [LLM_CALL] Completed: wld_wpaCtrlMngr.h:chunk1, Duration: 112523ms, PromptTokens: 4876, CompletionTokens: 668, Cost: $0.00075
2025-12-30 03:53:26,514 - Knowledge - INFO - done ingest for /app/data/b2c/226177/b05376m/pwhm-226177/include/wld/wld_wpaCtrlMngr.h
2025-12-30 03:53:28,758 - Knowledge - INFO - [LLM_CALL] Completed: wld_linuxWExtUtils.h:chunk1, Duration: 122123ms, PromptTokens: 2444, CompletionTokens: 189, Cost: $0.00032
2025-12-30 03:53:28,880 - Knowledge - INFO - Async storage completed for 4 embeddings
2025-12-30 03:53:29,241 - Knowledge - INFO - done ingest for /app/data/b2c/226177/b05376m/pwhm-226177/include/wld/wld_linuxWExtUtils.h
2025-12-30 03:53:29,316 - Knowledge - INFO - [LLM_CALL] Completed: wld_types.h:chunk1, Duration: 82907ms, PromptTokens: 5888, CompletionTokens: 374, Cost: $0.00074
2025-12-30 03:53:30,100 - Knowledge - INFO - done ingest for /app/data/b2c/226177/b05376m/pwhm-226177/include/wld/wld_types.h
2025-12-30 03:53:30,933 - Knowledge - WARNING - Timeout processing /app/data/b2c/226177/b05376m/pwhm-226177/include/wld/wld_chanmgt.h after 90s - using fallback metadata
2025-12-30 03:53:31,828 - Knowledge - INFO - [LLM_CALL] Completed: wld_wps.h:chunk1, Duration: 123387ms, PromptTokens: 3704, CompletionTokens: 1016, Cost: $0.00078
2025-12-30 03:53:32,199 - Knowledge - INFO - done ingest for /app/data/b2c/226177/b05376m/pwhm-226177/include/wld/wld_wps.h
2025-12-30 03:53:32,636 - Knowledge - INFO - [LLM_CALL] Completed: wld_common.h:chunk1, Duration: 118347ms, PromptTokens: 2170, CompletionTokens: 237, Cost: $0.00031
2025-12-30 03:53:34,041 - Knowledge - INFO - done ingest for /app/data/b2c/226177/b05376m/pwhm-226177/include/wld/wld_common.h
2025-12-30 03:53:34,906 - Knowledge - INFO - [LLM_CALL] Completed: wld_nl80211_events.h:chunk1, Duration: 114560ms, PromptTokens: 7070, CompletionTokens: 511, Cost: $0.00091
2025-12-30 03:53:35,425 - Knowledge - INFO - done ingest for /app/data/b2c/226177/b05376m/pwhm-226177/include/wld/wld_nl80211_events.h
2025-12-30 03:53:35,523 - Knowledge - INFO - [LLM_CALL] Completed: wld_nl80211_events_priv.h:chunk1, Duration: 77458ms, PromptTokens: 3412, CompletionTokens: 416, Cost: $0.00051
2025-12-30 03:53:36,132 - Knowledge - INFO - done ingest for /app/data/b2c/226177/b05376m/pwhm-226177/include_priv/nl80211/wld_nl80211_events_priv.h
2025-12-30 03:53:36,160 - Knowledge - INFO - Async storage completed for 4 embeddings
2025-12-30 03:53:36,805 - Knowledge - INFO - Processing batch of 4 files
2025-12-30 03:53:37,249 - Knowledge - INFO - process ingested knowledge for /app/data/b2c/226177/b05376m/pwhm-226177/include/wld/wld_hostapd_cfgFile.h
2025-12-30 03:53:37,985 - Knowledge - INFO - [LLM_CALL] Completed: wld_channel_types.h:chunk1, Duration: 134146ms, PromptTokens: 2940, CompletionTokens: 319, Cost: $0.00042
2025-12-30 03:53:38,106 - Knowledge - INFO - process ingested knowledge for /app/data/b2c/226177/b05376m/pwhm-226177/include/wld/wld_epMld.h
2025-12-30 03:53:38,433 - Knowledge - INFO - done ingest for /app/data/b2c/226177/b05376m/pwhm-226177/include/wld/wld_channel_types.h
2025-12-30 03:53:38,765 - Knowledge - INFO - process ingested knowledge for /app/data/b2c/226177/b05376m/pwhm-226177/include/wld/wld_chanmgt.h
2025-12-30 03:53:39,419 - Knowledge - INFO - process ingested knowledge for /app/data/b2c/226177/b05376m/pwhm-226177/include/wld/wld_types.h
2025-12-30 03:53:39,939 - Knowledge - WARNING - Timeout processing /app/data/b2c/226177/b05376m/pwhm-226177/include/wld/wld_wpaSupp_cfgFile.h after 90s - using fallback metadata
2025-12-30 03:53:40,371 - Knowledge - WARNING - Timeout processing /app/data/b2c/226177/b05376m/pwhm-226177/include/wld/wld_nl80211_api.h after 90s - using fallback metadata
2025-12-30 03:53:42,282 - Knowledge - INFO - [LLM_CALL] Completed: wld_ep_nl80211.h:chunk1, Duration: 100081ms, PromptTokens: 2856, CompletionTokens: 573, Cost: $0.00051
2025-12-30 03:53:42,744 - Knowledge - INFO - done ingest for /app/data/b2c/226177/b05376m/pwhm-226177/include/wld/wld_ep_nl80211.h
2025-12-30 03:53:46,381 - Knowledge - INFO - Processing batch of 4 files
2025-12-30 03:53:46,992 - Knowledge - INFO - process ingested knowledge for /app/data/b2c/226177/b05376m/pwhm-226177/include/wld/wld_bStaMld.h
2025-12-30 03:53:47,179 - Knowledge - INFO - Processing batch of 4 files
2025-12-30 03:53:47,237 - Knowledge - INFO - [WEBSOCKET] Sent: Type=progress_update, Size: 293, Duration: 0ms
2025-12-30 03:53:47,789 - Knowledge - INFO - process ingested knowledge for /app/data/b2c/226177/b05376m/pwhm-226177/include/wld/wld_linuxIfStats.h
2025-12-30 03:53:47,918 - Knowledge - INFO - process ingested knowledge for /app/data/b2c/226177/b05376m/pwhm-226177/include/wld/wld_channel_lib.h
2025-12-30 03:53:48,031 - Knowledge - INFO - [WEBSOCKET] Sent: Type=unknown, Size: ?, Duration: 794ms
2025-12-30 03:53:48,481 - Knowledge - INFO - Progress: 81.5% | Files: 247/303 | Rate: 0.77 files/sec | Queue: 0
2025-12-30 03:53:48,528 - Knowledge - INFO - [LLM_CALL] Completed: wld_plugin.h:chunk1, Duration: 19238ms, PromptTokens: 2066, CompletionTokens: 160, Cost: $0.00027
2025-12-30 03:53:48,590 - Knowledge - INFO - process ingested knowledge for /app/data/b2c/226177/b05376m/pwhm-226177/include/wld/wld_wpaSupp_cfgFile.h
2025-12-30 03:53:48,655 - Knowledge - INFO - process ingested knowledge for /app/data/b2c/226177/b05376m/pwhm-226177/include/wld/wld_wps.h
2025-12-30 03:53:49,411 - Knowledge - INFO - done ingest for /app/data/b2c/226177/b05376m/pwhm-226177/include_priv/Plugin/wld_plugin.h
2025-12-30 03:53:49,645 - Knowledge - WARNING - Timeout processing /app/data/b2c/226177/b05376m/pwhm-226177/include/wld/wld_nl80211_compat.h after 90s - using fallback metadata
2025-12-30 03:53:50,111 - Knowledge - INFO - process ingested knowledge for /app/data/b2c/226177/b05376m/pwhm-226177/include/wld/wld_nl80211_events.h
2025-12-30 03:53:50,167 - Knowledge - INFO - process ingested knowledge for /app/data/b2c/226177/b05376m/pwhm-226177/include/wld/wld_nl80211_api.h
2025-12-30 03:53:51,438 - Knowledge - INFO - process ingested knowledge for /app/data/b2c/226177/b05376m/pwhm-226177/include/wld/wld_ep_nl80211.h
2025-12-30 03:53:52,421 - Knowledge - INFO - [LLM_CALL] Completed: wld_sensing.h:chunk1, Duration: 80343ms, PromptTokens: 2618, CompletionTokens: 387, Cost: $0.00042
2025-12-30 03:53:52,921 - Knowledge - INFO - done ingest for /app/data/b2c/226177/b05376m/pwhm-226177/include/wld/wld_sensing.h
2025-12-30 03:53:56,425 - Knowledge - INFO - [LLM_CALL] Completed: wld_ssid.h:chunk1, Duration: 100996ms, PromptTokens: 3834, CompletionTokens: 1167, Cost: $0.00085
2025-12-30 03:53:56,776 - Knowledge - INFO - done ingest for /app/data/b2c/226177/b05376m/pwhm-226177/include/wld/wld_ssid.h
2025-12-30 03:54:00,903 - Knowledge - INFO - Processing batch of 4 files
2025-12-30 03:54:01,290 - Knowledge - INFO - process ingested knowledge for /app/data/b2c/226177/b05376m/pwhm-226177/include/wld/wld_channel_types.h
2025-12-30 03:54:02,950 - Knowledge - INFO - process ingested knowledge for /app/data/b2c/226177/b05376m/pwhm-226177/include/wld/wld_common.h
2025-12-30 03:54:04,226 - Knowledge - INFO - process ingested knowledge for /app/data/b2c/226177/b05376m/pwhm-226177/include/wld/wld_statsmon.h
2025-12-30 03:54:05,788 - Knowledge - INFO - [LLM_CALL] Completed: wld_nl80211_parser.h:chunk1, Duration: 84433ms, PromptTokens: 4556, CompletionTokens: 933, Cost: $0.00083
2025-12-30 03:54:06,092 - Knowledge - INFO - done ingest for /app/data/b2c/226177/b05376m/pwhm-226177/include_priv/nl80211/wld_nl80211_parser.h
2025-12-30 03:54:06,232 - Knowledge - INFO - process ingested knowledge for /app/data/b2c/226177/b05376m/pwhm-226177/include/wld/wld_nl80211_compat.h
2025-12-30 03:54:07,538 - Knowledge - WARNING - Timeout processing /app/data/b2c/226177/b05376m/pwhm-226177/include_priv/nl80211/wld_nl80211_scan_priv.h after 90s - using fallback metadata
2025-12-30 03:54:08,683 - Knowledge - INFO - [LLM_CALL] Completed: wld_hostapd_cfgManager.h:chunk1, Duration: 139379ms, PromptTokens: 2742, CompletionTokens: 877, Cost: $0.00062
2025-12-30 03:54:09,361 - Knowledge - INFO - done ingest for /app/data/b2c/226177/b05376m/pwhm-226177/include/wld/wld_hostapd_cfgManager.h
2025-12-30 03:54:09,397 - Knowledge - INFO - [LLM_CALL] Completed: wld_apMld.h:chunk1, Duration: 163260ms, PromptTokens: 2880, CompletionTokens: 1078, Cost: $0.00072
2025-12-30 03:54:10,082 - Knowledge - INFO - done ingest for /app/data/b2c/226177/b05376m/pwhm-226177/include/wld/wld_apMld.h
2025-12-30 03:54:10,104 - Knowledge - WARNING - Timeout processing /app/data/b2c/226177/b05376m/pwhm-226177/include/wld/wld_wpaCtrl_events.h after 90s - using fallback metadata
2025-12-30 03:54:10,592 - Knowledge - INFO - [LLM_CALL] Completed: wld_rad_delayMgr.h:chunk1, Duration: 127195ms, PromptTokens: 2382, CompletionTokens: 553, Cost: $0.00046
2025-12-30 03:54:11,010 - Knowledge - WARNING - Timeout processing /app/data/b2c/226177/b05376m/pwhm-226177/include/wld/wld_rad_macCfg.h after 90s - using fallback metadata
2025-12-30 03:54:11,345 - Knowledge - INFO - done ingest for /app/data/b2c/226177/b05376m/pwhm-226177/include/wld/wld_rad_delayMgr.h
2025-12-30 03:54:11,549 - Knowledge - WARNING - Timeout processing /app/data/b2c/226177/b05376m/pwhm-226177/include/wld/wld_util.h after 90s - using fallback metadata
2025-12-30 03:54:11,587 - Knowledge - INFO - [LLM_CALL] Completed: wld_ap_rssiMonitor.h:chunk1, Duration: 112781ms, PromptTokens: 3226, CompletionTokens: 956, Cost: $0.00070
2025-12-30 03:54:12,368 - Knowledge - INFO - done ingest for /app/data/b2c/226177/b05376m/pwhm-226177/include/wld/wld_ap_rssiMonitor.h
2025-12-30 03:54:12,932 - Knowledge - INFO - [LLM_CALL] Completed: wld_rad_evtHandler.h:chunk1, Duration: 141993ms, PromptTokens: 3202, CompletionTokens: 323, Cost: $0.00045
2025-12-30 03:54:12,975 - Knowledge - WARNING - Timeout processing /app/data/b2c/226177/b05376m/pwhm-226177/include/wld/wld_vendorModule_mgr.h after 90s - using fallback metadata
2025-12-30 03:54:13,385 - Knowledge - WARNING - Timeout processing /app/data/b2c/226177/b05376m/pwhm-226177/include/wld/wld_wpaSupp_cfgManager.h after 90s - using fallback metadata
2025-12-30 03:54:13,632 - Knowledge - INFO - done ingest for /app/data/b2c/226177/b05376m/pwhm-226177/include/wld/wld_rad_evtHandler.h
2025-12-30 03:54:13,843 - Knowledge - WARNING - Timeout processing /app/data/b2c/226177/b05376m/pwhm-226177/include/wld/wld_channel.h after 90s - using fallback metadata
2025-12-30 03:54:13,922 - Knowledge - INFO - [WEBSOCKET] Sent: Type=progress_update, Size: 293, Duration: 0ms
2025-12-30 03:54:14,113 - Knowledge - WARNING - Timeout processing /app/data/b2c/226177/b05376m/pwhm-226177/include/wld/wld_secDmn.h after 90s - using fallback metadata
2025-12-30 03:54:14,717 - Knowledge - INFO - [WEBSOCKET] Sent: Type=unknown, Size: ?, Duration: 795ms
2025-12-30 03:54:14,872 - Knowledge - WARNING - Timeout processing /app/data/b2c/226177/b05376m/pwhm-226177/include/wld/wld_nl80211_types.h after 90s - using fallback metadata
2025-12-30 03:54:15,073 - Knowledge - INFO - Progress: 84.8% | Files: 258/303 | Rate: 0.75 files/sec | Queue: 0
2025-12-30 03:54:15,267 - Knowledge - INFO - [LLM_CALL] Completed: wld_endpoint.h:chunk1, Duration: 143105ms, PromptTokens: 4168, CompletionTokens: 1876, Cost: $0.00117
2025-12-30 03:54:15,295 - Knowledge - WARNING - Timeout processing /app/data/b2c/226177/b05376m/pwhm-226177/include/wld/wld_rad_hostapd_api.h after 90s - using fallback metadata
2025-12-30 03:54:15,797 - Knowledge - INFO - done ingest for /app/data/b2c/226177/b05376m/pwhm-226177/include/wld/wld_endpoint.h
2025-12-30 03:54:15,892 - Knowledge - INFO - [LLM_CALL] Completed: wifiGen_mld.h:chunk1, Duration: 56439ms, PromptTokens: 2224, CompletionTokens: 447, Cost: $0.00040
2025-12-30 03:54:16,167 - Knowledge - WARNING - Timeout processing /app/data/b2c/226177/b05376m/pwhm-226177/include/wld/wld_secDmnGrp.h after 90s - using fallback metadata
2025-12-30 03:54:17,088 - Knowledge - INFO - done ingest for /app/data/b2c/226177/b05376m/pwhm-226177/include_priv/Plugin/wifiGen_mld.h
2025-12-30 03:54:17,423 - Knowledge - INFO - Processing batch of 4 files
2025-12-30 03:54:17,553 - Knowledge - INFO - [LLM_CALL] Completed: wld_persist.h:chunk1, Duration: 117140ms, PromptTokens: 2156, CompletionTokens: 410, Cost: $0.00038
2025-12-30 03:54:17,770 - Knowledge - INFO - process ingested knowledge for /app/data/b2c/226177/b05376m/pwhm-226177/include_priv/nl80211/wld_nl80211_scan_priv.h
2025-12-30 03:54:17,991 - Knowledge - INFO - done ingest for /app/data/b2c/226177/b05376m/pwhm-226177/include/wld/Features/wld_persist.h
2025-12-30 03:54:18,206 - Knowledge - INFO - [LLM_CALL] Completed: wld_nl80211_api_priv.h:chunk1, Duration: 72130ms, PromptTokens: 4098, CompletionTokens: 597, Cost: $0.00065
2025-12-30 03:54:18,454 - Knowledge - INFO - process ingested knowledge for /app/data/b2c/226177/b05376m/pwhm-226177/include_priv/nl80211/wld_wpaSupp_cfgManager_priv.h
2025-12-30 03:54:18,752 - Knowledge - INFO - done ingest for /app/data/b2c/226177/b05376m/pwhm-226177/include_priv/nl80211/wld_nl80211_api_priv.h
2025-12-30 03:54:18,816 - Knowledge - INFO - [LLM_CALL] Completed: wld_secDmnGrp_priv.h:chunk1, Duration: 120759ms, PromptTokens: 2802, CompletionTokens: 678, Cost: $0.00055
2025-12-30 03:54:19,067 - Knowledge - INFO - process ingested knowledge for /app/data/b2c/226177/b05376m/pwhm-226177/include_priv/nl80211/wld_nl80211_events_priv.h
2025-12-30 03:54:19,491 - Knowledge - INFO - done ingest for /app/data/b2c/226177/b05376m/pwhm-226177/include_priv/nl80211/wld_secDmnGrp_priv.h
2025-12-30 03:54:19,569 - Knowledge - INFO - Processing batch of 4 files
2025-12-30 03:54:19,634 - Knowledge - INFO - [LLM_CALL] Completed: wifiGen_vap.h:chunk1, Duration: 85970ms, PromptTokens: 3680, CompletionTokens: 723, Cost: $0.00066
2025-12-30 03:54:19,836 - Knowledge - INFO - process ingested knowledge for /app/data/b2c/226177/b05376m/pwhm-226177/include_priv/nl80211/wld_nl80211_parser.h
2025-12-30 03:54:20,013 - Knowledge - INFO - process ingested knowledge for /app/data/b2c/226177/b05376m/pwhm-226177/include/wld/wld_wpaCtrl_events.h
2025-12-30 03:54:20,169 - Knowledge - INFO - done ingest for /app/data/b2c/226177/b05376m/pwhm-226177/include_priv/Plugin/wifiGen_vap.h
2025-12-30 03:54:20,497 - Knowledge - INFO - Processing batch of 4 files
2025-12-30 03:54:20,684 - Knowledge - INFO - Processing batch of 4 files
2025-12-30 03:54:20,711 - Knowledge - INFO - process ingested knowledge for /app/data/b2c/226177/b05376m/pwhm-226177/include/wld/wld_wpaCtrl_types.h
2025-12-30 03:54:21,037 - Knowledge - INFO - process ingested knowledge for /app/data/b2c/226177/b05376m/pwhm-226177/include/wld/wld_util.h
2025-12-30 03:54:21,109 - Knowledge - INFO - [LLM_CALL] Completed: wld_wpaSupp_ep_api.h:chunk1, Duration: 124983ms, PromptTokens: 3352, CompletionTokens: 1000, Cost: $0.00074
2025-12-30 03:54:21,360 - Knowledge - INFO - process ingested knowledge for /app/data/b2c/226177/b05376m/pwhm-226177/include/wld/wld_linuxWExtUtils.h
2025-12-30 03:54:21,613 - Knowledge - WARNING - Timeout processing /app/data/b2c/226177/b05376m/pwhm-226177/include/wld/wld_extMod.h after 90s - using fallback metadata
2025-12-30 03:54:21,805 - Knowledge - INFO - done ingest for /app/data/b2c/226177/b05376m/pwhm-226177/include/wld/wld_wpaSupp_ep_api.h
2025-12-30 03:54:21,829 - Knowledge - INFO - [LLM_CALL] Completed: wifiGen.h:chunk1, Duration: 47691ms, PromptTokens: 2148, CompletionTokens: 276, Cost: $0.00033
2025-12-30 03:54:21,948 - Knowledge - INFO - process ingested knowledge for /app/data/b2c/226177/b05376m/pwhm-226177/include/wld/wld_apMld.h
2025-12-30 03:54:22,633 - Knowledge - INFO - process ingested knowledge for /app/data/b2c/226177/b05376m/pwhm-226177/include/wld/wld_vendorModule_mgr.h
2025-12-30 03:54:22,649 - Knowledge - INFO - process ingested knowledge for /app/data/b2c/226177/b05376m/pwhm-226177/include/wld/wld_rad_macCfg.h
2025-12-30 03:54:22,726 - Knowledge - INFO - done ingest for /app/data/b2c/226177/b05376m/pwhm-226177/include_priv/Plugin/wifiGen.h
2025-12-30 03:54:22,743 - Knowledge - INFO - Processing batch of 4 files
2025-12-30 03:54:22,817 - Knowledge - INFO - Processing batch of 4 files
2025-12-30 03:54:22,977 - Knowledge - WARNING - Timeout processing /app/data/b2c/226177/b05376m/pwhm-226177/include/wld/wld_mld.h after 90s - using fallback metadata
2025-12-30 03:54:23,504 - Knowledge - INFO - process ingested knowledge for /app/data/b2c/226177/b05376m/pwhm-226177/include/wld/wld_wpaSupp_cfgManager.h
2025-12-30 03:54:23,516 - Knowledge - INFO - process ingested knowledge for /app/data/b2c/226177/b05376m/pwhm-226177/include/wld/wld_sensing.h
2025-12-30 03:54:23,580 - Knowledge - INFO - process ingested knowledge for /app/data/b2c/226177/b05376m/pwhm-226177/include/wld/wld_channel.h
2025-12-30 03:54:23,640 - Knowledge - INFO - process ingested knowledge for /app/data/b2c/226177/b05376m/pwhm-226177/include/wld/wld_secDmnGrp.h
2025-12-30 03:54:23,994 - Knowledge - WARNING - Timeout processing /app/data/b2c/226177/b05376m/pwhm-226177/include/wld/wld_radio.h after 90s - using fallback metadata
2025-12-30 03:54:24,595 - Knowledge - INFO - process ingested knowledge for /app/data/b2c/226177/b05376m/pwhm-226177/include/wld/wld_secDmn.h
2025-12-30 03:54:24,613 - Knowledge - INFO - process ingested knowledge for /app/data/b2c/226177/b05376m/pwhm-226177/include/wld/wld_ap_rssiMonitor.h
2025-12-30 03:54:24,917 - Knowledge - WARNING - Timeout processing /app/data/b2c/226177/b05376m/pwhm-226177/include/wld/wld_tinyRoam.h after 90s - using fallback metadata
2025-12-30 03:54:25,054 - Knowledge - INFO - [LLM_CALL] Completed: wld_wpaCtrlMngr_priv.h:chunk1, Duration: 93399ms, PromptTokens: 3016, CompletionTokens: 375, Cost: $0.00045
2025-12-30 03:54:25,204 - Knowledge - INFO - process ingested knowledge for /app/data/b2c/226177/b05376m/pwhm-226177/include/wld/wld_nl80211_types.h
2025-12-30 03:54:25,211 - Knowledge - INFO - process ingested knowledge for /app/data/b2c/226177/b05376m/pwhm-226177/include/wld/wld_rad_evtHandler.h
2025-12-30 03:54:25,299 - Knowledge - INFO - process ingested knowledge for /app/data/b2c/226177/b05376m/pwhm-226177/include/wld/wld_wpaCtrlInterface.h
2025-12-30 03:54:25,448 - Knowledge - INFO - done ingest for /app/data/b2c/226177/b05376m/pwhm-226177/include_priv/nl80211/wld_wpaCtrlMngr_priv.h
2025-12-30 03:54:25,864 - Knowledge - INFO - [WEBSOCKET] Sent: Type=progress_update, Size: 273, Duration: 0ms
2025-12-30 03:54:25,938 - Knowledge - INFO - process ingested knowledge for /app/data/b2c/226177/b05376m/pwhm-226177/include/wld/wld_ssid.h
2025-12-30 03:54:26,503 - Knowledge - INFO - [WEBSOCKET] Sent: Type=unknown, Size: ?, Duration: 639ms
2025-12-30 03:54:26,723 - Knowledge - INFO - process ingested knowledge for /app/data/b2c/226177/b05376m/pwhm-226177/include/wld/wld_rad_hostapd_api.h
2025-12-30 03:54:26,749 - Knowledge - INFO - Progress: 92.1% | Files: 282/303 | Rate: 0.79 files/sec | Queue: 0
2025-12-30 03:54:26,750 - Knowledge - INFO - process ingested knowledge for /app/data/b2c/226177/b05376m/pwhm-226177/include/wld/wld_secDmn_types.h
2025-12-30 03:54:26,803 - Knowledge - INFO - Processing batch of 4 files
2025-12-30 03:54:26,891 - Knowledge - INFO - process ingested knowledge for /app/data/b2c/226177/b05376m/pwhm-226177/include_priv/VendorModule/wld_vendorModule_priv.h
2025-12-30 03:54:27,455 - Knowledge - INFO - process ingested knowledge for /app/data/b2c/226177/b05376m/pwhm-226177/include/wld/wld_wpaCtrlMngr.h
2025-12-30 03:54:28,214 - Knowledge - INFO - [LLM_CALL] Completed: wld_hostapd_cfgManager_priv.h:chunk1, Duration: 117429ms, PromptTokens: 2220, CompletionTokens: 163, Cost: $0.00029
2025-12-30 03:54:28,536 - Knowledge - INFO - done ingest for /app/data/b2c/226177/b05376m/pwhm-226177/include_priv/nl80211/wld_hostapd_cfgManager_priv.h
2025-12-30 03:54:28,740 - Knowledge - INFO - [LLM_CALL] Completed: wifiGen_wpaSupp.h:chunk1, Duration: 75370ms, PromptTokens: 2330, CompletionTokens: 691, Cost: $0.00051
2025-12-30 03:54:29,149 - Knowledge - INFO - done ingest for /app/data/b2c/226177/b05376m/pwhm-226177/include_priv/Plugin/wifiGen_wpaSupp.h
2025-12-30 03:54:29,325 - Knowledge - INFO - process ingested knowledge for /app/data/b2c/226177/b05376m/pwhm-226177/include/wld/wld_endpoint.h
2025-12-30 03:54:29,357 - Knowledge - INFO - Processing batch of 4 files
2025-12-30 03:54:29,896 - Knowledge - INFO - process ingested knowledge for /app/data/b2c/226177/b05376m/pwhm-226177/include/wld/Utils/wld_autoCommitRadData.h
2025-12-30 03:54:31,020 - Knowledge - INFO - process ingested knowledge for /app/data/b2c/226177/b05376m/pwhm-226177/include/wld/wld_mld.h
2025-12-30 03:54:31,112 - Knowledge - INFO - Processing batch of 4 files
2025-12-30 03:54:31,477 - Knowledge - INFO - process ingested knowledge for /app/data/b2c/226177/b05376m/pwhm-226177/include/wld/wld_extMod.h
2025-12-30 03:54:31,551 - Knowledge - INFO - process ingested knowledge for /app/data/b2c/226177/b05376m/pwhm-226177/include/wld/wld_radio.h
2025-12-30 03:54:31,892 - Knowledge - INFO - [LLM_CALL] Completed: wifiGen_zwdfs.h:chunk1, Duration: 90871ms, PromptTokens: 2622, CompletionTokens: 517, Cost: $0.00047
2025-12-30 03:54:32,175 - Knowledge - INFO - process ingested knowledge for /app/data/b2c/226177/b05376m/pwhm-226177/include/wld/wld_hostapd_cfgManager.h
2025-12-30 03:54:32,212 - Knowledge - INFO - process ingested knowledge for /app/data/b2c/226177/b05376m/pwhm-226177/include/wld/wld.h
2025-12-30 03:54:32,214 - Knowledge - INFO - done ingest for /app/data/b2c/226177/b05376m/pwhm-226177/include_priv/Plugin/wifiGen_zwdfs.h
2025-12-30 03:54:33,179 - Knowledge - INFO - process ingested knowledge for /app/data/b2c/226177/b05376m/pwhm-226177/include/wld/wld_wpaSupp_ep_api.h
2025-12-30 03:54:33,331 - Knowledge - INFO - process ingested knowledge for /app/data/b2c/226177/b05376m/pwhm-226177/include/wld/wld_rad_delayMgr.h
2025-12-30 03:54:34,574 - Knowledge - INFO - [WEBSOCKET] Sent: Type=progress_update, Size: 272, Duration: 0ms
2025-12-30 03:54:34,926 - Knowledge - INFO - [LLM_CALL] Completed: wifiGen_events.h:chunk1, Duration: 74752ms, PromptTokens: 2278, CompletionTokens: 563, Cost: $0.00045
2025-12-30 03:54:35,202 - Knowledge - INFO - process ingested knowledge for /app/data/b2c/226177/b05376m/pwhm-226177/include/wld/Features/wld_persist.h
2025-12-30 03:54:35,215 - Knowledge - INFO - done ingest for /app/data/b2c/226177/b05376m/pwhm-226177/include_priv/Plugin/wifiGen_events.h
2025-12-30 03:54:35,230 - Knowledge - INFO - [WEBSOCKET] Sent: Type=unknown, Size: ?, Duration: 656ms
2025-12-30 03:54:35,822 - Knowledge - INFO - Progress: 94.7% | Files: 287/303 | Rate: 0.79 files/sec | Queue: 0
2025-12-30 03:54:35,828 - Knowledge - INFO - [LLM_CALL] Completed: wifiGen_fsm.h:chunk1, Duration: 111848ms, PromptTokens: 3126, CompletionTokens: 188, Cost: $0.00039
2025-12-30 03:54:36,195 - Knowledge - INFO - done ingest for /app/data/b2c/226177/b05376m/pwhm-226177/include_priv/Plugin/wifiGen_fsm.h
2025-12-30 03:54:36,197 - Knowledge - INFO - [LLM_CALL] Completed: wld_wpaCtrlConnection_priv.h:chunk1, Duration: 147667ms, PromptTokens: 3306, CompletionTokens: 1216, Cost: $0.00082
2025-12-30 03:54:36,622 - Knowledge - INFO - done ingest for /app/data/b2c/226177/b05376m/pwhm-226177/include_priv/nl80211/wld_wpaCtrlConnection_priv.h
2025-12-30 03:54:37,364 - Knowledge - INFO - process ingested knowledge for /app/data/b2c/226177/b05376m/pwhm-226177/include/wld/wld_tinyRoam.h
2025-12-30 03:54:38,453 - Knowledge - INFO - [LLM_CALL] Completed: wifiGen_hapd.h:chunk1, Duration: 92046ms, PromptTokens: 3176, CompletionTokens: 1664, Cost: $0.00098
2025-12-30 03:54:38,699 - Knowledge - INFO - done ingest for /app/data/b2c/226177/b05376m/pwhm-226177/include_priv/Plugin/wifiGen_hapd.h
2025-12-30 03:54:39,644 - Knowledge - INFO - [LLM_CALL] Completed: wifiGen_ep.h:chunk1, Duration: 93084ms, PromptTokens: 3010, CompletionTokens: 1211, Cost: $0.00079
2025-12-30 03:54:39,861 - Knowledge - INFO - done ingest for /app/data/b2c/226177/b05376m/pwhm-226177/include_priv/Plugin/wifiGen_ep.h
2025-12-30 03:54:40,595 - Knowledge - INFO - [WEBSOCKET] Sent: Type=progress_update, Size: 272, Duration: 0ms
2025-12-30 03:54:40,799 - Knowledge - INFO - [LLM_CALL] Completed: wifiGen_rad.h:chunk1, Duration: 130042ms, PromptTokens: 3662, CompletionTokens: 708, Cost: $0.00065
2025-12-30 03:54:41,036 - Knowledge - INFO - done ingest for /app/data/b2c/226177/b05376m/pwhm-226177/include_priv/Plugin/wifiGen_rad.h
2025-12-30 03:54:41,039 - Knowledge - INFO - [WEBSOCKET] Sent: Type=unknown, Size: ?, Duration: 444ms
2025-12-30 03:54:41,389 - Knowledge - INFO - Progress: 97.0% | Files: 298/303 | Rate: 0.80 files/sec | Queue: 0
2025-12-30 03:54:41,391 - Knowledge - INFO - Processing batch of 4 files
2025-12-30 03:54:41,419 - Knowledge - INFO - Processing batch of 4 files
2025-12-30 03:54:41,421 - Knowledge - INFO - Processing batch of 4 files
2025-12-30 03:54:41,446 - Knowledge - INFO - Processing batch of 4 files
2025-12-30 03:54:41,752 - Knowledge - INFO - process ingested knowledge for /app/data/b2c/226177/b05376m/pwhm-226177/include_priv/nl80211/wld_secDmnGrp_priv.h
2025-12-30 03:54:41,908 - Knowledge - INFO - process ingested knowledge for /app/data/b2c/226177/b05376m/pwhm-226177/include_priv/nl80211/wld_wpaCtrlConnection_priv.h
2025-12-30 03:54:41,985 - Knowledge - INFO - process ingested knowledge for /app/data/b2c/226177/b05376m/pwhm-226177/include_priv/Plugin/wifiGen_hapd.h
2025-12-30 03:54:42,092 - Knowledge - INFO - process ingested knowledge for /app/data/b2c/226177/b05376m/pwhm-226177/include_priv/Plugin/wifiGen_rad.h
2025-12-30 03:54:42,190 - Knowledge - INFO - process ingested knowledge for /app/data/b2c/226177/b05376m/pwhm-226177/include_priv/Plugin/wifiGen_fsm.h
2025-12-30 03:54:42,263 - Knowledge - INFO - process ingested knowledge for /app/data/b2c/226177/b05376m/pwhm-226177/include_priv/nl80211/wld_hostapd_cfgManager_priv.h
2025-12-30 03:54:42,370 - Knowledge - INFO - process ingested knowledge for /app/data/b2c/226177/b05376m/pwhm-226177/include_priv/Plugin/wifiGen_mld.h
2025-12-30 03:54:42,467 - Knowledge - INFO - process ingested knowledge for /app/data/b2c/226177/b05376m/pwhm-226177/include_priv/Plugin/wifiGen_vap.h
2025-12-30 03:54:42,568 - Knowledge - INFO - process ingested knowledge for /app/data/b2c/226177/b05376m/pwhm-226177/include_priv/Plugin/wifiGen_zwdfs.h
2025-12-30 03:54:42,649 - Knowledge - INFO - process ingested knowledge for /app/data/b2c/226177/b05376m/pwhm-226177/include_priv/nl80211/wld_wpaCtrlMngr_priv.h
2025-12-30 03:54:42,758 - Knowledge - INFO - process ingested knowledge for /app/data/b2c/226177/b05376m/pwhm-226177/include_priv/Plugin/wld_plugin.h
2025-12-30 03:54:42,872 - Knowledge - INFO - process ingested knowledge for /app/data/b2c/226177/b05376m/pwhm-226177/include_priv/Plugin/wifiGen_ep.h
2025-12-30 03:54:42,950 - Knowledge - INFO - process ingested knowledge for /app/data/b2c/226177/b05376m/pwhm-226177/include_priv/Plugin/wifiGen_wpaSupp.h
2025-12-30 03:54:43,074 - Knowledge - INFO - process ingested knowledge for /app/data/b2c/226177/b05376m/pwhm-226177/include_priv/nl80211/wld_nl80211_api_priv.h
2025-12-30 03:54:43,180 - Knowledge - INFO - process ingested knowledge for /app/data/b2c/226177/b05376m/pwhm-226177/include_priv/Plugin/wifiGen.h
2025-12-30 03:54:43,267 - Knowledge - INFO - process ingested knowledge for /app/data/b2c/226177/b05376m/pwhm-226177/include_priv/Plugin/wifiGen_events.h
2025-12-30 03:54:44,049 - Knowledge - INFO - [WEBSOCKET] Sent: Type=progress_update, Size: 274, Duration: 0ms
2025-12-30 03:54:44,261 - Knowledge - INFO - [WEBSOCKET] Sent: Type=unknown, Size: ?, Duration: 210ms
2025-12-30 03:54:44,441 - Knowledge - INFO - Progress: 100.0% | Files: 303/303 | Rate: 0.81 files/sec | Queue: 0
2025-12-30 03:54:44,646 - Knowledge - INFO - Knowledge creation complete
2025-12-30 03:54:44,836 - Knowledge - INFO - ==================================================
2025-12-30 03:54:44,993 - Knowledge - INFO - KNOWLEDGE GRAPH GENERATION PERFORMANCE SUMMARY
2025-12-30 03:54:45,162 - Knowledge - INFO - ==================================================
2025-12-30 03:54:45,380 - Knowledge - INFO - Total processing time: 376.79 seconds (6.28 minutes)
2025-12-30 03:54:45,571 - Knowledge - INFO - Files processed: 0
2025-12-30 03:54:45,747 - Knowledge - INFO - Processing rate: 0.00 files/second
2025-12-30 03:54:45,916 - Knowledge - INFO - 
[TIME_BREAKDOWN]
2025-12-30 03:54:46,085 - Knowledge - INFO - File Reading: 0.00s (0.0%)
2025-12-30 03:54:46,293 - Knowledge - INFO - LLM Processing: 7064.00s (1874.8%)
2025-12-30 03:54:46,482 - Knowledge - INFO - MongoDB Operations: 0.00s (0.0%)
2025-12-30 03:54:46,675 - Knowledge - INFO - Redis Operations: 0.00s (0.0%)
2025-12-30 03:54:46,882 - Knowledge - INFO - WebSocket Communication: 15.93s (4.2%)
2025-12-30 03:54:47,082 - Knowledge - INFO - 
[LLM_STATS]
2025-12-30 03:54:47,292 - Knowledge - INFO - Total LLM calls: 84
2025-12-30 03:54:47,494 - Knowledge - INFO - Average LLM response time: 84095ms
2025-12-30 03:54:47,675 - Knowledge - INFO - Average prompt tokens: 4872.0
2025-12-30 03:54:47,871 - Knowledge - INFO - Average completion tokens: 816.5
2025-12-30 03:54:48,046 - Knowledge - INFO - Total prompt tokens: 409252
2025-12-30 03:54:48,220 - Knowledge - INFO - Total completion tokens: 68590
2025-12-30 03:54:48,439 - Knowledge - INFO - Total LLM cost: $0.0684
2025-12-30 03:54:48,634 - Knowledge - INFO - 
[DATABASE_STATS]
2025-12-30 03:54:48,873 - Knowledge - INFO - MongoDB operations: 0
2025-12-30 03:54:49,076 - Knowledge - INFO - Redis operations: 0
2025-12-30 03:54:49,290 - Knowledge - INFO - 
[COMMUNICATION_STATS]
2025-12-30 03:54:49,484 - Knowledge - INFO - WebSocket messages sent: 43
2025-12-30 03:54:49,666 - Knowledge - INFO - Average message size: 144.2 bytes
2025-12-30 03:54:49,867 - Knowledge - INFO - 
[WORKER_STATS]
2025-12-30 03:54:50,068 - Knowledge - INFO - 
[FILE_TYPE_STATS]
2025-12-30 03:54:50,310 - Knowledge - INFO - 
[SLOWEST_FILES]
2025-12-30 03:54:50,484 - Knowledge - INFO - ==================================================
2025-12-30 03:54:50,693 - Knowledge - INFO - ==================================================
2025-12-30 03:54:50,868 - Knowledge - INFO - KNOWLEDGE GRAPH GENERATION PERFORMANCE SUMMARY
2025-12-30 03:54:51,075 - Knowledge - INFO - ==================================================
2025-12-30 03:54:51,280 - Knowledge - INFO - Total processing time: 382.75 seconds (6.38 minutes)
2025-12-30 03:54:51,461 - Knowledge - INFO - Files processed: 303 of 303
2025-12-30 03:54:51,639 - Knowledge - INFO - Processing rate: 0.79 files/second
2025-12-30 03:54:51,858 - Knowledge - INFO - WebSocket messages sent: 21
2025-12-30 03:54:52,062 - Knowledge - INFO - MongoDB operations: 303
2025-12-30 03:54:52,251 - Knowledge - INFO - Average MongoDB ops per file: 1.00
2025-12-30 03:54:52,453 - Knowledge - INFO - LLM costs: $0.0684
2025-12-30 03:54:52,656 - Knowledge - INFO - Prompt tokens: 409252
2025-12-30 03:54:52,817 - Knowledge - INFO - Completion tokens: 68590
2025-12-30 03:54:53,021 - Knowledge - INFO - Updating org costs, total cost: 0.06836119999999998
2025-12-30 03:54:55,111 - Knowledge - INFO - [WEBSOCKET] Sent: Type=progress_update, Size: 270, Duration: 0ms
2025-12-30 03:54:55,290 - Knowledge - INFO - Saving knowledge to Redis...
2025-12-30 03:54:55,788 - Knowledge - INFO - Knowledge saved to Redis successfully
2026-01-28 11:22:05,703 - Knowledge - INFO - Created shared MongoDB connection pool
2026-01-28 11:22:06,050 - Knowledge - INFO - Starting Knowledge Graph processing with 20 threads
2026-01-28 11:22:06,224 - Knowledge - INFO - Initial configuration: chunk_size=65536, max_cache_size=500
2026-01-28 11:22:06,400 - Knowledge - INFO - Knowledge Graph concurrency configuration: workers=20, max_batch_size=10, max_concurrent_llm_calls=50
2026-01-28 11:22:07,307 - Knowledge - INFO - 🔍 _load_persisted_knowledge called - checking for Redis optimization
2026-01-28 11:22:07,505 - Knowledge - WARNING - ❌ load_from_redis method not found - Redis support not attached
2026-01-28 11:22:07,665 - Knowledge - INFO - load persisted knowledge: begin
2026-01-28 11:22:11,019 - Knowledge - INFO - Persisted knowledge files in /app/data/T0015/311196/b74521f/pwhm-226177/.knowledge have been renamed to use .json
2026-01-28 11:22:11,252 - Knowledge - INFO - Found code-base-name: https://github.com/kavia-common/pwhm-226177.git:kavia-main
2026-01-28 11:22:11,422 - Knowledge - INFO - Found code_base: <app.utils.kg_build.knowledge.KnowledgeCodeBase object at 0x7fcfb397d7d0>
2026-01-28 11:22:11,691 - Knowledge - INFO - Found code-base-name: https://github.com/kavia-common/pwhm-226177.git:kavia-main
2026-01-28 11:22:11,857 - Knowledge - INFO - Found code_base: <app.utils.kg_build.knowledge.KnowledgeCodeBase object at 0x7fcfb397d7d0>
2026-01-28 11:22:12,022 - Knowledge - INFO - persist ingested knowledge for /app/data/T0015/311196/b74521f/pwhm-226177/test/testStaStats/deauthNot/notif_12.txt
2026-01-28 11:22:12,281 - Knowledge - INFO - [MONGODB_OP] Completed: persist, Collection: file_info, Duration: 106ms
2026-01-28 11:22:13,417 - Knowledge - INFO - [REDIS_OP] Completed: store_embedding, Key: test/testStaStats/deauthNot/notif_12.txt, Duration: 902ms
2026-01-28 11:22:13,637 - Knowledge - INFO - persist search terms embedding for test/testStaStats/deauthNot/notif_12.txt
2026-01-28 11:22:13,839 - Knowledge - INFO - process ingested knowledge for /app/data/T0015/311196/b74521f/pwhm-226177/test/testStaStats/deauthNot/notif_12.txt
2026-01-28 11:22:14,003 - Knowledge - INFO - Found code-base-name: https://github.com/kavia-common/pwhm-226177.git:kavia-main
2026-01-28 11:22:14,161 - Knowledge - INFO - Found code_base: <app.utils.kg_build.knowledge.KnowledgeCodeBase object at 0x7fcfb397d7d0>
2026-01-28 11:22:14,431 - Knowledge - INFO - Found code-base-name: https://github.com/kavia-common/pwhm-226177.git:kavia-main
2026-01-28 11:22:14,599 - Knowledge - INFO - Found code_base: <app.utils.kg_build.knowledge.KnowledgeCodeBase object at 0x7fcfb397d7d0>
2026-01-28 11:22:14,762 - Knowledge - INFO - persist ingested knowledge for /app/data/T0015/311196/b74521f/pwhm-226177/src/wld_epMld.c
2026-01-28 11:22:15,055 - Knowledge - INFO - [MONGODB_OP] Completed: persist, Collection: file_info, Duration: 113ms
2026-01-28 11:22:15,437 - Knowledge - INFO - [REDIS_OP] Completed: store_embedding, Key: src/wld_epMld.c, Duration: 207ms
2026-01-28 11:22:15,632 - Knowledge - INFO - persist search terms embedding for src/wld_epMld.c
2026-01-28 11:22:15,803 - Knowledge - INFO - process ingested knowledge for /app/data/T0015/311196/b74521f/pwhm-226177/src/wld_epMld.c
2026-01-28 11:22:16,001 - Knowledge - INFO - Found code-base-name: https://github.com/kavia-common/pwhm-226177.git:kavia-main
2026-01-28 11:22:16,207 - Knowledge - INFO - Found code_base: <app.utils.kg_build.knowledge.KnowledgeCodeBase object at 0x7fcfb397d7d0>
2026-01-28 11:22:16,497 - Knowledge - INFO - Found code-base-name: https://github.com/kavia-common/pwhm-226177.git:kavia-main
2026-01-28 11:22:16,694 - Knowledge - INFO - Found code_base: <app.utils.kg_build.knowledge.KnowledgeCodeBase object at 0x7fcfb397d7d0>
2026-01-28 11:22:16,882 - Knowledge - INFO - persist ingested knowledge for /app/data/T0015/311196/b74521f/pwhm-226177/include/wld/wld_rad_delayMgr.h
2026-01-28 11:22:17,162 - Knowledge - INFO - [MONGODB_OP] Completed: persist, Collection: file_info, Duration: 111ms
2026-01-28 11:22:17,546 - Knowledge - INFO - [REDIS_OP] Completed: store_embedding, Key: include/wld/wld_rad_delayMgr.h, Duration: 219ms
2026-01-28 11:22:17,698 - Knowledge - INFO - persist search terms embedding for include/wld/wld_rad_delayMgr.h
2026-01-28 11:22:17,891 - Knowledge - INFO - process ingested knowledge for /app/data/T0015/311196/b74521f/pwhm-226177/include/wld/wld_rad_delayMgr.h
2026-01-28 11:22:18,096 - Knowledge - INFO - Found code-base-name: https://github.com/kavia-common/pwhm-226177.git:kavia-main
2026-01-28 11:22:18,264 - Knowledge - INFO - Found code_base: <app.utils.kg_build.knowledge.KnowledgeCodeBase object at 0x7fcfb397d7d0>
2026-01-28 11:22:18,534 - Knowledge - INFO - Found code-base-name: https://github.com/kavia-common/pwhm-226177.git:kavia-main
2026-01-28 11:22:18,722 - Knowledge - INFO - Found code_base: <app.utils.kg_build.knowledge.KnowledgeCodeBase object at 0x7fcfb397d7d0>
2026-01-28 11:22:18,894 - Knowledge - INFO - persist ingested knowledge for /app/data/T0015/311196/b74521f/pwhm-226177/test/testRadio11be/rad2_cap.txt
2026-01-28 11:22:19,196 - Knowledge - INFO - [MONGODB_OP] Completed: persist, Collection: file_info, Duration: 104ms
2026-01-28 11:22:19,582 - Knowledge - INFO - [REDIS_OP] Completed: store_embedding, Key: test/testRadio11be/rad2_cap.txt, Duration: 199ms
2026-01-28 11:22:19,756 - Knowledge - INFO - persist search terms embedding for test/testRadio11be/rad2_cap.txt
2026-01-28 11:22:19,933 - Knowledge - INFO - process ingested knowledge for /app/data/T0015/311196/b74521f/pwhm-226177/test/testRadio11be/rad2_cap.txt
2026-01-28 11:22:20,110 - Knowledge - INFO - Found code-base-name: https://github.com/kavia-common/pwhm-226177.git:kavia-main
2026-01-28 11:22:20,293 - Knowledge - INFO - Found code_base: <app.utils.kg_build.knowledge.KnowledgeCodeBase object at 0x7fcfb397d7d0>
2026-01-28 11:22:20,578 - Knowledge - INFO - Found code-base-name: https://github.com/kavia-common/pwhm-226177.git:kavia-main
2026-01-28 11:22:20,749 - Knowledge - INFO - Found code_base: <app.utils.kg_build.knowledge.KnowledgeCodeBase object at 0x7fcfb397d7d0>
2026-01-28 11:22:20,909 - Knowledge - INFO - persist ingested knowledge for /app/data/T0015/311196/b74521f/pwhm-226177/test/wld_hostapd/test_wld_hostapd.c
2026-01-28 11:22:21,156 - Knowledge - INFO - [MONGODB_OP] Completed: persist, Collection: file_info, Duration: 91ms
2026-01-28 11:22:21,540 - Knowledge - INFO - [REDIS_OP] Completed: store_embedding, Key: test/wld_hostapd/test_wld_hostapd.c, Duration: 208ms
2026-01-28 11:22:21,713 - Knowledge - INFO - persist search terms embedding for test/wld_hostapd/test_wld_hostapd.c
2026-01-28 11:22:21,895 - Knowledge - INFO - process ingested knowledge for /app/data/T0015/311196/b74521f/pwhm-226177/test/wld_hostapd/test_wld_hostapd.c
2026-01-28 11:22:22,113 - Knowledge - INFO - Found code-base-name: https://github.com/kavia-common/pwhm-226177.git:kavia-main
2026-01-28 11:22:22,276 - Knowledge - INFO - Found code_base: <app.utils.kg_build.knowledge.KnowledgeCodeBase object at 0x7fcfb397d7d0>
2026-01-28 11:22:22,531 - Knowledge - INFO - Found code-base-name: https://github.com/kavia-common/pwhm-226177.git:kavia-main
2026-01-28 11:22:22,719 - Knowledge - INFO - Found code_base: <app.utils.kg_build.knowledge.KnowledgeCodeBase object at 0x7fcfb397d7d0>
2026-01-28 11:22:22,911 - Knowledge - INFO - persist ingested knowledge for /app/data/T0015/311196/b74521f/pwhm-226177/test/testStaStats/deauthNot/notif_3.txt
2026-01-28 11:22:23,223 - Knowledge - INFO - [MONGODB_OP] Completed: persist, Collection: file_info, Duration: 112ms
2026-01-28 11:22:23,600 - Knowledge - INFO - [REDIS_OP] Completed: store_embedding, Key: test/testStaStats/deauthNot/notif_3.txt, Duration: 170ms
2026-01-28 11:22:23,767 - Knowledge - INFO - persist search terms embedding for test/testStaStats/deauthNot/notif_3.txt
2026-01-28 11:22:23,929 - Knowledge - INFO - process ingested knowledge for /app/data/T0015/311196/b74521f/pwhm-226177/test/testStaStats/deauthNot/notif_3.txt
2026-01-28 11:22:24,113 - Knowledge - INFO - Found code-base-name: https://github.com/kavia-common/pwhm-226177.git:kavia-main
2026-01-28 11:22:24,269 - Knowledge - INFO - Found code_base: <app.utils.kg_build.knowledge.KnowledgeCodeBase object at 0x7fcfb397d7d0>
2026-01-28 11:22:24,514 - Knowledge - INFO - Found code-base-name: https://github.com/kavia-common/pwhm-226177.git:kavia-main
2026-01-28 11:22:24,682 - Knowledge - INFO - Found code_base: <app.utils.kg_build.knowledge.KnowledgeCodeBase object at 0x7fcfb397d7d0>
2026-01-28 11:22:24,845 - Knowledge - INFO - persist ingested knowledge for /app/data/T0015/311196/b74521f/pwhm-226177/src/nl80211/wld_hostapd_cfgManager.c
2026-01-28 11:22:25,095 - Knowledge - INFO - [MONGODB_OP] Completed: persist, Collection: file_info, Duration: 90ms
2026-01-28 11:22:25,612 - Knowledge - INFO - [REDIS_OP] Completed: store_embedding, Key: src/nl80211/wld_hostapd_cfgManager.c, Duration: 346ms
2026-01-28 11:22:25,784 - Knowledge - INFO - persist search terms embedding for src/nl80211/wld_hostapd_cfgManager.c
2026-01-28 11:22:25,951 - Knowledge - INFO - process ingested knowledge for /app/data/T0015/311196/b74521f/pwhm-226177/src/nl80211/wld_hostapd_cfgManager.c
2026-01-28 11:22:26,151 - Knowledge - INFO - Found code-base-name: https://github.com/kavia-common/pwhm-226177.git:kavia-main
2026-01-28 11:22:26,354 - Knowledge - INFO - Found code_base: <app.utils.kg_build.knowledge.KnowledgeCodeBase object at 0x7fcfb397d7d0>
2026-01-28 11:22:26,626 - Knowledge - INFO - Found code-base-name: https://github.com/kavia-common/pwhm-226177.git:kavia-main
2026-01-28 11:22:26,789 - Knowledge - INFO - Found code_base: <app.utils.kg_build.knowledge.KnowledgeCodeBase object at 0x7fcfb397d7d0>
2026-01-28 11:22:26,947 - Knowledge - INFO - persist ingested knowledge for /app/data/T0015/311196/b74521f/pwhm-226177/test/testWiFiObjReference/test_wifiObjReference.c
2026-01-28 11:22:27,257 - Knowledge - INFO - [MONGODB_OP] Completed: persist, Collection: file_info, Duration: 88ms
2026-01-28 11:22:27,654 - Knowledge - INFO - [REDIS_OP] Completed: store_embedding, Key: test/testWiFiObjReference/test_wifiObjReference.c, Duration: 227ms
2026-01-28 11:22:27,804 - Knowledge - INFO - persist search terms embedding for test/testWiFiObjReference/test_wifiObjReference.c
2026-01-28 11:22:27,971 - Knowledge - INFO - process ingested knowledge for /app/data/T0015/311196/b74521f/pwhm-226177/test/testWiFiObjReference/test_wifiObjReference.c
2026-01-28 11:22:28,146 - Knowledge - INFO - Found code-base-name: https://github.com/kavia-common/pwhm-226177.git:kavia-main
2026-01-28 11:22:28,295 - Knowledge - INFO - Found code_base: <app.utils.kg_build.knowledge.KnowledgeCodeBase object at 0x7fcfb397d7d0>
2026-01-28 11:22:28,580 - Knowledge - INFO - Found code-base-name: https://github.com/kavia-common/pwhm-226177.git:kavia-main
2026-01-28 11:22:28,740 - Knowledge - INFO - Found code_base: <app.utils.kg_build.knowledge.KnowledgeCodeBase object at 0x7fcfb397d7d0>
2026-01-28 11:22:28,922 - Knowledge - INFO - persist ingested knowledge for /app/data/T0015/311196/b74521f/pwhm-226177/test/testStaStats/assocNot/not_4.txt
2026-01-28 11:22:29,187 - Knowledge - INFO - [MONGODB_OP] Completed: persist, Collection: file_info, Duration: 102ms
2026-01-28 11:22:29,582 - Knowledge - INFO - [REDIS_OP] Completed: store_embedding, Key: test/testStaStats/assocNot/not_4.txt, Duration: 230ms
2026-01-28 11:22:29,741 - Knowledge - INFO - persist search terms embedding for test/testStaStats/assocNot/not_4.txt
2026-01-28 11:22:29,908 - Knowledge - INFO - process ingested knowledge for /app/data/T0015/311196/b74521f/pwhm-226177/test/testStaStats/assocNot/not_4.txt
2026-01-28 11:22:30,097 - Knowledge - INFO - Found code-base-name: https://github.com/kavia-common/pwhm-226177.git:kavia-main
2026-01-28 11:22:30,284 - Knowledge - INFO - Found code_base: <app.utils.kg_build.knowledge.KnowledgeCodeBase object at 0x7fcfb397d7d0>
2026-01-28 11:22:30,527 - Knowledge - INFO - Found code-base-name: https://github.com/kavia-common/pwhm-226177.git:kavia-main
2026-01-28 11:22:30,685 - Knowledge - INFO - Found code_base: <app.utils.kg_build.knowledge.KnowledgeCodeBase object at 0x7fcfb397d7d0>
2026-01-28 11:22:30,854 - Knowledge - INFO - persist ingested knowledge for /app/data/T0015/311196/b74521f/pwhm-226177/src/nl80211/wld_wpaCtrlConnection.c
2026-01-28 11:22:31,125 - Knowledge - INFO - [MONGODB_OP] Completed: persist, Collection: file_info, Duration: 105ms
2026-01-28 11:22:31,532 - Knowledge - INFO - [REDIS_OP] Completed: store_embedding, Key: src/nl80211/wld_wpaCtrlConnection.c, Duration: 223ms
2026-01-28 11:22:31,752 - Knowledge - INFO - persist search terms embedding for src/nl80211/wld_wpaCtrlConnection.c
2026-01-28 11:22:31,927 - Knowledge - INFO - process ingested knowledge for /app/data/T0015/311196/b74521f/pwhm-226177/src/nl80211/wld_wpaCtrlConnection.c
2026-01-28 11:22:32,118 - Knowledge - INFO - Found code-base-name: https://github.com/kavia-common/pwhm-226177.git:kavia-main
2026-01-28 11:22:32,293 - Knowledge - INFO - Found code_base: <app.utils.kg_build.knowledge.KnowledgeCodeBase object at 0x7fcfb397d7d0>
2026-01-28 11:22:32,595 - Knowledge - INFO - Found code-base-name: https://github.com/kavia-common/pwhm-226177.git:kavia-main
2026-01-28 11:22:32,757 - Knowledge - INFO - Found code_base: <app.utils.kg_build.knowledge.KnowledgeCodeBase object at 0x7fcfb397d7d0>
2026-01-28 11:22:32,916 - Knowledge - INFO - persist ingested knowledge for /app/data/T0015/311196/b74521f/pwhm-226177/test/testStaStats/data3.txt
2026-01-28 11:22:33,183 - Knowledge - INFO - [MONGODB_OP] Completed: persist, Collection: file_info, Duration: 101ms
2026-01-28 11:22:33,660 - Knowledge - INFO - [REDIS_OP] Completed: store_embedding, Key: test/testStaStats/data3.txt, Duration: 273ms
2026-01-28 11:22:33,859 - Knowledge - INFO - persist search terms embedding for test/testStaStats/data3.txt
2026-01-28 11:22:34,011 - Knowledge - INFO - process ingested knowledge for /app/data/T0015/311196/b74521f/pwhm-226177/test/testStaStats/data3.txt
2026-01-28 11:22:34,220 - Knowledge - INFO - Found code-base-name: https://github.com/kavia-common/pwhm-226177.git:kavia-main
2026-01-28 11:22:34,390 - Knowledge - INFO - Found code_base: <app.utils.kg_build.knowledge.KnowledgeCodeBase object at 0x7fcfb397d7d0>
2026-01-28 11:22:34,635 - Knowledge - INFO - Found code-base-name: https://github.com/kavia-common/pwhm-226177.git:kavia-main
2026-01-28 11:22:34,798 - Knowledge - INFO - Found code_base: <app.utils.kg_build.knowledge.KnowledgeCodeBase object at 0x7fcfb397d7d0>
2026-01-28 11:22:34,956 - Knowledge - INFO - persist ingested knowledge for /app/data/T0015/311196/b74521f/pwhm-226177/src/EpMgt/wld_epProfile.c
2026-01-28 11:22:35,235 - Knowledge - INFO - [MONGODB_OP] Completed: persist, Collection: file_info, Duration: 88ms
2026-01-28 11:22:35,643 - Knowledge - INFO - [REDIS_OP] Completed: store_embedding, Key: src/EpMgt/wld_epProfile.c, Duration: 237ms
2026-01-28 11:22:35,831 - Knowledge - INFO - persist search terms embedding for src/EpMgt/wld_epProfile.c
2026-01-28 11:22:35,999 - Knowledge - INFO - process ingested knowledge for /app/data/T0015/311196/b74521f/pwhm-226177/src/EpMgt/wld_epProfile.c
2026-01-28 11:22:36,177 - Knowledge - INFO - Found code-base-name: https://github.com/kavia-common/pwhm-226177.git:kavia-main
2026-01-28 11:22:36,348 - Knowledge - INFO - Found code_base: <app.utils.kg_build.knowledge.KnowledgeCodeBase object at 0x7fcfb397d7d0>
2026-01-28 11:22:36,587 - Knowledge - INFO - Found code-base-name: https://github.com/kavia-common/pwhm-226177.git:kavia-main
2026-01-28 11:22:36,778 - Knowledge - INFO - Found code_base: <app.utils.kg_build.knowledge.KnowledgeCodeBase object at 0x7fcfb397d7d0>
2026-01-28 11:22:36,926 - Knowledge - INFO - persist ingested knowledge for /app/data/T0015/311196/b74521f/pwhm-226177/src/nl80211/wld_wpaSupp_ep_api.c
2026-01-28 11:22:37,193 - Knowledge - INFO - [MONGODB_OP] Completed: persist, Collection: file_info, Duration: 98ms
2026-01-28 11:22:37,652 - Knowledge - INFO - [REDIS_OP] Completed: store_embedding, Key: src/nl80211/wld_wpaSupp_ep_api.c, Duration: 285ms
2026-01-28 11:22:37,825 - Knowledge - INFO - persist search terms embedding for src/nl80211/wld_wpaSupp_ep_api.c
2026-01-28 11:22:38,038 - Knowledge - INFO - process ingested knowledge for /app/data/T0015/311196/b74521f/pwhm-226177/src/nl80211/wld_wpaSupp_ep_api.c
2026-01-28 11:22:38,196 - Knowledge - INFO - Found code-base-name: https://github.com/kavia-common/pwhm-226177.git:kavia-main
2026-01-28 11:22:38,350 - Knowledge - INFO - Found code_base: <app.utils.kg_build.knowledge.KnowledgeCodeBase object at 0x7fcfb397d7d0>
2026-01-28 11:22:38,603 - Knowledge - INFO - Found code-base-name: https://github.com/kavia-common/pwhm-226177.git:kavia-main
2026-01-28 11:22:38,772 - Knowledge - INFO - Found code_base: <app.utils.kg_build.knowledge.KnowledgeCodeBase object at 0x7fcfb397d7d0>
2026-01-28 11:22:38,958 - Knowledge - INFO - persist ingested knowledge for /app/data/T0015/311196/b74521f/pwhm-226177/include_priv/Plugin/wifiGen.h
2026-01-28 11:22:39,253 - Knowledge - INFO - [MONGODB_OP] Completed: persist, Collection: file_info, Duration: 111ms
2026-01-28 11:22:39,638 - Knowledge - INFO - [REDIS_OP] Completed: store_embedding, Key: include_priv/Plugin/wifiGen.h, Duration: 217ms
2026-01-28 11:22:39,826 - Knowledge - INFO - persist search terms embedding for include_priv/Plugin/wifiGen.h
2026-01-28 11:22:39,987 - Knowledge - INFO - process ingested knowledge for /app/data/T0015/311196/b74521f/pwhm-226177/include_priv/Plugin/wifiGen.h
2026-01-28 11:22:40,148 - Knowledge - INFO - Found code-base-name: https://github.com/kavia-common/pwhm-226177.git:kavia-main
2026-01-28 11:22:40,328 - Knowledge - INFO - Found code_base: <app.utils.kg_build.knowledge.KnowledgeCodeBase object at 0x7fcfb397d7d0>
2026-01-28 11:22:40,618 - Knowledge - INFO - Found code-base-name: https://github.com/kavia-common/pwhm-226177.git:kavia-main
2026-01-28 11:22:40,854 - Knowledge - INFO - Found code_base: <app.utils.kg_build.knowledge.KnowledgeCodeBase object at 0x7fcfb397d7d0>
2026-01-28 11:22:41,065 - Knowledge - INFO - persist ingested knowledge for /app/data/T0015/311196/b74521f/pwhm-226177/test/testStaStatsWiFi7/test_staStatsWiFi7.c
2026-01-28 11:22:41,330 - Knowledge - INFO - [MONGODB_OP] Completed: persist, Collection: file_info, Duration: 89ms
2026-01-28 11:22:41,768 - Knowledge - INFO - [REDIS_OP] Completed: store_embedding, Key: test/testStaStatsWiFi7/test_staStatsWiFi7.c, Duration: 223ms
2026-01-28 11:22:41,936 - Knowledge - INFO - persist search terms embedding for test/testStaStatsWiFi7/test_staStatsWiFi7.c
2026-01-28 11:22:42,089 - Knowledge - INFO - process ingested knowledge for /app/data/T0015/311196/b74521f/pwhm-226177/test/testStaStatsWiFi7/test_staStatsWiFi7.c
2026-01-28 11:22:42,254 - Knowledge - INFO - Found code-base-name: https://github.com/kavia-common/pwhm-226177.git:kavia-main
2026-01-28 11:22:42,424 - Knowledge - INFO - Found code_base: <app.utils.kg_build.knowledge.KnowledgeCodeBase object at 0x7fcfb397d7d0>
2026-01-28 11:22:42,672 - Knowledge - INFO - Found code-base-name: https://github.com/kavia-common/pwhm-226177.git:kavia-main
2026-01-28 11:22:42,841 - Knowledge - INFO - Found code_base: <app.utils.kg_build.knowledge.KnowledgeCodeBase object at 0x7fcfb397d7d0>
2026-01-28 11:22:43,002 - Knowledge - INFO - persist ingested knowledge for /app/data/T0015/311196/b74521f/pwhm-226177/src/wld_wps.c
2026-01-28 11:22:43,262 - Knowledge - INFO - [MONGODB_OP] Completed: persist, Collection: file_info, Duration: 89ms
2026-01-28 11:22:43,727 - Knowledge - INFO - [REDIS_OP] Completed: store_embedding, Key: src/wld_wps.c, Duration: 278ms
2026-01-28 11:22:43,953 - Knowledge - INFO - persist search terms embedding for src/wld_wps.c
2026-01-28 11:22:44,144 - Knowledge - INFO - process ingested knowledge for /app/data/T0015/311196/b74521f/pwhm-226177/src/wld_wps.c
2026-01-28 11:22:44,307 - Knowledge - INFO - Found code-base-name: https://github.com/kavia-common/pwhm-226177.git:kavia-main
2026-01-28 11:22:44,488 - Knowledge - INFO - Found code_base: <app.utils.kg_build.knowledge.KnowledgeCodeBase object at 0x7fcfb397d7d0>
2026-01-28 11:22:44,780 - Knowledge - INFO - Found code-base-name: https://github.com/kavia-common/pwhm-226177.git:kavia-main
2026-01-28 11:22:44,941 - Knowledge - INFO - Found code_base: <app.utils.kg_build.knowledge.KnowledgeCodeBase object at 0x7fcfb397d7d0>
2026-01-28 11:22:45,123 - Knowledge - INFO - persist ingested knowledge for /app/data/T0015/311196/b74521f/pwhm-226177/test/testStaStats/history3.txt
2026-01-28 11:22:45,401 - Knowledge - INFO - [MONGODB_OP] Completed: persist, Collection: file_info, Duration: 102ms
2026-01-28 11:22:45,847 - Knowledge - INFO - [REDIS_OP] Completed: store_embedding, Key: test/testStaStats/history3.txt, Duration: 269ms
2026-01-28 11:22:46,010 - Knowledge - INFO - persist search terms embedding for test/testStaStats/history3.txt
2026-01-28 11:22:46,184 - Knowledge - INFO - process ingested knowledge for /app/data/T0015/311196/b74521f/pwhm-226177/test/testStaStats/history3.txt
2026-01-28 11:22:46,361 - Knowledge - INFO - Found code-base-name: https://github.com/kavia-common/pwhm-226177.git:kavia-main
2026-01-28 11:22:46,539 - Knowledge - INFO - Found code_base: <app.utils.kg_build.knowledge.KnowledgeCodeBase object at 0x7fcfb397d7d0>
2026-01-28 11:22:46,788 - Knowledge - INFO - Found code-base-name: https://github.com/kavia-common/pwhm-226177.git:kavia-main
2026-01-28 11:22:47,010 - Knowledge - INFO - Found code_base: <app.utils.kg_build.knowledge.KnowledgeCodeBase object at 0x7fcfb397d7d0>
2026-01-28 11:22:47,205 - Knowledge - INFO - persist ingested knowledge for /app/data/T0015/311196/b74521f/pwhm-226177/include/wld/Utils/wld_autoCommitRadData.h
2026-01-28 11:22:47,481 - Knowledge - INFO - [MONGODB_OP] Completed: persist, Collection: file_info, Duration: 91ms
2026-01-28 11:22:47,852 - Knowledge - INFO - [REDIS_OP] Completed: store_embedding, Key: include/wld/Utils/wld_autoCommitRadData.h, Duration: 192ms
2026-01-28 11:22:48,025 - Knowledge - INFO - persist search terms embedding for include/wld/Utils/wld_autoCommitRadData.h
2026-01-28 11:22:48,204 - Knowledge - INFO - process ingested knowledge for /app/data/T0015/311196/b74521f/pwhm-226177/include/wld/Utils/wld_autoCommitRadData.h
2026-01-28 11:22:48,370 - Knowledge - INFO - Found code-base-name: https://github.com/kavia-common/pwhm-226177.git:kavia-main
2026-01-28 11:22:48,546 - Knowledge - INFO - Found code_base: <app.utils.kg_build.knowledge.KnowledgeCodeBase object at 0x7fcfb397d7d0>
2026-01-28 11:22:48,836 - Knowledge - INFO - Found code-base-name: https://github.com/kavia-common/pwhm-226177.git:kavia-main
2026-01-28 11:22:49,046 - Knowledge - INFO - Found code_base: <app.utils.kg_build.knowledge.KnowledgeCodeBase object at 0x7fcfb397d7d0>
2026-01-28 11:22:49,241 - Knowledge - INFO - persist ingested knowledge for /app/data/T0015/311196/b74521f/pwhm-226177/include/wld/wld_rad_evtHandler.h
2026-01-28 11:22:49,565 - Knowledge - INFO - [MONGODB_OP] Completed: persist, Collection: file_info, Duration: 139ms
2026-01-28 11:22:49,941 - Knowledge - INFO - [REDIS_OP] Completed: store_embedding, Key: include/wld/wld_rad_evtHandler.h, Duration: 207ms
2026-01-28 11:22:50,147 - Knowledge - INFO - persist search terms embedding for include/wld/wld_rad_evtHandler.h
2026-01-28 11:22:50,369 - Knowledge - INFO - process ingested knowledge for /app/data/T0015/311196/b74521f/pwhm-226177/include/wld/wld_rad_evtHandler.h
2026-01-28 11:22:50,531 - Knowledge - INFO - Found code-base-name: https://github.com/kavia-common/pwhm-226177.git:kavia-main
2026-01-28 11:22:50,712 - Knowledge - INFO - Found code_base: <app.utils.kg_build.knowledge.KnowledgeCodeBase object at 0x7fcfb397d7d0>
2026-01-28 11:22:50,968 - Knowledge - INFO - Found code-base-name: https://github.com/kavia-common/pwhm-226177.git:kavia-main
2026-01-28 11:22:51,135 - Knowledge - INFO - Found code_base: <app.utils.kg_build.knowledge.KnowledgeCodeBase object at 0x7fcfb397d7d0>
2026-01-28 11:22:51,311 - Knowledge - INFO - persist ingested knowledge for /app/data/T0015/311196/b74521f/pwhm-226177/test/wld_staticPuncturing/test_wld_staticPuncturing.c
2026-01-28 11:22:51,590 - Knowledge - INFO - [MONGODB_OP] Completed: persist, Collection: file_info, Duration: 128ms
2026-01-28 11:22:51,977 - Knowledge - INFO - [REDIS_OP] Completed: store_embedding, Key: test/wld_staticPuncturing/test_wld_staticPuncturing.c, Duration: 214ms
2026-01-28 11:22:52,178 - Knowledge - INFO - persist search terms embedding for test/wld_staticPuncturing/test_wld_staticPuncturing.c
2026-01-28 11:22:52,368 - Knowledge - INFO - process ingested knowledge for /app/data/T0015/311196/b74521f/pwhm-226177/test/wld_staticPuncturing/test_wld_staticPuncturing.c
2026-01-28 11:22:52,542 - Knowledge - INFO - Found code-base-name: https://github.com/kavia-common/pwhm-226177.git:kavia-main
2026-01-28 11:22:52,699 - Knowledge - INFO - Found code_base: <app.utils.kg_build.knowledge.KnowledgeCodeBase object at 0x7fcfb397d7d0>
2026-01-28 11:22:52,943 - Knowledge - INFO - Found code-base-name: https://github.com/kavia-common/pwhm-226177.git:kavia-main
2026-01-28 11:22:53,100 - Knowledge - INFO - Found code_base: <app.utils.kg_build.knowledge.KnowledgeCodeBase object at 0x7fcfb397d7d0>
2026-01-28 11:22:53,258 - Knowledge - INFO - persist ingested knowledge for /app/data/T0015/311196/b74521f/pwhm-226177/src/RadMgt/wld_rad_fsm.c
2026-01-28 11:22:53,506 - Knowledge - INFO - [MONGODB_OP] Completed: persist, Collection: file_info, Duration: 86ms
2026-01-28 11:22:53,900 - Knowledge - INFO - [REDIS_OP] Completed: store_embedding, Key: src/RadMgt/wld_rad_fsm.c, Duration: 234ms
2026-01-28 11:22:54,069 - Knowledge - INFO - persist search terms embedding for src/RadMgt/wld_rad_fsm.c
2026-01-28 11:22:54,268 - Knowledge - INFO - process ingested knowledge for /app/data/T0015/311196/b74521f/pwhm-226177/src/RadMgt/wld_rad_fsm.c
2026-01-28 11:22:54,484 - Knowledge - INFO - Found code-base-name: https://github.com/kavia-common/pwhm-226177.git:kavia-main
2026-01-28 11:22:54,645 - Knowledge - INFO - Found code_base: <app.utils.kg_build.knowledge.KnowledgeCodeBase object at 0x7fcfb397d7d0>
2026-01-28 11:22:54,887 - Knowledge - INFO - Found code-base-name: https://github.com/kavia-common/pwhm-226177.git:kavia-main
2026-01-28 11:22:55,074 - Knowledge - INFO - Found code_base: <app.utils.kg_build.knowledge.KnowledgeCodeBase object at 0x7fcfb397d7d0>
2026-01-28 11:22:55,278 - Knowledge - INFO - persist ingested knowledge for /app/data/T0015/311196/b74521f/pwhm-226177/test/testMacFiltering/test_macFiltering.c
2026-01-28 11:22:55,536 - Knowledge - INFO - [MONGODB_OP] Completed: persist, Collection: file_info, Duration: 97ms
2026-01-28 11:22:55,885 - Knowledge - INFO - [REDIS_OP] Completed: store_embedding, Key: test/testMacFiltering/test_macFiltering.c, Duration: 189ms
2026-01-28 11:22:56,064 - Knowledge - INFO - persist search terms embedding for test/testMacFiltering/test_macFiltering.c
2026-01-28 11:22:56,243 - Knowledge - INFO - process ingested knowledge for /app/data/T0015/311196/b74521f/pwhm-226177/test/testMacFiltering/test_macFiltering.c
2026-01-28 11:22:56,406 - Knowledge - INFO - Found code-base-name: https://github.com/kavia-common/pwhm-226177.git:kavia-main
2026-01-28 11:22:56,608 - Knowledge - INFO - Found code_base: <app.utils.kg_build.knowledge.KnowledgeCodeBase object at 0x7fcfb397d7d0>
2026-01-28 11:22:56,849 - Knowledge - INFO - Found code-base-name: https://github.com/kavia-common/pwhm-226177.git:kavia-main
2026-01-28 11:22:57,017 - Knowledge - INFO - Found code_base: <app.utils.kg_build.knowledge.KnowledgeCodeBase object at 0x7fcfb397d7d0>
2026-01-28 11:22:57,179 - Knowledge - INFO - persist ingested knowledge for /app/data/T0015/311196/b74521f/pwhm-226177/include/wld/wld_ssid.h
2026-01-28 11:22:57,436 - Knowledge - INFO - [MONGODB_OP] Completed: persist, Collection: file_info, Duration: 87ms
2026-01-28 11:22:57,876 - Knowledge - INFO - [REDIS_OP] Completed: store_embedding, Key: include/wld/wld_ssid.h, Duration: 247ms
2026-01-28 11:22:58,062 - Knowledge - INFO - persist search terms embedding for include/wld/wld_ssid.h
2026-01-28 11:22:58,266 - Knowledge - INFO - process ingested knowledge for /app/data/T0015/311196/b74521f/pwhm-226177/include/wld/wld_ssid.h
2026-01-28 11:22:58,428 - Knowledge - INFO - Found code-base-name: https://github.com/kavia-common/pwhm-226177.git:kavia-main
2026-01-28 11:22:58,597 - Knowledge - INFO - Found code_base: <app.utils.kg_build.knowledge.KnowledgeCodeBase object at 0x7fcfb397d7d0>
2026-01-28 11:22:58,885 - Knowledge - INFO - Found code-base-name: https://github.com/kavia-common/pwhm-226177.git:kavia-main
2026-01-28 11:22:59,046 - Knowledge - INFO - Found code_base: <app.utils.kg_build.knowledge.KnowledgeCodeBase object at 0x7fcfb397d7d0>
2026-01-28 11:22:59,238 - Knowledge - INFO - persist ingested knowledge for /app/data/T0015/311196/b74521f/pwhm-226177/include_priv/nl80211/wld_wpaCtrlGSock_priv.h
2026-01-28 11:22:59,516 - Knowledge - INFO - [MONGODB_OP] Completed: persist, Collection: file_info, Duration: 89ms
2026-01-28 11:22:59,917 - Knowledge - INFO - [REDIS_OP] Completed: store_embedding, Key: include_priv/nl80211/wld_wpaCtrlGSock_priv.h, Duration: 212ms
2026-01-28 11:23:00,127 - Knowledge - INFO - persist search terms embedding for include_priv/nl80211/wld_wpaCtrlGSock_priv.h
2026-01-28 11:23:00,294 - Knowledge - INFO - process ingested knowledge for /app/data/T0015/311196/b74521f/pwhm-226177/include_priv/nl80211/wld_wpaCtrlGSock_priv.h
2026-01-28 11:23:00,449 - Knowledge - INFO - Found code-base-name: https://github.com/kavia-common/pwhm-226177.git:kavia-main
2026-01-28 11:23:00,604 - Knowledge - INFO - Found code_base: <app.utils.kg_build.knowledge.KnowledgeCodeBase object at 0x7fcfb397d7d0>
2026-01-28 11:23:00,827 - Knowledge - INFO - Found code-base-name: https://github.com/kavia-common/pwhm-226177.git:kavia-main
2026-01-28 11:23:01,004 - Knowledge - INFO - Found code_base: <app.utils.kg_build.knowledge.KnowledgeCodeBase object at 0x7fcfb397d7d0>
2026-01-28 11:23:01,171 - Knowledge - INFO - persist ingested knowledge for /app/data/T0015/311196/b74521f/pwhm-226177/include/wld/wld_secDmnGrp.h
2026-01-28 11:23:01,454 - Knowledge - INFO - [MONGODB_OP] Completed: persist, Collection: file_info, Duration: 84ms
2026-01-28 11:23:01,848 - Knowledge - INFO - [REDIS_OP] Completed: store_embedding, Key: include/wld/wld_secDmnGrp.h, Duration: 234ms
2026-01-28 11:23:02,012 - Knowledge - INFO - persist search terms embedding for include/wld/wld_secDmnGrp.h
2026-01-28 11:23:02,180 - Knowledge - INFO - process ingested knowledge for /app/data/T0015/311196/b74521f/pwhm-226177/include/wld/wld_secDmnGrp.h
2026-01-28 11:23:02,353 - Knowledge - INFO - Found code-base-name: https://github.com/kavia-common/pwhm-226177.git:kavia-main
2026-01-28 11:23:02,524 - Knowledge - INFO - Found code_base: <app.utils.kg_build.knowledge.KnowledgeCodeBase object at 0x7fcfb397d7d0>
2026-01-28 11:23:02,871 - Knowledge - INFO - Found code-base-name: https://github.com/kavia-common/pwhm-226177.git:kavia-main
2026-01-28 11:23:03,070 - Knowledge - INFO - Found code_base: <app.utils.kg_build.knowledge.KnowledgeCodeBase object at 0x7fcfb397d7d0>
2026-01-28 11:23:03,267 - Knowledge - INFO - persist ingested knowledge for /app/data/T0015/311196/b74521f/pwhm-226177/include/wld/wld_tinyRoam.h
2026-01-28 11:23:03,579 - Knowledge - INFO - [MONGODB_OP] Completed: persist, Collection: file_info, Duration: 135ms
2026-01-28 11:23:04,287 - Knowledge - INFO - [REDIS_OP] Completed: store_embedding, Key: include/wld/wld_tinyRoam.h, Duration: 536ms
2026-01-28 11:23:04,484 - Knowledge - INFO - persist search terms embedding for include/wld/wld_tinyRoam.h
2026-01-28 11:23:04,692 - Knowledge - INFO - process ingested knowledge for /app/data/T0015/311196/b74521f/pwhm-226177/include/wld/wld_tinyRoam.h
2026-01-28 11:23:04,866 - Knowledge - INFO - Found code-base-name: https://github.com/kavia-common/pwhm-226177.git:kavia-main
2026-01-28 11:23:05,013 - Knowledge - INFO - Found code_base: <app.utils.kg_build.knowledge.KnowledgeCodeBase object at 0x7fcfb397d7d0>
2026-01-28 11:23:05,268 - Knowledge - INFO - Found code-base-name: https://github.com/kavia-common/pwhm-226177.git:kavia-main
2026-01-28 11:23:05,417 - Knowledge - INFO - Found code_base: <app.utils.kg_build.knowledge.KnowledgeCodeBase object at 0x7fcfb397d7d0>
2026-01-28 11:23:05,611 - Knowledge - INFO - persist ingested knowledge for /app/data/T0015/311196/b74521f/pwhm-226177/test/wld_sensing/test_wld_sensing.c
2026-01-28 11:23:05,901 - Knowledge - INFO - [MONGODB_OP] Completed: persist, Collection: file_info, Duration: 110ms
2026-01-28 11:23:06,341 - Knowledge - INFO - [REDIS_OP] Completed: store_embedding, Key: test/wld_sensing/test_wld_sensing.c, Duration: 231ms
2026-01-28 11:23:06,513 - Knowledge - INFO - persist search terms embedding for test/wld_sensing/test_wld_sensing.c
2026-01-28 11:23:06,670 - Knowledge - INFO - process ingested knowledge for /app/data/T0015/311196/b74521f/pwhm-226177/test/wld_sensing/test_wld_sensing.c
2026-01-28 11:23:06,854 - Knowledge - INFO - Found code-base-name: https://github.com/kavia-common/pwhm-226177.git:kavia-main
2026-01-28 11:23:07,068 - Knowledge - INFO - Found code_base: <app.utils.kg_build.knowledge.KnowledgeCodeBase object at 0x7fcfb397d7d0>
2026-01-28 11:23:07,309 - Knowledge - INFO - Found code-base-name: https://github.com/kavia-common/pwhm-226177.git:kavia-main
2026-01-28 11:23:07,464 - Knowledge - INFO - Found code_base: <app.utils.kg_build.knowledge.KnowledgeCodeBase object at 0x7fcfb397d7d0>
2026-01-28 11:23:07,667 - Knowledge - INFO - persist ingested knowledge for /app/data/T0015/311196/b74521f/pwhm-226177/test/testHelper/wld_th_mockVendor.c
2026-01-28 11:23:07,986 - Knowledge - INFO - [MONGODB_OP] Completed: persist, Collection: file_info, Duration: 85ms
2026-01-28 11:23:08,473 - Knowledge - INFO - [REDIS_OP] Completed: store_embedding, Key: test/testHelper/wld_th_mockVendor.c, Duration: 328ms
2026-01-28 11:23:08,680 - Knowledge - INFO - persist search terms embedding for test/testHelper/wld_th_mockVendor.c
2026-01-28 11:23:08,854 - Knowledge - INFO - process ingested knowledge for /app/data/T0015/311196/b74521f/pwhm-226177/test/testHelper/wld_th_mockVendor.c
2026-01-28 11:23:09,018 - Knowledge - INFO - Found code-base-name: https://github.com/kavia-common/pwhm-226177.git:kavia-main
2026-01-28 11:23:09,189 - Knowledge - INFO - Found code_base: <app.utils.kg_build.knowledge.KnowledgeCodeBase object at 0x7fcfb397d7d0>
2026-01-28 11:23:09,452 - Knowledge - INFO - Found code-base-name: https://github.com/kavia-common/pwhm-226177.git:kavia-main
2026-01-28 11:23:09,653 - Knowledge - INFO - Found code_base: <app.utils.kg_build.knowledge.KnowledgeCodeBase object at 0x7fcfb397d7d0>
2026-01-28 11:23:09,861 - Knowledge - INFO - persist ingested knowledge for /app/data/T0015/311196/b74521f/pwhm-226177/src/nl80211/wld_wpaCtrlMngr.c
2026-01-28 11:23:10,141 - Knowledge - INFO - [MONGODB_OP] Completed: persist, Collection: file_info, Duration: 104ms
2026-01-28 11:23:10,542 - Knowledge - INFO - [REDIS_OP] Completed: store_embedding, Key: src/nl80211/wld_wpaCtrlMngr.c, Duration: 216ms
2026-01-28 11:23:10,719 - Knowledge - INFO - persist search terms embedding for src/nl80211/wld_wpaCtrlMngr.c
2026-01-28 11:23:10,891 - Knowledge - INFO - process ingested knowledge for /app/data/T0015/311196/b74521f/pwhm-226177/src/nl80211/wld_wpaCtrlMngr.c
2026-01-28 11:23:11,068 - Knowledge - INFO - Found code-base-name: https://github.com/kavia-common/pwhm-226177.git:kavia-main
2026-01-28 11:23:11,256 - Knowledge - INFO - Found code_base: <app.utils.kg_build.knowledge.KnowledgeCodeBase object at 0x7fcfb397d7d0>
2026-01-28 11:23:11,482 - Knowledge - INFO - Found code-base-name: https://github.com/kavia-common/pwhm-226177.git:kavia-main
2026-01-28 11:23:11,653 - Knowledge - INFO - Found code_base: <app.utils.kg_build.knowledge.KnowledgeCodeBase object at 0x7fcfb397d7d0>
2026-01-28 11:23:11,853 - Knowledge - INFO - persist ingested knowledge for /app/data/T0015/311196/b74521f/pwhm-226177/src/Plugin/wifiGen_fsm.c
2026-01-28 11:23:12,122 - Knowledge - INFO - [MONGODB_OP] Completed: persist, Collection: file_info, Duration: 91ms
2026-01-28 11:23:12,508 - Knowledge - INFO - [REDIS_OP] Completed: store_embedding, Key: src/Plugin/wifiGen_fsm.c, Duration: 216ms
2026-01-28 11:23:12,725 - Knowledge - INFO - persist search terms embedding for src/Plugin/wifiGen_fsm.c
2026-01-28 11:23:12,930 - Knowledge - INFO - process ingested knowledge for /app/data/T0015/311196/b74521f/pwhm-226177/src/Plugin/wifiGen_fsm.c
2026-01-28 11:23:13,099 - Knowledge - INFO - Found code-base-name: https://github.com/kavia-common/pwhm-226177.git:kavia-main
2026-01-28 11:23:13,280 - Knowledge - INFO - Found code_base: <app.utils.kg_build.knowledge.KnowledgeCodeBase object at 0x7fcfb397d7d0>
2026-01-28 11:23:13,603 - Knowledge - INFO - Found code-base-name: https://github.com/kavia-common/pwhm-226177.git:kavia-main
2026-01-28 11:23:13,816 - Knowledge - INFO - Found code_base: <app.utils.kg_build.knowledge.KnowledgeCodeBase object at 0x7fcfb397d7d0>
2026-01-28 11:23:13,979 - Knowledge - INFO - persist ingested knowledge for /app/data/T0015/311196/b74521f/pwhm-226177/test/testRadio11be/rad6_cap.txt
2026-01-28 11:23:14,248 - Knowledge - INFO - [MONGODB_OP] Completed: persist, Collection: file_info, Duration: 110ms
2026-01-28 11:23:14,890 - Knowledge - INFO - [REDIS_OP] Completed: store_embedding, Key: test/testRadio11be/rad6_cap.txt, Duration: 443ms
2026-01-28 11:23:15,073 - Knowledge - INFO - persist search terms embedding for test/testRadio11be/rad6_cap.txt
2026-01-28 11:23:15,262 - Knowledge - INFO - process ingested knowledge for /app/data/T0015/311196/b74521f/pwhm-226177/test/testRadio11be/rad6_cap.txt
2026-01-28 11:23:15,436 - Knowledge - INFO - Found code-base-name: https://github.com/kavia-common/pwhm-226177.git:kavia-main
2026-01-28 11:23:15,635 - Knowledge - INFO - Found code_base: <app.utils.kg_build.knowledge.KnowledgeCodeBase object at 0x7fcfb397d7d0>
2026-01-28 11:23:15,908 - Knowledge - INFO - Found code-base-name: https://github.com/kavia-common/pwhm-226177.git:kavia-main
2026-01-28 11:23:16,085 - Knowledge - INFO - Found code_base: <app.utils.kg_build.knowledge.KnowledgeCodeBase object at 0x7fcfb397d7d0>
2026-01-28 11:23:16,284 - Knowledge - INFO - persist ingested knowledge for /app/data/T0015/311196/b74521f/pwhm-226177/src/RadMgt/wld_rad_stamon.c
2026-01-28 11:23:16,548 - Knowledge - INFO - [MONGODB_OP] Completed: persist, Collection: file_info, Duration: 89ms
2026-01-28 11:23:17,076 - Knowledge - INFO - [REDIS_OP] Completed: store_embedding, Key: src/RadMgt/wld_rad_stamon.c, Duration: 308ms
2026-01-28 11:23:17,242 - Knowledge - INFO - persist search terms embedding for src/RadMgt/wld_rad_stamon.c
2026-01-28 11:23:17,442 - Knowledge - INFO - process ingested knowledge for /app/data/T0015/311196/b74521f/pwhm-226177/src/RadMgt/wld_rad_stamon.c
2026-01-28 11:23:17,615 - Knowledge - INFO - Found code-base-name: https://github.com/kavia-common/pwhm-226177.git:kavia-main
2026-01-28 11:23:17,789 - Knowledge - INFO - Found code_base: <app.utils.kg_build.knowledge.KnowledgeCodeBase object at 0x7fcfb397d7d0>
2026-01-28 11:23:18,113 - Knowledge - INFO - Found code-base-name: https://github.com/kavia-common/pwhm-226177.git:kavia-main
2026-01-28 11:23:18,272 - Knowledge - INFO - Found code_base: <app.utils.kg_build.knowledge.KnowledgeCodeBase object at 0x7fcfb397d7d0>
2026-01-28 11:23:18,493 - Knowledge - INFO - persist ingested knowledge for /app/data/T0015/311196/b74521f/pwhm-226177/include/wld/wld_channel_lib.h
2026-01-28 11:23:18,853 - Knowledge - INFO - [MONGODB_OP] Completed: persist, Collection: file_info, Duration: 122ms
2026-01-28 11:23:19,311 - Knowledge - INFO - [REDIS_OP] Completed: store_embedding, Key: include/wld/wld_channel_lib.h, Duration: 290ms
2026-01-28 11:23:19,503 - Knowledge - INFO - persist search terms embedding for include/wld/wld_channel_lib.h
2026-01-28 11:23:19,695 - Knowledge - INFO - process ingested knowledge for /app/data/T0015/311196/b74521f/pwhm-226177/include/wld/wld_channel_lib.h
2026-01-28 11:23:19,910 - Knowledge - INFO - Found code-base-name: https://github.com/kavia-common/pwhm-226177.git:kavia-main
2026-01-28 11:23:20,090 - Knowledge - INFO - Found code_base: <app.utils.kg_build.knowledge.KnowledgeCodeBase object at 0x7fcfb397d7d0>
2026-01-28 11:23:20,376 - Knowledge - INFO - Found code-base-name: https://github.com/kavia-common/pwhm-226177.git:kavia-main
2026-01-28 11:23:20,544 - Knowledge - INFO - Found code_base: <app.utils.kg_build.knowledge.KnowledgeCodeBase object at 0x7fcfb397d7d0>
2026-01-28 11:23:20,730 - Knowledge - INFO - persist ingested knowledge for /app/data/T0015/311196/b74521f/pwhm-226177/include/wld/wld_wpaSupp_cfgFile.h
2026-01-28 11:23:21,009 - Knowledge - INFO - [MONGODB_OP] Completed: persist, Collection: file_info, Duration: 112ms
2026-01-28 11:23:21,447 - Knowledge - INFO - [REDIS_OP] Completed: store_embedding, Key: include/wld/wld_wpaSupp_cfgFile.h, Duration: 269ms
2026-01-28 11:23:21,641 - Knowledge - INFO - persist search terms embedding for include/wld/wld_wpaSupp_cfgFile.h
2026-01-28 11:23:21,827 - Knowledge - INFO - process ingested knowledge for /app/data/T0015/311196/b74521f/pwhm-226177/include/wld/wld_wpaSupp_cfgFile.h
2026-01-28 11:23:21,995 - Knowledge - INFO - Found code-base-name: https://github.com/kavia-common/pwhm-226177.git:kavia-main
2026-01-28 11:23:22,167 - Knowledge - INFO - Found code_base: <app.utils.kg_build.knowledge.KnowledgeCodeBase object at 0x7fcfb397d7d0>
2026-01-28 11:23:22,410 - Knowledge - INFO - Found code-base-name: https://github.com/kavia-common/pwhm-226177.git:kavia-main
2026-01-28 11:23:22,591 - Knowledge - INFO - Found code_base: <app.utils.kg_build.knowledge.KnowledgeCodeBase object at 0x7fcfb397d7d0>
2026-01-28 11:23:22,777 - Knowledge - INFO - persist ingested knowledge for /app/data/T0015/311196/b74521f/pwhm-226177/test/testScanSsid/ScanResults-5g-3.txt
2026-01-28 11:23:23,080 - Knowledge - INFO - [MONGODB_OP] Completed: persist, Collection: file_info, Duration: 92ms
2026-01-28 11:23:23,482 - Knowledge - INFO - [REDIS_OP] Completed: store_embedding, Key: test/testScanSsid/ScanResults-5g-3.txt, Duration: 237ms
2026-01-28 11:23:23,670 - Knowledge - INFO - persist search terms embedding for test/testScanSsid/ScanResults-5g-3.txt
2026-01-28 11:23:23,865 - Knowledge - INFO - process ingested knowledge for /app/data/T0015/311196/b74521f/pwhm-226177/test/testScanSsid/ScanResults-5g-3.txt
2026-01-28 11:23:24,050 - Knowledge - INFO - Found code-base-name: https://github.com/kavia-common/pwhm-226177.git:kavia-main
2026-01-28 11:23:24,250 - Knowledge - INFO - Found code_base: <app.utils.kg_build.knowledge.KnowledgeCodeBase object at 0x7fcfb397d7d0>
2026-01-28 11:23:24,489 - Knowledge - INFO - Found code-base-name: https://github.com/kavia-common/pwhm-226177.git:kavia-main
2026-01-28 11:23:24,654 - Knowledge - INFO - Found code_base: <app.utils.kg_build.knowledge.KnowledgeCodeBase object at 0x7fcfb397d7d0>
2026-01-28 11:23:24,821 - Knowledge - INFO - persist ingested knowledge for /app/data/T0015/311196/b74521f/pwhm-226177/include_priv/Plugin/wifiGen_events.h
2026-01-28 11:23:25,077 - Knowledge - INFO - [MONGODB_OP] Completed: persist, Collection: file_info, Duration: 82ms
2026-01-28 11:23:25,599 - Knowledge - INFO - [REDIS_OP] Completed: store_embedding, Key: include_priv/Plugin/wifiGen_events.h, Duration: 356ms
2026-01-28 11:23:25,792 - Knowledge - INFO - persist search terms embedding for include_priv/Plugin/wifiGen_events.h
2026-01-28 11:23:26,025 - Knowledge - INFO - process ingested knowledge for /app/data/T0015/311196/b74521f/pwhm-226177/include_priv/Plugin/wifiGen_events.h
2026-01-28 11:23:26,187 - Knowledge - INFO - Found code-base-name: https://github.com/kavia-common/pwhm-226177.git:kavia-main
2026-01-28 11:23:26,354 - Knowledge - INFO - Found code_base: <app.utils.kg_build.knowledge.KnowledgeCodeBase object at 0x7fcfb397d7d0>
2026-01-28 11:23:26,625 - Knowledge - INFO - Found code-base-name: https://github.com/kavia-common/pwhm-226177.git:kavia-main
2026-01-28 11:23:26,793 - Knowledge - INFO - Found code_base: <app.utils.kg_build.knowledge.KnowledgeCodeBase object at 0x7fcfb397d7d0>
2026-01-28 11:23:26,950 - Knowledge - INFO - persist ingested knowledge for /app/data/T0015/311196/b74521f/pwhm-226177/src/Utils/wld_config.c
2026-01-28 11:23:27,221 - Knowledge - INFO - [MONGODB_OP] Completed: persist, Collection: file_info, Duration: 96ms
2026-01-28 11:23:27,644 - Knowledge - INFO - [REDIS_OP] Completed: store_embedding, Key: src/Utils/wld_config.c, Duration: 217ms
2026-01-28 11:23:27,811 - Knowledge - INFO - persist search terms embedding for src/Utils/wld_config.c
2026-01-28 11:23:27,987 - Knowledge - INFO - process ingested knowledge for /app/data/T0015/311196/b74521f/pwhm-226177/src/Utils/wld_config.c
2026-01-28 11:23:28,178 - Knowledge - INFO - Found code-base-name: https://github.com/kavia-common/pwhm-226177.git:kavia-main
2026-01-28 11:23:28,356 - Knowledge - INFO - Found code_base: <app.utils.kg_build.knowledge.KnowledgeCodeBase object at 0x7fcfb397d7d0>
2026-01-28 11:23:28,635 - Knowledge - INFO - Found code-base-name: https://github.com/kavia-common/pwhm-226177.git:kavia-main
2026-01-28 11:23:28,785 - Knowledge - INFO - Found code_base: <app.utils.kg_build.knowledge.KnowledgeCodeBase object at 0x7fcfb397d7d0>
2026-01-28 11:23:28,944 - Knowledge - INFO - persist ingested knowledge for /app/data/T0015/311196/b74521f/pwhm-226177/src/EpMgt/wld_epMgmt.c
2026-01-28 11:23:29,217 - Knowledge - INFO - [MONGODB_OP] Completed: persist, Collection: file_info, Duration: 112ms
2026-01-28 11:23:29,603 - Knowledge - INFO - [REDIS_OP] Completed: store_embedding, Key: src/EpMgt/wld_epMgmt.c, Duration: 220ms
2026-01-28 11:23:29,789 - Knowledge - INFO - persist search terms embedding for src/EpMgt/wld_epMgmt.c
2026-01-28 11:23:29,958 - Knowledge - INFO - process ingested knowledge for /app/data/T0015/311196/b74521f/pwhm-226177/src/EpMgt/wld_epMgmt.c
2026-01-28 11:23:30,162 - Knowledge - INFO - Found code-base-name: https://github.com/kavia-common/pwhm-226177.git:kavia-main
2026-01-28 11:23:30,323 - Knowledge - INFO - Found code_base: <app.utils.kg_build.knowledge.KnowledgeCodeBase object at 0x7fcfb397d7d0>
2026-01-28 11:23:30,606 - Knowledge - INFO - Found code-base-name: https://github.com/kavia-common/pwhm-226177.git:kavia-main
2026-01-28 11:23:30,787 - Knowledge - INFO - Found code_base: <app.utils.kg_build.knowledge.KnowledgeCodeBase object at 0x7fcfb397d7d0>
2026-01-28 11:23:30,945 - Knowledge - INFO - persist ingested knowledge for /app/data/T0015/311196/b74521f/pwhm-226177/test/testStaStats/deauthNot/notif_7.txt
2026-01-28 11:23:31,232 - Knowledge - INFO - [MONGODB_OP] Completed: persist, Collection: file_info, Duration: 111ms
2026-01-28 11:23:31,645 - Knowledge - INFO - [REDIS_OP] Completed: store_embedding, Key: test/testStaStats/deauthNot/notif_7.txt, Duration: 223ms
2026-01-28 11:23:31,881 - Knowledge - INFO - persist search terms embedding for test/testStaStats/deauthNot/notif_7.txt
2026-01-28 11:23:32,048 - Knowledge - INFO - process ingested knowledge for /app/data/T0015/311196/b74521f/pwhm-226177/test/testStaStats/deauthNot/notif_7.txt
2026-01-28 11:23:32,263 - Knowledge - INFO - Found code-base-name: https://github.com/kavia-common/pwhm-226177.git:kavia-main
2026-01-28 11:23:32,460 - Knowledge - INFO - Found code_base: <app.utils.kg_build.knowledge.KnowledgeCodeBase object at 0x7fcfb397d7d0>
2026-01-28 11:23:32,697 - Knowledge - INFO - Found code-base-name: https://github.com/kavia-common/pwhm-226177.git:kavia-main
2026-01-28 11:23:32,876 - Knowledge - INFO - Found code_base: <app.utils.kg_build.knowledge.KnowledgeCodeBase object at 0x7fcfb397d7d0>
2026-01-28 11:23:33,052 - Knowledge - INFO - persist ingested knowledge for /app/data/T0015/311196/b74521f/pwhm-226177/test/wld_chanMgt/test_wld_rad_chanMgt.c
2026-01-28 11:23:33,314 - Knowledge - INFO - [MONGODB_OP] Completed: persist, Collection: file_info, Duration: 87ms
2026-01-28 11:23:33,715 - Knowledge - INFO - [REDIS_OP] Completed: store_embedding, Key: test/wld_chanMgt/test_wld_rad_chanMgt.c, Duration: 212ms
2026-01-28 11:23:33,918 - Knowledge - INFO - persist search terms embedding for test/wld_chanMgt/test_wld_rad_chanMgt.c
2026-01-28 11:23:34,090 - Knowledge - INFO - process ingested knowledge for /app/data/T0015/311196/b74521f/pwhm-226177/test/wld_chanMgt/test_wld_rad_chanMgt.c
2026-01-28 11:23:34,257 - Knowledge - INFO - Found code-base-name: https://github.com/kavia-common/pwhm-226177.git:kavia-main
2026-01-28 11:23:34,475 - Knowledge - INFO - Found code_base: <app.utils.kg_build.knowledge.KnowledgeCodeBase object at 0x7fcfb397d7d0>
2026-01-28 11:23:34,692 - Knowledge - INFO - Found code-base-name: https://github.com/kavia-common/pwhm-226177.git:kavia-main
2026-01-28 11:23:34,880 - Knowledge - INFO - Found code_base: <app.utils.kg_build.knowledge.KnowledgeCodeBase object at 0x7fcfb397d7d0>
2026-01-28 11:23:35,039 - Knowledge - INFO - persist ingested knowledge for /app/data/T0015/311196/b74521f/pwhm-226177/include_priv/Plugin/wifiGen_ep.h
2026-01-28 11:23:35,324 - Knowledge - INFO - [MONGODB_OP] Completed: persist, Collection: file_info, Duration: 80ms
2026-01-28 11:23:35,727 - Knowledge - INFO - [REDIS_OP] Completed: store_embedding, Key: include_priv/Plugin/wifiGen_ep.h, Duration: 229ms
2026-01-28 11:23:35,917 - Knowledge - INFO - persist search terms embedding for include_priv/Plugin/wifiGen_ep.h
2026-01-28 11:23:36,159 - Knowledge - INFO - process ingested knowledge for /app/data/T0015/311196/b74521f/pwhm-226177/include_priv/Plugin/wifiGen_ep.h
2026-01-28 11:23:36,334 - Knowledge - INFO - Found code-base-name: https://github.com/kavia-common/pwhm-226177.git:kavia-main
2026-01-28 11:23:36,523 - Knowledge - INFO - Found code_base: <app.utils.kg_build.knowledge.KnowledgeCodeBase object at 0x7fcfb397d7d0>
2026-01-28 11:23:36,809 - Knowledge - INFO - Found code-base-name: https://github.com/kavia-common/pwhm-226177.git:kavia-main
2026-01-28 11:23:36,998 - Knowledge - INFO - Found code_base: <app.utils.kg_build.knowledge.KnowledgeCodeBase object at 0x7fcfb397d7d0>
2026-01-28 11:23:37,152 - Knowledge - INFO - persist ingested knowledge for /app/data/T0015/311196/b74521f/pwhm-226177/test/testRadioStatus/test_radioStatus.c
2026-01-28 11:23:37,405 - Knowledge - INFO - [MONGODB_OP] Completed: persist, Collection: file_info, Duration: 93ms
2026-01-28 11:23:37,786 - Knowledge - INFO - [REDIS_OP] Completed: store_embedding, Key: test/testRadioStatus/test_radioStatus.c, Duration: 208ms
2026-01-28 11:23:37,971 - Knowledge - INFO - persist search terms embedding for test/testRadioStatus/test_radioStatus.c
2026-01-28 11:23:38,129 - Knowledge - INFO - process ingested knowledge for /app/data/T0015/311196/b74521f/pwhm-226177/test/testRadioStatus/test_radioStatus.c
2026-01-28 11:23:38,300 - Knowledge - INFO - Found code-base-name: https://github.com/kavia-common/pwhm-226177.git:kavia-main
2026-01-28 11:23:38,468 - Knowledge - INFO - Found code_base: <app.utils.kg_build.knowledge.KnowledgeCodeBase object at 0x7fcfb397d7d0>
2026-01-28 11:23:38,729 - Knowledge - INFO - Found code-base-name: https://github.com/kavia-common/pwhm-226177.git:kavia-main
2026-01-28 11:23:38,923 - Knowledge - INFO - Found code_base: <app.utils.kg_build.knowledge.KnowledgeCodeBase object at 0x7fcfb397d7d0>
2026-01-28 11:23:39,126 - Knowledge - INFO - persist ingested knowledge for /app/data/T0015/311196/b74521f/pwhm-226177/src/nl80211/wld_wpaCtrl_events.c
2026-01-28 11:23:39,365 - Knowledge - INFO - [MONGODB_OP] Completed: persist, Collection: file_info, Duration: 87ms
2026-01-28 11:23:39,767 - Knowledge - INFO - [REDIS_OP] Completed: store_embedding, Key: src/nl80211/wld_wpaCtrl_events.c, Duration: 213ms
2026-01-28 11:23:39,929 - Knowledge - INFO - persist search terms embedding for src/nl80211/wld_wpaCtrl_events.c
2026-01-28 11:23:40,113 - Knowledge - INFO - process ingested knowledge for /app/data/T0015/311196/b74521f/pwhm-226177/src/nl80211/wld_wpaCtrl_events.c
2026-01-28 11:23:40,322 - Knowledge - INFO - Found code-base-name: https://github.com/kavia-common/pwhm-226177.git:kavia-main
2026-01-28 11:23:40,500 - Knowledge - INFO - Found code_base: <app.utils.kg_build.knowledge.KnowledgeCodeBase object at 0x7fcfb397d7d0>
2026-01-28 11:23:40,780 - Knowledge - INFO - Found code-base-name: https://github.com/kavia-common/pwhm-226177.git:kavia-main
2026-01-28 11:23:40,944 - Knowledge - INFO - Found code_base: <app.utils.kg_build.knowledge.KnowledgeCodeBase object at 0x7fcfb397d7d0>
2026-01-28 11:23:41,130 - Knowledge - INFO - persist ingested knowledge for /app/data/T0015/311196/b74521f/pwhm-226177/test/testStaStats/assocNot/not_8.txt
2026-01-28 11:23:41,425 - Knowledge - INFO - [MONGODB_OP] Completed: persist, Collection: file_info, Duration: 89ms
2026-01-28 11:23:41,838 - Knowledge - INFO - [REDIS_OP] Completed: store_embedding, Key: test/testStaStats/assocNot/not_8.txt, Duration: 215ms
2026-01-28 11:23:42,009 - Knowledge - INFO - persist search terms embedding for test/testStaStats/assocNot/not_8.txt
2026-01-28 11:23:42,195 - Knowledge - INFO - process ingested knowledge for /app/data/T0015/311196/b74521f/pwhm-226177/test/testStaStats/assocNot/not_8.txt
2026-01-28 11:23:42,415 - Knowledge - INFO - Found code-base-name: https://github.com/kavia-common/pwhm-226177.git:kavia-main
2026-01-28 11:23:42,589 - Knowledge - INFO - Found code_base: <app.utils.kg_build.knowledge.KnowledgeCodeBase object at 0x7fcfb397d7d0>
2026-01-28 11:23:42,820 - Knowledge - INFO - Found code-base-name: https://github.com/kavia-common/pwhm-226177.git:kavia-main
2026-01-28 11:23:43,007 - Knowledge - INFO - Found code_base: <app.utils.kg_build.knowledge.KnowledgeCodeBase object at 0x7fcfb397d7d0>
2026-01-28 11:23:43,172 - Knowledge - INFO - persist ingested knowledge for /app/data/T0015/311196/b74521f/pwhm-226177/include/wld/wld_nl80211_api.h
2026-01-28 11:23:43,423 - Knowledge - INFO - [MONGODB_OP] Completed: persist, Collection: file_info, Duration: 85ms
2026-01-28 11:23:43,804 - Knowledge - INFO - [REDIS_OP] Completed: store_embedding, Key: include/wld/wld_nl80211_api.h, Duration: 183ms
2026-01-28 11:23:43,974 - Knowledge - INFO - persist search terms embedding for include/wld/wld_nl80211_api.h
2026-01-28 11:23:44,138 - Knowledge - INFO - process ingested knowledge for /app/data/T0015/311196/b74521f/pwhm-226177/include/wld/wld_nl80211_api.h
2026-01-28 11:23:44,289 - Knowledge - INFO - Found code-base-name: https://github.com/kavia-common/pwhm-226177.git:kavia-main
2026-01-28 11:23:44,442 - Knowledge - INFO - Found code_base: <app.utils.kg_build.knowledge.KnowledgeCodeBase object at 0x7fcfb397d7d0>
2026-01-28 11:23:44,663 - Knowledge - INFO - Found code-base-name: https://github.com/kavia-common/pwhm-226177.git:kavia-main
2026-01-28 11:23:44,877 - Knowledge - INFO - Found code_base: <app.utils.kg_build.knowledge.KnowledgeCodeBase object at 0x7fcfb397d7d0>
2026-01-28 11:23:45,049 - Knowledge - INFO - persist ingested knowledge for /app/data/T0015/311196/b74521f/pwhm-226177/test/testHelper/wld_th_radio.h
2026-01-28 11:23:45,345 - Knowledge - INFO - [MONGODB_OP] Completed: persist, Collection: file_info, Duration: 87ms
2026-01-28 11:23:45,701 - Knowledge - INFO - [REDIS_OP] Completed: store_embedding, Key: test/testHelper/wld_th_radio.h, Duration: 180ms
2026-01-28 11:23:45,896 - Knowledge - INFO - persist search terms embedding for test/testHelper/wld_th_radio.h
2026-01-28 11:23:46,073 - Knowledge - INFO - process ingested knowledge for /app/data/T0015/311196/b74521f/pwhm-226177/test/testHelper/wld_th_radio.h
2026-01-28 11:23:46,223 - Knowledge - INFO - Found code-base-name: https://github.com/kavia-common/pwhm-226177.git:kavia-main
2026-01-28 11:23:46,381 - Knowledge - INFO - Found code_base: <app.utils.kg_build.knowledge.KnowledgeCodeBase object at 0x7fcfb397d7d0>
2026-01-28 11:23:46,620 - Knowledge - INFO - Found code-base-name: https://github.com/kavia-common/pwhm-226177.git:kavia-main
2026-01-28 11:23:46,815 - Knowledge - INFO - Found code_base: <app.utils.kg_build.knowledge.KnowledgeCodeBase object at 0x7fcfb397d7d0>
2026-01-28 11:23:46,978 - Knowledge - INFO - persist ingested knowledge for /app/data/T0015/311196/b74521f/pwhm-226177/include/wld/wld_radio.h
2026-01-28 11:23:47,215 - Knowledge - INFO - [MONGODB_OP] Completed: persist, Collection: file_info, Duration: 86ms
2026-01-28 11:23:47,672 - Knowledge - INFO - [REDIS_OP] Completed: store_embedding, Key: include/wld/wld_radio.h, Duration: 288ms
2026-01-28 11:23:47,829 - Knowledge - INFO - persist search terms embedding for include/wld/wld_radio.h
2026-01-28 11:23:48,003 - Knowledge - INFO - process ingested knowledge for /app/data/T0015/311196/b74521f/pwhm-226177/include/wld/wld_radio.h
2026-01-28 11:23:48,206 - Knowledge - INFO - Found code-base-name: https://github.com/kavia-common/pwhm-226177.git:kavia-main
2026-01-28 11:23:48,395 - Knowledge - INFO - Found code_base: <app.utils.kg_build.knowledge.KnowledgeCodeBase object at 0x7fcfb397d7d0>
2026-01-28 11:23:48,675 - Knowledge - INFO - Found code-base-name: https://github.com/kavia-common/pwhm-226177.git:kavia-main
2026-01-28 11:23:48,880 - Knowledge - INFO - Found code_base: <app.utils.kg_build.knowledge.KnowledgeCodeBase object at 0x7fcfb397d7d0>
2026-01-28 11:23:49,047 - Knowledge - INFO - persist ingested knowledge for /app/data/T0015/311196/b74521f/pwhm-226177/test/fta/test_fta.c
2026-01-28 11:23:49,304 - Knowledge - INFO - [MONGODB_OP] Completed: persist, Collection: file_info, Duration: 111ms
2026-01-28 11:23:49,763 - Knowledge - INFO - [REDIS_OP] Completed: store_embedding, Key: test/fta/test_fta.c, Duration: 236ms
2026-01-28 11:23:49,946 - Knowledge - INFO - persist search terms embedding for test/fta/test_fta.c
2026-01-28 11:23:50,107 - Knowledge - INFO - process ingested knowledge for /app/data/T0015/311196/b74521f/pwhm-226177/test/fta/test_fta.c
2026-01-28 11:23:50,273 - Knowledge - INFO - Found code-base-name: https://github.com/kavia-common/pwhm-226177.git:kavia-main
2026-01-28 11:23:50,439 - Knowledge - INFO - Found code_base: <app.utils.kg_build.knowledge.KnowledgeCodeBase object at 0x7fcfb397d7d0>
2026-01-28 11:23:50,717 - Knowledge - INFO - Found code-base-name: https://github.com/kavia-common/pwhm-226177.git:kavia-main
2026-01-28 11:23:50,888 - Knowledge - INFO - Found code_base: <app.utils.kg_build.knowledge.KnowledgeCodeBase object at 0x7fcfb397d7d0>
2026-01-28 11:23:51,056 - Knowledge - INFO - persist ingested knowledge for /app/data/T0015/311196/b74521f/pwhm-226177/src/ApMgt/wld_apMgmt.c
2026-01-28 11:23:51,387 - Knowledge - INFO - [MONGODB_OP] Completed: persist, Collection: file_info, Duration: 117ms
2026-01-28 11:23:51,803 - Knowledge - INFO - [REDIS_OP] Completed: store_embedding, Key: src/ApMgt/wld_apMgmt.c, Duration: 248ms
2026-01-28 11:23:51,978 - Knowledge - INFO - persist search terms embedding for src/ApMgt/wld_apMgmt.c
2026-01-28 11:23:52,180 - Knowledge - INFO - process ingested knowledge for /app/data/T0015/311196/b74521f/pwhm-226177/src/ApMgt/wld_apMgmt.c
2026-01-28 11:23:52,337 - Knowledge - INFO - Found code-base-name: https://github.com/kavia-common/pwhm-226177.git:kavia-main
2026-01-28 11:23:52,507 - Knowledge - INFO - Found code_base: <app.utils.kg_build.knowledge.KnowledgeCodeBase object at 0x7fcfb397d7d0>
2026-01-28 11:23:52,741 - Knowledge - INFO - Found code-base-name: https://github.com/kavia-common/pwhm-226177.git:kavia-main
2026-01-28 11:23:52,921 - Knowledge - INFO - Found code_base: <app.utils.kg_build.knowledge.KnowledgeCodeBase object at 0x7fcfb397d7d0>
2026-01-28 11:23:53,086 - Knowledge - INFO - persist ingested knowledge for /app/data/T0015/311196/b74521f/pwhm-226177/test/bStaMLD/test_bStaMLD.c
2026-01-28 11:23:53,342 - Knowledge - INFO - [MONGODB_OP] Completed: persist, Collection: file_info, Duration: 84ms
2026-01-28 11:23:53,769 - Knowledge - INFO - [REDIS_OP] Completed: store_embedding, Key: test/bStaMLD/test_bStaMLD.c, Duration: 213ms
2026-01-28 11:23:53,955 - Knowledge - INFO - persist search terms embedding for test/bStaMLD/test_bStaMLD.c
2026-01-28 11:23:54,138 - Knowledge - INFO - process ingested knowledge for /app/data/T0015/311196/b74521f/pwhm-226177/test/bStaMLD/test_bStaMLD.c
2026-01-28 11:23:54,322 - Knowledge - INFO - Found code-base-name: https://github.com/kavia-common/pwhm-226177.git:kavia-main
2026-01-28 11:23:54,546 - Knowledge - INFO - Found code_base: <app.utils.kg_build.knowledge.KnowledgeCodeBase object at 0x7fcfb397d7d0>
2026-01-28 11:23:54,802 - Knowledge - INFO - Found code-base-name: https://github.com/kavia-common/pwhm-226177.git:kavia-main
2026-01-28 11:23:54,977 - Knowledge - INFO - Found code_base: <app.utils.kg_build.knowledge.KnowledgeCodeBase object at 0x7fcfb397d7d0>
2026-01-28 11:23:55,161 - Knowledge - INFO - persist ingested knowledge for /app/data/T0015/311196/b74521f/pwhm-226177/include/wld/wld_rad_macCfg.h
2026-01-28 11:23:55,456 - Knowledge - INFO - [MONGODB_OP] Completed: persist, Collection: file_info, Duration: 115ms
2026-01-28 11:23:55,831 - Knowledge - INFO - [REDIS_OP] Completed: store_embedding, Key: include/wld/wld_rad_macCfg.h, Duration: 219ms
2026-01-28 11:23:56,005 - Knowledge - INFO - persist search terms embedding for include/wld/wld_rad_macCfg.h
2026-01-28 11:23:56,164 - Knowledge - INFO - process ingested knowledge for /app/data/T0015/311196/b74521f/pwhm-226177/include/wld/wld_rad_macCfg.h
2026-01-28 11:23:56,327 - Knowledge - INFO - Found code-base-name: https://github.com/kavia-common/pwhm-226177.git:kavia-main
2026-01-28 11:23:56,518 - Knowledge - INFO - Found code_base: <app.utils.kg_build.knowledge.KnowledgeCodeBase object at 0x7fcfb397d7d0>
2026-01-28 11:23:56,744 - Knowledge - INFO - Found code-base-name: https://github.com/kavia-common/pwhm-226177.git:kavia-main
2026-01-28 11:23:56,973 - Knowledge - INFO - Found code_base: <app.utils.kg_build.knowledge.KnowledgeCodeBase object at 0x7fcfb397d7d0>
2026-01-28 11:23:57,129 - Knowledge - INFO - persist ingested knowledge for /app/data/T0015/311196/b74521f/pwhm-226177/src/Plugin/wifiGen_zwdfs.c
2026-01-28 11:23:57,418 - Knowledge - INFO - [MONGODB_OP] Completed: persist, Collection: file_info, Duration: 81ms
2026-01-28 11:23:57,777 - Knowledge - INFO - [REDIS_OP] Completed: store_embedding, Key: src/Plugin/wifiGen_zwdfs.c, Duration: 201ms
2026-01-28 11:23:57,951 - Knowledge - INFO - persist search terms embedding for src/Plugin/wifiGen_zwdfs.c
2026-01-28 11:23:58,161 - Knowledge - INFO - process ingested knowledge for /app/data/T0015/311196/b74521f/pwhm-226177/src/Plugin/wifiGen_zwdfs.c
2026-01-28 11:23:58,334 - Knowledge - INFO - Found code-base-name: https://github.com/kavia-common/pwhm-226177.git:kavia-main
2026-01-28 11:23:58,505 - Knowledge - INFO - Found code_base: <app.utils.kg_build.knowledge.KnowledgeCodeBase object at 0x7fcfb397d7d0>
2026-01-28 11:23:58,763 - Knowledge - INFO - Found code-base-name: https://github.com/kavia-common/pwhm-226177.git:kavia-main
2026-01-28 11:23:58,930 - Knowledge - INFO - Found code_base: <app.utils.kg_build.knowledge.KnowledgeCodeBase object at 0x7fcfb397d7d0>
2026-01-28 11:23:59,178 - Knowledge - INFO - persist ingested knowledge for /app/data/T0015/311196/b74521f/pwhm-226177/test/testStaStats/test_staStats.c
2026-01-28 11:23:59,443 - Knowledge - INFO - [MONGODB_OP] Completed: persist, Collection: file_info, Duration: 102ms
2026-01-28 11:23:59,874 - Knowledge - INFO - [REDIS_OP] Completed: store_embedding, Key: test/testStaStats/test_staStats.c, Duration: 219ms
2026-01-28 11:24:00,063 - Knowledge - INFO - persist search terms embedding for test/testStaStats/test_staStats.c
2026-01-28 11:24:00,215 - Knowledge - INFO - process ingested knowledge for /app/data/T0015/311196/b74521f/pwhm-226177/test/testStaStats/test_staStats.c
2026-01-28 11:24:00,396 - Knowledge - INFO - Found code-base-name: https://github.com/kavia-common/pwhm-226177.git:kavia-main
2026-01-28 11:24:00,592 - Knowledge - INFO - Found code_base: <app.utils.kg_build.knowledge.KnowledgeCodeBase object at 0x7fcfb397d7d0>
2026-01-28 11:24:00,830 - Knowledge - INFO - Found code-base-name: https://github.com/kavia-common/pwhm-226177.git:kavia-main
2026-01-28 11:24:00,991 - Knowledge - INFO - Found code_base: <app.utils.kg_build.knowledge.KnowledgeCodeBase object at 0x7fcfb397d7d0>
2026-01-28 11:24:01,142 - Knowledge - INFO - persist ingested knowledge for /app/data/T0015/311196/b74521f/pwhm-226177/src/Utils/wld_linuxIfStats.c
2026-01-28 11:24:01,410 - Knowledge - INFO - [MONGODB_OP] Completed: persist, Collection: file_info, Duration: 102ms
2026-01-28 11:24:01,890 - Knowledge - INFO - [REDIS_OP] Completed: store_embedding, Key: src/Utils/wld_linuxIfStats.c, Duration: 296ms
2026-01-28 11:24:02,066 - Knowledge - INFO - persist search terms embedding for src/Utils/wld_linuxIfStats.c
2026-01-28 11:24:02,244 - Knowledge - INFO - process ingested knowledge for /app/data/T0015/311196/b74521f/pwhm-226177/src/Utils/wld_linuxIfStats.c
2026-01-28 11:24:02,413 - Knowledge - INFO - Found code-base-name: https://github.com/kavia-common/pwhm-226177.git:kavia-main
2026-01-28 11:24:02,591 - Knowledge - INFO - Found code_base: <app.utils.kg_build.knowledge.KnowledgeCodeBase object at 0x7fcfb397d7d0>
2026-01-28 11:24:02,827 - Knowledge - INFO - Found code-base-name: https://github.com/kavia-common/pwhm-226177.git:kavia-main
2026-01-28 11:24:02,993 - Knowledge - INFO - Found code_base: <app.utils.kg_build.knowledge.KnowledgeCodeBase object at 0x7fcfb397d7d0>
2026-01-28 11:24:03,147 - Knowledge - INFO - persist ingested knowledge for /app/data/T0015/311196/b74521f/pwhm-226177/test/testStaStats/assocNot/not_0.txt
2026-01-28 11:24:03,405 - Knowledge - INFO - [MONGODB_OP] Completed: persist, Collection: file_info, Duration: 92ms
2026-01-28 11:24:03,809 - Knowledge - INFO - [REDIS_OP] Completed: store_embedding, Key: test/testStaStats/assocNot/not_0.txt, Duration: 227ms
2026-01-28 11:24:03,984 - Knowledge - INFO - persist search terms embedding for test/testStaStats/assocNot/not_0.txt
2026-01-28 11:24:04,146 - Knowledge - INFO - process ingested knowledge for /app/data/T0015/311196/b74521f/pwhm-226177/test/testStaStats/assocNot/not_0.txt
2026-01-28 11:24:04,382 - Knowledge - INFO - Found code-base-name: https://github.com/kavia-common/pwhm-226177.git:kavia-main
2026-01-28 11:24:04,573 - Knowledge - INFO - Found code_base: <app.utils.kg_build.knowledge.KnowledgeCodeBase object at 0x7fcfb397d7d0>
2026-01-28 11:24:04,845 - Knowledge - INFO - Found code-base-name: https://github.com/kavia-common/pwhm-226177.git:kavia-main
2026-01-28 11:24:04,997 - Knowledge - INFO - Found code_base: <app.utils.kg_build.knowledge.KnowledgeCodeBase object at 0x7fcfb397d7d0>
2026-01-28 11:24:05,176 - Knowledge - INFO - persist ingested knowledge for /app/data/T0015/311196/b74521f/pwhm-226177/include_priv/Plugin/wld_plugin.h
2026-01-28 11:24:05,495 - Knowledge - INFO - [MONGODB_OP] Completed: persist, Collection: file_info, Duration: 134ms
2026-01-28 11:24:05,891 - Knowledge - INFO - [REDIS_OP] Completed: store_embedding, Key: include_priv/Plugin/wld_plugin.h, Duration: 223ms
2026-01-28 11:24:06,082 - Knowledge - INFO - persist search terms embedding for include_priv/Plugin/wld_plugin.h
2026-01-28 11:24:06,253 - Knowledge - INFO - process ingested knowledge for /app/data/T0015/311196/b74521f/pwhm-226177/include_priv/Plugin/wld_plugin.h
2026-01-28 11:24:06,460 - Knowledge - INFO - Found code-base-name: https://github.com/kavia-common/pwhm-226177.git:kavia-main
2026-01-28 11:24:06,633 - Knowledge - INFO - Found code_base: <app.utils.kg_build.knowledge.KnowledgeCodeBase object at 0x7fcfb397d7d0>
2026-01-28 11:24:06,938 - Knowledge - INFO - Found code-base-name: https://github.com/kavia-common/pwhm-226177.git:kavia-main
2026-01-28 11:24:07,090 - Knowledge - INFO - Found code_base: <app.utils.kg_build.knowledge.KnowledgeCodeBase object at 0x7fcfb397d7d0>
2026-01-28 11:24:07,301 - Knowledge - INFO - persist ingested knowledge for /app/data/T0015/311196/b74521f/pwhm-226177/include/wld/wld_bStaMld.h
2026-01-28 11:24:07,593 - Knowledge - INFO - [MONGODB_OP] Completed: persist, Collection: file_info, Duration: 86ms
2026-01-28 11:24:08,026 - Knowledge - INFO - [REDIS_OP] Completed: store_embedding, Key: include/wld/wld_bStaMld.h, Duration: 223ms
2026-01-28 11:24:08,222 - Knowledge - INFO - persist search terms embedding for include/wld/wld_bStaMld.h
2026-01-28 11:24:08,385 - Knowledge - INFO - process ingested knowledge for /app/data/T0015/311196/b74521f/pwhm-226177/include/wld/wld_bStaMld.h
2026-01-28 11:24:08,544 - Knowledge - INFO - Found code-base-name: https://github.com/kavia-common/pwhm-226177.git:kavia-main
2026-01-28 11:24:08,713 - Knowledge - INFO - Found code_base: <app.utils.kg_build.knowledge.KnowledgeCodeBase object at 0x7fcfb397d7d0>
2026-01-28 11:24:08,961 - Knowledge - INFO - Found code-base-name: https://github.com/kavia-common/pwhm-226177.git:kavia-main
2026-01-28 11:24:09,168 - Knowledge - INFO - Found code_base: <app.utils.kg_build.knowledge.KnowledgeCodeBase object at 0x7fcfb397d7d0>
2026-01-28 11:24:09,330 - Knowledge - INFO - persist ingested knowledge for /app/data/T0015/311196/b74521f/pwhm-226177/include_priv/nl80211/wld_ssid_nl80211_priv.h
2026-01-28 11:24:09,616 - Knowledge - INFO - [MONGODB_OP] Completed: persist, Collection: file_info, Duration: 120ms
2026-01-28 11:24:10,167 - Knowledge - INFO - [REDIS_OP] Completed: store_embedding, Key: include_priv/nl80211/wld_ssid_nl80211_priv.h, Duration: 302ms
2026-01-28 11:24:10,337 - Knowledge - INFO - persist search terms embedding for include_priv/nl80211/wld_ssid_nl80211_priv.h
2026-01-28 11:24:10,500 - Knowledge - INFO - process ingested knowledge for /app/data/T0015/311196/b74521f/pwhm-226177/include_priv/nl80211/wld_ssid_nl80211_priv.h
2026-01-28 11:24:10,681 - Knowledge - INFO - Found code-base-name: https://github.com/kavia-common/pwhm-226177.git:kavia-main
2026-01-28 11:24:10,837 - Knowledge - INFO - Found code_base: <app.utils.kg_build.knowledge.KnowledgeCodeBase object at 0x7fcfb397d7d0>
2026-01-28 11:24:11,114 - Knowledge - INFO - Found code-base-name: https://github.com/kavia-common/pwhm-226177.git:kavia-main
2026-01-28 11:24:11,287 - Knowledge - INFO - Found code_base: <app.utils.kg_build.knowledge.KnowledgeCodeBase object at 0x7fcfb397d7d0>
2026-01-28 11:24:11,459 - Knowledge - INFO - persist ingested knowledge for /app/data/T0015/311196/b74521f/pwhm-226177/include_priv/Plugin/wifiGen_hapd.h
2026-01-28 11:24:11,716 - Knowledge - INFO - [MONGODB_OP] Completed: persist, Collection: file_info, Duration: 84ms
2026-01-28 11:24:12,168 - Knowledge - INFO - [REDIS_OP] Completed: store_embedding, Key: include_priv/Plugin/wifiGen_hapd.h, Duration: 248ms
2026-01-28 11:24:12,331 - Knowledge - INFO - persist search terms embedding for include_priv/Plugin/wifiGen_hapd.h
2026-01-28 11:24:12,500 - Knowledge - INFO - process ingested knowledge for /app/data/T0015/311196/b74521f/pwhm-226177/include_priv/Plugin/wifiGen_hapd.h
2026-01-28 11:24:12,671 - Knowledge - INFO - Found code-base-name: https://github.com/kavia-common/pwhm-226177.git:kavia-main
2026-01-28 11:24:12,825 - Knowledge - INFO - Found code_base: <app.utils.kg_build.knowledge.KnowledgeCodeBase object at 0x7fcfb397d7d0>
2026-01-28 11:24:13,109 - Knowledge - INFO - Found code-base-name: https://github.com/kavia-common/pwhm-226177.git:kavia-main
2026-01-28 11:24:13,270 - Knowledge - INFO - Found code_base: <app.utils.kg_build.knowledge.KnowledgeCodeBase object at 0x7fcfb397d7d0>
2026-01-28 11:24:13,440 - Knowledge - INFO - persist ingested knowledge for /app/data/T0015/311196/b74521f/pwhm-226177/include/wld/Utils/wld_dmnMgt.h
2026-01-28 11:24:13,739 - Knowledge - INFO - [MONGODB_OP] Completed: persist, Collection: file_info, Duration: 119ms
2026-01-28 11:24:14,143 - Knowledge - INFO - [REDIS_OP] Completed: store_embedding, Key: include/wld/Utils/wld_dmnMgt.h, Duration: 218ms
2026-01-28 11:24:14,305 - Knowledge - INFO - persist search terms embedding for include/wld/Utils/wld_dmnMgt.h
2026-01-28 11:24:14,509 - Knowledge - INFO - process ingested knowledge for /app/data/T0015/311196/b74521f/pwhm-226177/include/wld/Utils/wld_dmnMgt.h
2026-01-28 11:24:14,677 - Knowledge - INFO - Found code-base-name: https://github.com/kavia-common/pwhm-226177.git:kavia-main
2026-01-28 11:24:14,879 - Knowledge - INFO - Found code_base: <app.utils.kg_build.knowledge.KnowledgeCodeBase object at 0x7fcfb397d7d0>
2026-01-28 11:24:15,164 - Knowledge - INFO - Found code-base-name: https://github.com/kavia-common/pwhm-226177.git:kavia-main
2026-01-28 11:24:15,366 - Knowledge - INFO - Found code_base: <app.utils.kg_build.knowledge.KnowledgeCodeBase object at 0x7fcfb397d7d0>
2026-01-28 11:24:15,549 - Knowledge - INFO - persist ingested knowledge for /app/data/T0015/311196/b74521f/pwhm-226177/src/ApMgt/wld_ap_neighbours.c
2026-01-28 11:24:15,827 - Knowledge - INFO - [MONGODB_OP] Completed: persist, Collection: file_info, Duration: 103ms
2026-01-28 11:24:16,227 - Knowledge - INFO - [REDIS_OP] Completed: store_embedding, Key: src/ApMgt/wld_ap_neighbours.c, Duration: 229ms
2026-01-28 11:24:16,389 - Knowledge - INFO - persist search terms embedding for src/ApMgt/wld_ap_neighbours.c
2026-01-28 11:24:16,564 - Knowledge - INFO - process ingested knowledge for /app/data/T0015/311196/b74521f/pwhm-226177/src/ApMgt/wld_ap_neighbours.c
2026-01-28 11:24:16,739 - Knowledge - INFO - Found code-base-name: https://github.com/kavia-common/pwhm-226177.git:kavia-main
2026-01-28 11:24:16,922 - Knowledge - INFO - Found code_base: <app.utils.kg_build.knowledge.KnowledgeCodeBase object at 0x7fcfb397d7d0>
2026-01-28 11:24:17,174 - Knowledge - INFO - Found code-base-name: https://github.com/kavia-common/pwhm-226177.git:kavia-main
2026-01-28 11:24:17,342 - Knowledge - INFO - Found code_base: <app.utils.kg_build.knowledge.KnowledgeCodeBase object at 0x7fcfb397d7d0>
2026-01-28 11:24:17,515 - Knowledge - INFO - persist ingested knowledge for /app/data/T0015/311196/b74521f/pwhm-226177/test/testStaStatsWiFi7/stationStats/stats_test5.txt
2026-01-28 11:24:17,791 - Knowledge - INFO - [MONGODB_OP] Completed: persist, Collection: file_info, Duration: 108ms
2026-01-28 11:24:18,275 - Knowledge - INFO - [REDIS_OP] Completed: store_embedding, Key: test/testStaStatsWiFi7/stationStats/stats_test5.txt, Duration: 287ms
2026-01-28 11:24:18,426 - Knowledge - INFO - persist search terms embedding for test/testStaStatsWiFi7/stationStats/stats_test5.txt
2026-01-28 11:24:18,662 - Knowledge - INFO - process ingested knowledge for /app/data/T0015/311196/b74521f/pwhm-226177/test/testStaStatsWiFi7/stationStats/stats_test5.txt
2026-01-28 11:24:18,835 - Knowledge - INFO - Found code-base-name: https://github.com/kavia-common/pwhm-226177.git:kavia-main
2026-01-28 11:24:19,041 - Knowledge - INFO - Found code_base: <app.utils.kg_build.knowledge.KnowledgeCodeBase object at 0x7fcfb397d7d0>
2026-01-28 11:24:19,263 - Knowledge - INFO - Found code-base-name: https://github.com/kavia-common/pwhm-226177.git:kavia-main
2026-01-28 11:24:19,428 - Knowledge - INFO - Found code_base: <app.utils.kg_build.knowledge.KnowledgeCodeBase object at 0x7fcfb397d7d0>
2026-01-28 11:24:19,588 - Knowledge - INFO - persist ingested knowledge for /app/data/T0015/311196/b74521f/pwhm-226177/src/wld_util.c
2026-01-28 11:24:19,917 - Knowledge - INFO - [MONGODB_OP] Completed: persist, Collection: file_info, Duration: 97ms
2026-01-28 11:24:20,341 - Knowledge - INFO - [REDIS_OP] Completed: store_embedding, Key: src/wld_util.c, Duration: 269ms
2026-01-28 11:24:20,509 - Knowledge - INFO - persist search terms embedding for src/wld_util.c
2026-01-28 11:24:20,707 - Knowledge - INFO - process ingested knowledge for /app/data/T0015/311196/b74521f/pwhm-226177/src/wld_util.c
2026-01-28 11:24:20,912 - Knowledge - INFO - Found code-base-name: https://github.com/kavia-common/pwhm-226177.git:kavia-main
2026-01-28 11:24:21,125 - Knowledge - INFO - Found code_base: <app.utils.kg_build.knowledge.KnowledgeCodeBase object at 0x7fcfb397d7d0>
2026-01-28 11:24:21,460 - Knowledge - INFO - Found code-base-name: https://github.com/kavia-common/pwhm-226177.git:kavia-main
2026-01-28 11:24:21,627 - Knowledge - INFO - Found code_base: <app.utils.kg_build.knowledge.KnowledgeCodeBase object at 0x7fcfb397d7d0>
2026-01-28 11:24:21,799 - Knowledge - INFO - persist ingested knowledge for /app/data/T0015/311196/b74521f/pwhm-226177/test/testNeighborAp/test_neighborAp.c
2026-01-28 11:24:22,109 - Knowledge - INFO - [MONGODB_OP] Completed: persist, Collection: file_info, Duration: 115ms
2026-01-28 11:24:22,519 - Knowledge - INFO - [REDIS_OP] Completed: store_embedding, Key: test/testNeighborAp/test_neighborAp.c, Duration: 212ms
2026-01-28 11:24:22,700 - Knowledge - INFO - persist search terms embedding for test/testNeighborAp/test_neighborAp.c
2026-01-28 11:24:22,898 - Knowledge - INFO - process ingested knowledge for /app/data/T0015/311196/b74521f/pwhm-226177/test/testNeighborAp/test_neighborAp.c
2026-01-28 11:24:23,098 - Knowledge - INFO - Found code-base-name: https://github.com/kavia-common/pwhm-226177.git:kavia-main
2026-01-28 11:24:23,261 - Knowledge - INFO - Found code_base: <app.utils.kg_build.knowledge.KnowledgeCodeBase object at 0x7fcfb397d7d0>
2026-01-28 11:24:23,539 - Knowledge - INFO - Found code-base-name: https://github.com/kavia-common/pwhm-226177.git:kavia-main
2026-01-28 11:24:23,770 - Knowledge - INFO - Found code_base: <app.utils.kg_build.knowledge.KnowledgeCodeBase object at 0x7fcfb397d7d0>
2026-01-28 11:24:23,918 - Knowledge - INFO - persist ingested knowledge for /app/data/T0015/311196/b74521f/pwhm-226177/src/Plugin/wifiGen_radIfMgt.c
2026-01-28 11:24:24,206 - Knowledge - INFO - [MONGODB_OP] Completed: persist, Collection: file_info, Duration: 85ms
2026-01-28 11:24:24,733 - Knowledge - INFO - [REDIS_OP] Completed: store_embedding, Key: src/Plugin/wifiGen_radIfMgt.c, Duration: 327ms
2026-01-28 11:24:24,913 - Knowledge - INFO - persist search terms embedding for src/Plugin/wifiGen_radIfMgt.c
2026-01-28 11:24:25,153 - Knowledge - INFO - process ingested knowledge for /app/data/T0015/311196/b74521f/pwhm-226177/src/Plugin/wifiGen_radIfMgt.c
2026-01-28 11:24:25,361 - Knowledge - INFO - Found code-base-name: https://github.com/kavia-common/pwhm-226177.git:kavia-main
2026-01-28 11:24:25,589 - Knowledge - INFO - Found code_base: <app.utils.kg_build.knowledge.KnowledgeCodeBase object at 0x7fcfb397d7d0>
2026-01-28 11:24:25,821 - Knowledge - INFO - Found code-base-name: https://github.com/kavia-common/pwhm-226177.git:kavia-main
2026-01-28 11:24:26,002 - Knowledge - INFO - Found code_base: <app.utils.kg_build.knowledge.KnowledgeCodeBase object at 0x7fcfb397d7d0>
2026-01-28 11:24:26,171 - Knowledge - INFO - persist ingested knowledge for /app/data/T0015/311196/b74521f/pwhm-226177/src/ChannelManagement/wld_channel.c
2026-01-28 11:24:26,418 - Knowledge - INFO - [MONGODB_OP] Completed: persist, Collection: file_info, Duration: 87ms
2026-01-28 11:24:26,821 - Knowledge - INFO - [REDIS_OP] Completed: store_embedding, Key: src/ChannelManagement/wld_channel.c, Duration: 215ms
2026-01-28 11:24:27,022 - Knowledge - INFO - persist search terms embedding for src/ChannelManagement/wld_channel.c
2026-01-28 11:24:27,198 - Knowledge - INFO - process ingested knowledge for /app/data/T0015/311196/b74521f/pwhm-226177/src/ChannelManagement/wld_channel.c
2026-01-28 11:24:27,377 - Knowledge - INFO - Found code-base-name: https://github.com/kavia-common/pwhm-226177.git:kavia-main
2026-01-28 11:24:27,545 - Knowledge - INFO - Found code_base: <app.utils.kg_build.knowledge.KnowledgeCodeBase object at 0x7fcfb397d7d0>
2026-01-28 11:24:27,774 - Knowledge - INFO - Found code-base-name: https://github.com/kavia-common/pwhm-226177.git:kavia-main
2026-01-28 11:24:27,937 - Knowledge - INFO - Found code_base: <app.utils.kg_build.knowledge.KnowledgeCodeBase object at 0x7fcfb397d7d0>
2026-01-28 11:24:28,112 - Knowledge - INFO - persist ingested knowledge for /app/data/T0015/311196/b74521f/pwhm-226177/test/testHelper/wld_th_vap.h
2026-01-28 11:24:28,373 - Knowledge - INFO - [MONGODB_OP] Completed: persist, Collection: file_info, Duration: 86ms
2026-01-28 11:24:28,842 - Knowledge - INFO - [REDIS_OP] Completed: store_embedding, Key: test/testHelper/wld_th_vap.h, Duration: 265ms
2026-01-28 11:24:29,038 - Knowledge - INFO - persist search terms embedding for test/testHelper/wld_th_vap.h
2026-01-28 11:24:29,244 - Knowledge - INFO - process ingested knowledge for /app/data/T0015/311196/b74521f/pwhm-226177/test/testHelper/wld_th_vap.h
2026-01-28 11:24:29,410 - Knowledge - INFO - Found code-base-name: https://github.com/kavia-common/pwhm-226177.git:kavia-main
2026-01-28 11:24:29,567 - Knowledge - INFO - Found code_base: <app.utils.kg_build.knowledge.KnowledgeCodeBase object at 0x7fcfb397d7d0>
2026-01-28 11:24:29,811 - Knowledge - INFO - Found code-base-name: https://github.com/kavia-common/pwhm-226177.git:kavia-main
2026-01-28 11:24:29,985 - Knowledge - INFO - Found code_base: <app.utils.kg_build.knowledge.KnowledgeCodeBase object at 0x7fcfb397d7d0>
2026-01-28 11:24:30,158 - Knowledge - INFO - persist ingested knowledge for /app/data/T0015/311196/b74521f/pwhm-226177/test/testHelper/wld_th_sensing.h
2026-01-28 11:24:30,474 - Knowledge - INFO - [MONGODB_OP] Completed: persist, Collection: file_info, Duration: 114ms
2026-01-28 11:24:30,846 - Knowledge - INFO - [REDIS_OP] Completed: store_embedding, Key: test/testHelper/wld_th_sensing.h, Duration: 187ms
2026-01-28 11:24:31,052 - Knowledge - INFO - persist search terms embedding for test/testHelper/wld_th_sensing.h
2026-01-28 11:24:31,278 - Knowledge - INFO - process ingested knowledge for /app/data/T0015/311196/b74521f/pwhm-226177/test/testHelper/wld_th_sensing.h
2026-01-28 11:24:31,498 - Knowledge - INFO - Found code-base-name: https://github.com/kavia-common/pwhm-226177.git:kavia-main
2026-01-28 11:24:31,676 - Knowledge - INFO - Found code_base: <app.utils.kg_build.knowledge.KnowledgeCodeBase object at 0x7fcfb397d7d0>
2026-01-28 11:24:32,011 - Knowledge - INFO - Found code-base-name: https://github.com/kavia-common/pwhm-226177.git:kavia-main
2026-01-28 11:24:32,181 - Knowledge - INFO - Found code_base: <app.utils.kg_build.knowledge.KnowledgeCodeBase object at 0x7fcfb397d7d0>
2026-01-28 11:24:32,342 - Knowledge - INFO - persist ingested knowledge for /app/data/T0015/311196/b74521f/pwhm-226177/include_priv/Plugin/wifiGen_mld.h
2026-01-28 11:24:32,613 - Knowledge - INFO - [MONGODB_OP] Completed: persist, Collection: file_info, Duration: 94ms
2026-01-28 11:24:32,997 - Knowledge - INFO - [REDIS_OP] Completed: store_embedding, Key: include_priv/Plugin/wifiGen_mld.h, Duration: 211ms
2026-01-28 11:24:33,165 - Knowledge - INFO - persist search terms embedding for include_priv/Plugin/wifiGen_mld.h
2026-01-28 11:24:33,323 - Knowledge - INFO - process ingested knowledge for /app/data/T0015/311196/b74521f/pwhm-226177/include_priv/Plugin/wifiGen_mld.h
2026-01-28 11:24:33,491 - Knowledge - INFO - Found code-base-name: https://github.com/kavia-common/pwhm-226177.git:kavia-main
2026-01-28 11:24:33,689 - Knowledge - INFO - Found code_base: <app.utils.kg_build.knowledge.KnowledgeCodeBase object at 0x7fcfb397d7d0>
2026-01-28 11:24:34,009 - Knowledge - INFO - Found code-base-name: https://github.com/kavia-common/pwhm-226177.git:kavia-main
2026-01-28 11:24:34,157 - Knowledge - INFO - Found code_base: <app.utils.kg_build.knowledge.KnowledgeCodeBase object at 0x7fcfb397d7d0>
2026-01-28 11:24:34,362 - Knowledge - INFO - persist ingested knowledge for /app/data/T0015/311196/b74521f/pwhm-226177/include/wld/wld_sensing.h
2026-01-28 11:24:34,631 - Knowledge - INFO - [MONGODB_OP] Completed: persist, Collection: file_info, Duration: 104ms
2026-01-28 11:24:35,055 - Knowledge - INFO - [REDIS_OP] Completed: store_embedding, Key: include/wld/wld_sensing.h, Duration: 226ms
2026-01-28 11:24:35,218 - Knowledge - INFO - persist search terms embedding for include/wld/wld_sensing.h
2026-01-28 11:24:35,396 - Knowledge - INFO - process ingested knowledge for /app/data/T0015/311196/b74521f/pwhm-226177/include/wld/wld_sensing.h
2026-01-28 11:24:35,575 - Knowledge - INFO - Found code-base-name: https://github.com/kavia-common/pwhm-226177.git:kavia-main
2026-01-28 11:24:35,747 - Knowledge - INFO - Found code_base: <app.utils.kg_build.knowledge.KnowledgeCodeBase object at 0x7fcfb397d7d0>
2026-01-28 11:24:35,969 - Knowledge - INFO - Found code-base-name: https://github.com/kavia-common/pwhm-226177.git:kavia-main
2026-01-28 11:24:36,171 - Knowledge - INFO - Found code_base: <app.utils.kg_build.knowledge.KnowledgeCodeBase object at 0x7fcfb397d7d0>
2026-01-28 11:24:36,342 - Knowledge - INFO - persist ingested knowledge for /app/data/T0015/311196/b74521f/pwhm-226177/src/wld_apMld.c
2026-01-28 11:24:36,599 - Knowledge - INFO - [MONGODB_OP] Completed: persist, Collection: file_info, Duration: 95ms
2026-01-28 11:24:37,003 - Knowledge - INFO - [REDIS_OP] Completed: store_embedding, Key: src/wld_apMld.c, Duration: 219ms
2026-01-28 11:24:37,183 - Knowledge - INFO - persist search terms embedding for src/wld_apMld.c
2026-01-28 11:24:37,359 - Knowledge - INFO - process ingested knowledge for /app/data/T0015/311196/b74521f/pwhm-226177/src/wld_apMld.c
2026-01-28 11:24:37,526 - Knowledge - INFO - Found code-base-name: https://github.com/kavia-common/pwhm-226177.git:kavia-main
2026-01-28 11:24:37,697 - Knowledge - INFO - Found code_base: <app.utils.kg_build.knowledge.KnowledgeCodeBase object at 0x7fcfb397d7d0>
2026-01-28 11:24:37,930 - Knowledge - INFO - Found code-base-name: https://github.com/kavia-common/pwhm-226177.git:kavia-main
2026-01-28 11:24:38,148 - Knowledge - INFO - Found code_base: <app.utils.kg_build.knowledge.KnowledgeCodeBase object at 0x7fcfb397d7d0>
2026-01-28 11:24:38,347 - Knowledge - INFO - persist ingested knowledge for /app/data/T0015/311196/b74521f/pwhm-226177/src/wld_functionTable.c
2026-01-28 11:24:38,587 - Knowledge - INFO - [MONGODB_OP] Completed: persist, Collection: file_info, Duration: 93ms
2026-01-28 11:24:38,974 - Knowledge - INFO - [REDIS_OP] Completed: store_embedding, Key: src/wld_functionTable.c, Duration: 217ms
2026-01-28 11:24:39,121 - Knowledge - INFO - persist search terms embedding for src/wld_functionTable.c
2026-01-28 11:24:39,281 - Knowledge - INFO - process ingested knowledge for /app/data/T0015/311196/b74521f/pwhm-226177/src/wld_functionTable.c
2026-01-28 11:24:39,448 - Knowledge - INFO - Found code-base-name: https://github.com/kavia-common/pwhm-226177.git:kavia-main
2026-01-28 11:24:39,627 - Knowledge - INFO - Found code_base: <app.utils.kg_build.knowledge.KnowledgeCodeBase object at 0x7fcfb397d7d0>
2026-01-28 11:24:39,859 - Knowledge - INFO - Found code-base-name: https://github.com/kavia-common/pwhm-226177.git:kavia-main
2026-01-28 11:24:40,049 - Knowledge - INFO - Found code_base: <app.utils.kg_build.knowledge.KnowledgeCodeBase object at 0x7fcfb397d7d0>
2026-01-28 11:24:40,220 - Knowledge - INFO - persist ingested knowledge for /app/data/T0015/311196/b74521f/pwhm-226177/src/nl80211/wld_wpaSupp_cfgFile.c
2026-01-28 11:24:40,504 - Knowledge - INFO - [MONGODB_OP] Completed: persist, Collection: file_info, Duration: 90ms
2026-01-28 11:24:40,980 - Knowledge - INFO - [REDIS_OP] Completed: store_embedding, Key: src/nl80211/wld_wpaSupp_cfgFile.c, Duration: 277ms
2026-01-28 11:24:41,139 - Knowledge - INFO - persist search terms embedding for src/nl80211/wld_wpaSupp_cfgFile.c
2026-01-28 11:24:41,322 - Knowledge - INFO - process ingested knowledge for /app/data/T0015/311196/b74521f/pwhm-226177/src/nl80211/wld_wpaSupp_cfgFile.c
2026-01-28 11:24:41,482 - Knowledge - INFO - Found code-base-name: https://github.com/kavia-common/pwhm-226177.git:kavia-main
2026-01-28 11:24:41,632 - Knowledge - INFO - Found code_base: <app.utils.kg_build.knowledge.KnowledgeCodeBase object at 0x7fcfb397d7d0>
2026-01-28 11:24:41,893 - Knowledge - INFO - Found code-base-name: https://github.com/kavia-common/pwhm-226177.git:kavia-main
2026-01-28 11:24:42,074 - Knowledge - INFO - Found code_base: <app.utils.kg_build.knowledge.KnowledgeCodeBase object at 0x7fcfb397d7d0>
2026-01-28 11:24:42,286 - Knowledge - INFO - persist ingested knowledge for /app/data/T0015/311196/b74521f/pwhm-226177/include/wld/wld_wpaSupp_ep_api.h
2026-01-28 11:24:42,533 - Knowledge - INFO - [MONGODB_OP] Completed: persist, Collection: file_info, Duration: 85ms
2026-01-28 11:24:43,001 - Knowledge - INFO - [REDIS_OP] Completed: store_embedding, Key: include/wld/wld_wpaSupp_ep_api.h, Duration: 295ms
2026-01-28 11:24:43,219 - Knowledge - INFO - persist search terms embedding for include/wld/wld_wpaSupp_ep_api.h
2026-01-28 11:24:43,389 - Knowledge - INFO - process ingested knowledge for /app/data/T0015/311196/b74521f/pwhm-226177/include/wld/wld_wpaSupp_ep_api.h
2026-01-28 11:24:43,589 - Knowledge - INFO - Found code-base-name: https://github.com/kavia-common/pwhm-226177.git:kavia-main
2026-01-28 11:24:43,757 - Knowledge - INFO - Found code_base: <app.utils.kg_build.knowledge.KnowledgeCodeBase object at 0x7fcfb397d7d0>
2026-01-28 11:24:43,996 - Knowledge - INFO - Found code-base-name: https://github.com/kavia-common/pwhm-226177.git:kavia-main
2026-01-28 11:24:44,153 - Knowledge - INFO - Found code_base: <app.utils.kg_build.knowledge.KnowledgeCodeBase object at 0x7fcfb397d7d0>
2026-01-28 11:24:44,373 - Knowledge - INFO - persist ingested knowledge for /app/data/T0015/311196/b74521f/pwhm-226177/src/ApMgt/wld_ap_bss_transfer.c
2026-01-28 11:24:44,620 - Knowledge - INFO - [MONGODB_OP] Completed: persist, Collection: file_info, Duration: 87ms
2026-01-28 11:24:45,313 - Knowledge - INFO - [REDIS_OP] Completed: store_embedding, Key: src/ApMgt/wld_ap_bss_transfer.c, Duration: 534ms
2026-01-28 11:24:45,476 - Knowledge - INFO - persist search terms embedding for src/ApMgt/wld_ap_bss_transfer.c
2026-01-28 11:24:45,700 - Knowledge - INFO - process ingested knowledge for /app/data/T0015/311196/b74521f/pwhm-226177/src/ApMgt/wld_ap_bss_transfer.c
2026-01-28 11:24:45,871 - Knowledge - INFO - Found code-base-name: https://github.com/kavia-common/pwhm-226177.git:kavia-main
2026-01-28 11:24:46,041 - Knowledge - INFO - Found code_base: <app.utils.kg_build.knowledge.KnowledgeCodeBase object at 0x7fcfb397d7d0>
2026-01-28 11:24:46,327 - Knowledge - INFO - Found code-base-name: https://github.com/kavia-common/pwhm-226177.git:kavia-main
2026-01-28 11:24:46,477 - Knowledge - INFO - Found code_base: <app.utils.kg_build.knowledge.KnowledgeCodeBase object at 0x7fcfb397d7d0>
2026-01-28 11:24:46,638 - Knowledge - INFO - persist ingested knowledge for /app/data/T0015/311196/b74521f/pwhm-226177/include/wld/Utils/wld_autoNeighAdd.h
2026-01-28 11:24:46,919 - Knowledge - INFO - [MONGODB_OP] Completed: persist, Collection: file_info, Duration: 109ms
2026-01-28 11:24:47,365 - Knowledge - INFO - [REDIS_OP] Completed: store_embedding, Key: include/wld/Utils/wld_autoNeighAdd.h, Duration: 278ms
2026-01-28 11:24:47,820 - Knowledge - INFO - persist search terms embedding for include/wld/Utils/wld_autoNeighAdd.h
2026-01-28 11:24:48,004 - Knowledge - INFO - process ingested knowledge for /app/data/T0015/311196/b74521f/pwhm-226177/include/wld/Utils/wld_autoNeighAdd.h
2026-01-28 11:24:48,212 - Knowledge - INFO - Found code-base-name: https://github.com/kavia-common/pwhm-226177.git:kavia-main
2026-01-28 11:24:48,367 - Knowledge - INFO - Found code_base: <app.utils.kg_build.knowledge.KnowledgeCodeBase object at 0x7fcfb397d7d0>
2026-01-28 11:24:48,593 - Knowledge - INFO - Found code-base-name: https://github.com/kavia-common/pwhm-226177.git:kavia-main
2026-01-28 11:24:48,755 - Knowledge - INFO - Found code_base: <app.utils.kg_build.knowledge.KnowledgeCodeBase object at 0x7fcfb397d7d0>
2026-01-28 11:24:48,925 - Knowledge - INFO - persist ingested knowledge for /app/data/T0015/311196/b74521f/pwhm-226177/test/test_defines.mk
2026-01-28 11:24:49,182 - Knowledge - INFO - [MONGODB_OP] Completed: persist, Collection: file_info, Duration: 89ms
2026-01-28 11:24:49,586 - Knowledge - INFO - [REDIS_OP] Completed: store_embedding, Key: test/test_defines.mk, Duration: 247ms
2026-01-28 11:24:49,806 - Knowledge - INFO - persist search terms embedding for test/test_defines.mk
2026-01-28 11:24:49,968 - Knowledge - INFO - process ingested knowledge for /app/data/T0015/311196/b74521f/pwhm-226177/test/test_defines.mk
2026-01-28 11:24:50,171 - Knowledge - INFO - Found code-base-name: https://github.com/kavia-common/pwhm-226177.git:kavia-main
2026-01-28 11:24:50,360 - Knowledge - INFO - Found code_base: <app.utils.kg_build.knowledge.KnowledgeCodeBase object at 0x7fcfb397d7d0>
2026-01-28 11:24:50,619 - Knowledge - INFO - Found code-base-name: https://github.com/kavia-common/pwhm-226177.git:kavia-main
2026-01-28 11:24:50,806 - Knowledge - INFO - Found code_base: <app.utils.kg_build.knowledge.KnowledgeCodeBase object at 0x7fcfb397d7d0>
2026-01-28 11:24:50,963 - Knowledge - INFO - persist ingested knowledge for /app/data/T0015/311196/b74521f/pwhm-226177/include/wld/wld_hostapd_cfgManager.h
2026-01-28 11:24:51,288 - Knowledge - INFO - [MONGODB_OP] Completed: persist, Collection: file_info, Duration: 153ms
2026-01-28 11:24:51,720 - Knowledge - INFO - [REDIS_OP] Completed: store_embedding, Key: include/wld/wld_hostapd_cfgManager.h, Duration: 222ms
2026-01-28 11:24:51,884 - Knowledge - INFO - persist search terms embedding for include/wld/wld_hostapd_cfgManager.h
2026-01-28 11:24:52,070 - Knowledge - INFO - process ingested knowledge for /app/data/T0015/311196/b74521f/pwhm-226177/include/wld/wld_hostapd_cfgManager.h
2026-01-28 11:24:52,239 - Knowledge - INFO - Found code-base-name: https://github.com/kavia-common/pwhm-226177.git:kavia-main
2026-01-28 11:24:52,395 - Knowledge - INFO - Found code_base: <app.utils.kg_build.knowledge.KnowledgeCodeBase object at 0x7fcfb397d7d0>
2026-01-28 11:24:52,634 - Knowledge - INFO - Found code-base-name: https://github.com/kavia-common/pwhm-226177.git:kavia-main
2026-01-28 11:24:52,821 - Knowledge - INFO - Found code_base: <app.utils.kg_build.knowledge.KnowledgeCodeBase object at 0x7fcfb397d7d0>
2026-01-28 11:24:52,997 - Knowledge - INFO - persist ingested knowledge for /app/data/T0015/311196/b74521f/pwhm-226177/test/testScanSsid/ScanResults-5g-1.txt
2026-01-28 11:24:53,262 - Knowledge - INFO - [MONGODB_OP] Completed: persist, Collection: file_info, Duration: 92ms
2026-01-28 11:24:53,790 - Knowledge - INFO - [REDIS_OP] Completed: store_embedding, Key: test/testScanSsid/ScanResults-5g-1.txt, Duration: 320ms
2026-01-28 11:24:53,960 - Knowledge - INFO - persist search terms embedding for test/testScanSsid/ScanResults-5g-1.txt
2026-01-28 11:24:54,161 - Knowledge - INFO - process ingested knowledge for /app/data/T0015/311196/b74521f/pwhm-226177/test/testScanSsid/ScanResults-5g-1.txt
2026-01-28 11:24:54,357 - Knowledge - INFO - Found code-base-name: https://github.com/kavia-common/pwhm-226177.git:kavia-main
2026-01-28 11:24:54,566 - Knowledge - INFO - Found code_base: <app.utils.kg_build.knowledge.KnowledgeCodeBase object at 0x7fcfb397d7d0>
2026-01-28 11:24:54,821 - Knowledge - INFO - Found code-base-name: https://github.com/kavia-common/pwhm-226177.git:kavia-main
2026-01-28 11:24:55,000 - Knowledge - INFO - Found code_base: <app.utils.kg_build.knowledge.KnowledgeCodeBase object at 0x7fcfb397d7d0>
2026-01-28 11:24:55,209 - Knowledge - INFO - persist ingested knowledge for /app/data/T0015/311196/b74521f/pwhm-226177/include_priv/nl80211/wld_nl80211_core_priv.h
2026-01-28 11:24:55,487 - Knowledge - INFO - [MONGODB_OP] Completed: persist, Collection: file_info, Duration: 102ms
2026-01-28 11:24:55,914 - Knowledge - INFO - [REDIS_OP] Completed: store_embedding, Key: include_priv/nl80211/wld_nl80211_core_priv.h, Duration: 217ms
2026-01-28 11:24:56,077 - Knowledge - INFO - persist search terms embedding for include_priv/nl80211/wld_nl80211_core_priv.h
2026-01-28 11:24:56,286 - Knowledge - INFO - process ingested knowledge for /app/data/T0015/311196/b74521f/pwhm-226177/include_priv/nl80211/wld_nl80211_core_priv.h
2026-01-28 11:24:56,466 - Knowledge - INFO - Found code-base-name: https://github.com/kavia-common/pwhm-226177.git:kavia-main
2026-01-28 11:24:56,621 - Knowledge - INFO - Found code_base: <app.utils.kg_build.knowledge.KnowledgeCodeBase object at 0x7fcfb397d7d0>
2026-01-28 11:24:56,878 - Knowledge - INFO - Found code-base-name: https://github.com/kavia-common/pwhm-226177.git:kavia-main
2026-01-28 11:24:57,095 - Knowledge - INFO - Found code_base: <app.utils.kg_build.knowledge.KnowledgeCodeBase object at 0x7fcfb397d7d0>
2026-01-28 11:24:57,280 - Knowledge - INFO - persist ingested knowledge for /app/data/T0015/311196/b74521f/pwhm-226177/test/wld_daemon/test_wld_daemon.c
2026-01-28 11:24:57,598 - Knowledge - INFO - [MONGODB_OP] Completed: persist, Collection: file_info, Duration: 89ms
2026-01-28 11:24:57,982 - Knowledge - INFO - [REDIS_OP] Completed: store_embedding, Key: test/wld_daemon/test_wld_daemon.c, Duration: 229ms
2026-01-28 11:24:58,160 - Knowledge - INFO - persist search terms embedding for test/wld_daemon/test_wld_daemon.c
2026-01-28 11:24:58,369 - Knowledge - INFO - process ingested knowledge for /app/data/T0015/311196/b74521f/pwhm-226177/test/wld_daemon/test_wld_daemon.c
2026-01-28 11:24:58,547 - Knowledge - INFO - Found code-base-name: https://github.com/kavia-common/pwhm-226177.git:kavia-main
2026-01-28 11:24:58,709 - Knowledge - INFO - Found code_base: <app.utils.kg_build.knowledge.KnowledgeCodeBase object at 0x7fcfb397d7d0>
2026-01-28 11:24:58,977 - Knowledge - INFO - Found code-base-name: https://github.com/kavia-common/pwhm-226177.git:kavia-main
2026-01-28 11:24:59,147 - Knowledge - INFO - Found code_base: <app.utils.kg_build.knowledge.KnowledgeCodeBase object at 0x7fcfb397d7d0>
2026-01-28 11:24:59,295 - Knowledge - INFO - persist ingested knowledge for /app/data/T0015/311196/b74521f/pwhm-226177/include/wld/wld_mld.h
2026-01-28 11:24:59,570 - Knowledge - INFO - [MONGODB_OP] Completed: persist, Collection: file_info, Duration: 113ms
2026-01-28 11:25:00,053 - Knowledge - INFO - [REDIS_OP] Completed: store_embedding, Key: include/wld/wld_mld.h, Duration: 267ms
2026-01-28 11:25:00,236 - Knowledge - INFO - persist search terms embedding for include/wld/wld_mld.h
2026-01-28 11:25:00,411 - Knowledge - INFO - process ingested knowledge for /app/data/T0015/311196/b74521f/pwhm-226177/include/wld/wld_mld.h
2026-01-28 11:25:00,575 - Knowledge - INFO - Found code-base-name: https://github.com/kavia-common/pwhm-226177.git:kavia-main
2026-01-28 11:25:00,762 - Knowledge - INFO - Found code_base: <app.utils.kg_build.knowledge.KnowledgeCodeBase object at 0x7fcfb397d7d0>
2026-01-28 11:25:01,013 - Knowledge - INFO - Found code-base-name: https://github.com/kavia-common/pwhm-226177.git:kavia-main
2026-01-28 11:25:01,177 - Knowledge - INFO - Found code_base: <app.utils.kg_build.knowledge.KnowledgeCodeBase object at 0x7fcfb397d7d0>
2026-01-28 11:25:01,348 - Knowledge - INFO - persist ingested knowledge for /app/data/T0015/311196/b74521f/pwhm-226177/test/testStaStats/deauthNot/notif_5.txt
2026-01-28 11:25:01,614 - Knowledge - INFO - [MONGODB_OP] Completed: persist, Collection: file_info, Duration: 97ms
2026-01-28 11:25:02,075 - Knowledge - INFO - [REDIS_OP] Completed: store_embedding, Key: test/testStaStats/deauthNot/notif_5.txt, Duration: 249ms
2026-01-28 11:25:02,229 - Knowledge - INFO - persist search terms embedding for test/testStaStats/deauthNot/notif_5.txt
2026-01-28 11:25:02,385 - Knowledge - INFO - process ingested knowledge for /app/data/T0015/311196/b74521f/pwhm-226177/test/testStaStats/deauthNot/notif_5.txt
2026-01-28 11:25:02,548 - Knowledge - INFO - Found code-base-name: https://github.com/kavia-common/pwhm-226177.git:kavia-main
2026-01-28 11:25:02,754 - Knowledge - INFO - Found code_base: <app.utils.kg_build.knowledge.KnowledgeCodeBase object at 0x7fcfb397d7d0>
2026-01-28 11:25:02,977 - Knowledge - INFO - Found code-base-name: https://github.com/kavia-common/pwhm-226177.git:kavia-main
2026-01-28 11:25:03,188 - Knowledge - INFO - Found code_base: <app.utils.kg_build.knowledge.KnowledgeCodeBase object at 0x7fcfb397d7d0>
2026-01-28 11:25:03,373 - Knowledge - INFO - persist ingested knowledge for /app/data/T0015/311196/b74521f/pwhm-226177/src/nl80211/wld_nl80211_api.c
2026-01-28 11:25:03,638 - Knowledge - INFO - [MONGODB_OP] Completed: persist, Collection: file_info, Duration: 104ms
2026-01-28 11:25:04,027 - Knowledge - INFO - [REDIS_OP] Completed: store_embedding, Key: src/nl80211/wld_nl80211_api.c, Duration: 221ms
2026-01-28 11:25:04,188 - Knowledge - INFO - persist search terms embedding for src/nl80211/wld_nl80211_api.c
2026-01-28 11:25:04,357 - Knowledge - INFO - process ingested knowledge for /app/data/T0015/311196/b74521f/pwhm-226177/src/nl80211/wld_nl80211_api.c
2026-01-28 11:25:04,524 - Knowledge - INFO - Found code-base-name: https://github.com/kavia-common/pwhm-226177.git:kavia-main
2026-01-28 11:25:04,700 - Knowledge - INFO - Found code_base: <app.utils.kg_build.knowledge.KnowledgeCodeBase object at 0x7fcfb397d7d0>
2026-01-28 11:25:04,921 - Knowledge - INFO - Found code-base-name: https://github.com/kavia-common/pwhm-226177.git:kavia-main
2026-01-28 11:25:05,096 - Knowledge - INFO - Found code_base: <app.utils.kg_build.knowledge.KnowledgeCodeBase object at 0x7fcfb397d7d0>
2026-01-28 11:25:05,278 - Knowledge - INFO - persist ingested knowledge for /app/data/T0015/311196/b74521f/pwhm-226177/test/epMld/test_epMld.c
2026-01-28 11:25:05,562 - Knowledge - INFO - [MONGODB_OP] Completed: persist, Collection: file_info, Duration: 85ms
2026-01-28 11:25:06,020 - Knowledge - INFO - [REDIS_OP] Completed: store_embedding, Key: test/epMld/test_epMld.c, Duration: 262ms
2026-01-28 11:25:06,190 - Knowledge - INFO - persist search terms embedding for test/epMld/test_epMld.c
2026-01-28 11:25:06,367 - Knowledge - INFO - process ingested knowledge for /app/data/T0015/311196/b74521f/pwhm-226177/test/epMld/test_epMld.c
2026-01-28 11:25:06,531 - Knowledge - INFO - Found code-base-name: https://github.com/kavia-common/pwhm-226177.git:kavia-main
2026-01-28 11:25:06,693 - Knowledge - INFO - Found code_base: <app.utils.kg_build.knowledge.KnowledgeCodeBase object at 0x7fcfb397d7d0>
2026-01-28 11:25:06,952 - Knowledge - INFO - Found code-base-name: https://github.com/kavia-common/pwhm-226177.git:kavia-main
2026-01-28 11:25:07,146 - Knowledge - INFO - Found code_base: <app.utils.kg_build.knowledge.KnowledgeCodeBase object at 0x7fcfb397d7d0>
2026-01-28 11:25:07,352 - Knowledge - INFO - persist ingested knowledge for /app/data/T0015/311196/b74521f/pwhm-226177/include/wld/wld_channel_types.h
2026-01-28 11:25:07,674 - Knowledge - INFO - [MONGODB_OP] Completed: persist, Collection: file_info, Duration: 108ms
2026-01-28 11:25:08,054 - Knowledge - INFO - [REDIS_OP] Completed: store_embedding, Key: include/wld/wld_channel_types.h, Duration: 206ms
2026-01-28 11:25:08,221 - Knowledge - INFO - persist search terms embedding for include/wld/wld_channel_types.h
2026-01-28 11:25:08,381 - Knowledge - INFO - process ingested knowledge for /app/data/T0015/311196/b74521f/pwhm-226177/include/wld/wld_channel_types.h
2026-01-28 11:25:08,561 - Knowledge - INFO - Found code-base-name: https://github.com/kavia-common/pwhm-226177.git:kavia-main
2026-01-28 11:25:08,713 - Knowledge - INFO - Found code_base: <app.utils.kg_build.knowledge.KnowledgeCodeBase object at 0x7fcfb397d7d0>
2026-01-28 11:25:09,012 - Knowledge - INFO - Found code-base-name: https://github.com/kavia-common/pwhm-226177.git:kavia-main
2026-01-28 11:25:09,239 - Knowledge - INFO - Found code_base: <app.utils.kg_build.knowledge.KnowledgeCodeBase object at 0x7fcfb397d7d0>
2026-01-28 11:25:09,431 - Knowledge - INFO - persist ingested knowledge for /app/data/T0015/311196/b74521f/pwhm-226177/include_priv/nl80211/wld_wpaCtrlInterface_priv.h
2026-01-28 11:25:09,719 - Knowledge - INFO - [MONGODB_OP] Completed: persist, Collection: file_info, Duration: 113ms
2026-01-28 11:25:10,145 - Knowledge - INFO - [REDIS_OP] Completed: store_embedding, Key: include_priv/nl80211/wld_wpaCtrlInterface_priv.h, Duration: 260ms
2026-01-28 11:25:10,309 - Knowledge - INFO - persist search terms embedding for include_priv/nl80211/wld_wpaCtrlInterface_priv.h
2026-01-28 11:25:10,470 - Knowledge - INFO - process ingested knowledge for /app/data/T0015/311196/b74521f/pwhm-226177/include_priv/nl80211/wld_wpaCtrlInterface_priv.h
2026-01-28 11:25:10,716 - Knowledge - INFO - Found code-base-name: https://github.com/kavia-common/pwhm-226177.git:kavia-main
2026-01-28 11:25:10,890 - Knowledge - INFO - Found code_base: <app.utils.kg_build.knowledge.KnowledgeCodeBase object at 0x7fcfb397d7d0>
2026-01-28 11:25:11,158 - Knowledge - INFO - Found code-base-name: https://github.com/kavia-common/pwhm-226177.git:kavia-main
2026-01-28 11:25:11,330 - Knowledge - INFO - Found code_base: <app.utils.kg_build.knowledge.KnowledgeCodeBase object at 0x7fcfb397d7d0>
2026-01-28 11:25:11,482 - Knowledge - INFO - persist ingested knowledge for /app/data/T0015/311196/b74521f/pwhm-226177/test/testStaStats/assocNot/not_6.txt
2026-01-28 11:25:11,748 - Knowledge - INFO - [MONGODB_OP] Completed: persist, Collection: file_info, Duration: 95ms
2026-01-28 11:25:12,186 - Knowledge - INFO - [REDIS_OP] Completed: store_embedding, Key: test/testStaStats/assocNot/not_6.txt, Duration: 288ms
2026-01-28 11:25:12,350 - Knowledge - INFO - persist search terms embedding for test/testStaStats/assocNot/not_6.txt
2026-01-28 11:25:12,515 - Knowledge - INFO - process ingested knowledge for /app/data/T0015/311196/b74521f/pwhm-226177/test/testStaStats/assocNot/not_6.txt
2026-01-28 11:25:12,730 - Knowledge - INFO - Found code-base-name: https://github.com/kavia-common/pwhm-226177.git:kavia-main
2026-01-28 11:25:12,899 - Knowledge - INFO - Found code_base: <app.utils.kg_build.knowledge.KnowledgeCodeBase object at 0x7fcfb397d7d0>
2026-01-28 11:25:13,170 - Knowledge - INFO - Found code-base-name: https://github.com/kavia-common/pwhm-226177.git:kavia-main
2026-01-28 11:25:13,361 - Knowledge - INFO - Found code_base: <app.utils.kg_build.knowledge.KnowledgeCodeBase object at 0x7fcfb397d7d0>
2026-01-28 11:25:13,538 - Knowledge - INFO - persist ingested knowledge for /app/data/T0015/311196/b74521f/pwhm-226177/src/Utils/wld_daemon.c
2026-01-28 11:25:13,849 - Knowledge - INFO - [MONGODB_OP] Completed: persist, Collection: file_info, Duration: 95ms
2026-01-28 11:25:14,261 - Knowledge - INFO - [REDIS_OP] Completed: store_embedding, Key: src/Utils/wld_daemon.c, Duration: 240ms
2026-01-28 11:25:14,429 - Knowledge - INFO - persist search terms embedding for src/Utils/wld_daemon.c
2026-01-28 11:25:14,594 - Knowledge - INFO - process ingested knowledge for /app/data/T0015/311196/b74521f/pwhm-226177/src/Utils/wld_daemon.c
2026-01-28 11:25:14,754 - Knowledge - INFO - Found code-base-name: https://github.com/kavia-common/pwhm-226177.git:kavia-main
2026-01-28 11:25:14,935 - Knowledge - INFO - Found code_base: <app.utils.kg_build.knowledge.KnowledgeCodeBase object at 0x7fcfb397d7d0>
2026-01-28 11:25:15,187 - Knowledge - INFO - Found code-base-name: https://github.com/kavia-common/pwhm-226177.git:kavia-main
2026-01-28 11:25:15,392 - Knowledge - INFO - Found code_base: <app.utils.kg_build.knowledge.KnowledgeCodeBase object at 0x7fcfb397d7d0>
2026-01-28 11:25:15,553 - Knowledge - INFO - persist ingested knowledge for /app/data/T0015/311196/b74521f/pwhm-226177/src/wld_radioOperatingStandards.c
2026-01-28 11:25:15,847 - Knowledge - INFO - [MONGODB_OP] Completed: persist, Collection: file_info, Duration: 87ms
2026-01-28 11:25:16,307 - Knowledge - INFO - [REDIS_OP] Completed: store_embedding, Key: src/wld_radioOperatingStandards.c, Duration: 254ms
2026-01-28 11:25:16,503 - Knowledge - INFO - persist search terms embedding for src/wld_radioOperatingStandards.c
2026-01-28 11:25:16,671 - Knowledge - INFO - process ingested knowledge for /app/data/T0015/311196/b74521f/pwhm-226177/src/wld_radioOperatingStandards.c
2026-01-28 11:25:16,827 - Knowledge - INFO - Found code-base-name: https://github.com/kavia-common/pwhm-226177.git:kavia-main
2026-01-28 11:25:16,986 - Knowledge - INFO - Found code_base: <app.utils.kg_build.knowledge.KnowledgeCodeBase object at 0x7fcfb397d7d0>
2026-01-28 11:25:17,234 - Knowledge - INFO - Found code-base-name: https://github.com/kavia-common/pwhm-226177.git:kavia-main
2026-01-28 11:25:17,458 - Knowledge - INFO - Found code_base: <app.utils.kg_build.knowledge.KnowledgeCodeBase object at 0x7fcfb397d7d0>
2026-01-28 11:25:17,645 - Knowledge - INFO - persist ingested knowledge for /app/data/T0015/311196/b74521f/pwhm-226177/src/wld_accesspoint.c
2026-01-28 11:25:17,927 - Knowledge - INFO - [MONGODB_OP] Completed: persist, Collection: file_info, Duration: 99ms
2026-01-28 11:25:18,325 - Knowledge - INFO - [REDIS_OP] Completed: store_embedding, Key: src/wld_accesspoint.c, Duration: 224ms
2026-01-28 11:25:18,488 - Knowledge - INFO - persist search terms embedding for src/wld_accesspoint.c
2026-01-28 11:25:18,695 - Knowledge - INFO - process ingested knowledge for /app/data/T0015/311196/b74521f/pwhm-226177/src/wld_accesspoint.c
2026-01-28 11:25:18,860 - Knowledge - INFO - Found code-base-name: https://github.com/kavia-common/pwhm-226177.git:kavia-main
2026-01-28 11:25:19,046 - Knowledge - INFO - Found code_base: <app.utils.kg_build.knowledge.KnowledgeCodeBase object at 0x7fcfb397d7d0>
2026-01-28 11:25:19,279 - Knowledge - INFO - Found code-base-name: https://github.com/kavia-common/pwhm-226177.git:kavia-main
2026-01-28 11:25:19,431 - Knowledge - INFO - Found code_base: <app.utils.kg_build.knowledge.KnowledgeCodeBase object at 0x7fcfb397d7d0>
2026-01-28 11:25:19,638 - Knowledge - INFO - persist ingested knowledge for /app/data/T0015/311196/b74521f/pwhm-226177/test/testStaStatsWiFi7/stationStats/stats_test3.txt
2026-01-28 11:25:19,886 - Knowledge - INFO - [MONGODB_OP] Completed: persist, Collection: file_info, Duration: 99ms
2026-01-28 11:25:20,317 - Knowledge - INFO - [REDIS_OP] Completed: store_embedding, Key: test/testStaStatsWiFi7/stationStats/stats_test3.txt, Duration: 274ms
2026-01-28 11:25:20,485 - Knowledge - INFO - persist search terms embedding for test/testStaStatsWiFi7/stationStats/stats_test3.txt
2026-01-28 11:25:20,654 - Knowledge - INFO - process ingested knowledge for /app/data/T0015/311196/b74521f/pwhm-226177/test/testStaStatsWiFi7/stationStats/stats_test3.txt
2026-01-28 11:25:20,830 - Knowledge - INFO - Found code-base-name: https://github.com/kavia-common/pwhm-226177.git:kavia-main
2026-01-28 11:25:20,985 - Knowledge - INFO - Found code_base: <app.utils.kg_build.knowledge.KnowledgeCodeBase object at 0x7fcfb397d7d0>
2026-01-28 11:25:21,220 - Knowledge - INFO - Found code-base-name: https://github.com/kavia-common/pwhm-226177.git:kavia-main
2026-01-28 11:25:21,381 - Knowledge - INFO - Found code_base: <app.utils.kg_build.knowledge.KnowledgeCodeBase object at 0x7fcfb397d7d0>
2026-01-28 11:25:21,561 - Knowledge - INFO - persist ingested knowledge for /app/data/T0015/311196/b74521f/pwhm-226177/test/testBgDfs/test_BgDfs.c
2026-01-28 11:25:21,846 - Knowledge - INFO - [MONGODB_OP] Completed: persist, Collection: file_info, Duration: 86ms
2026-01-28 11:25:22,325 - Knowledge - INFO - [REDIS_OP] Completed: store_embedding, Key: test/testBgDfs/test_BgDfs.c, Duration: 310ms
2026-01-28 11:25:22,503 - Knowledge - INFO - persist search terms embedding for test/testBgDfs/test_BgDfs.c
2026-01-28 11:25:22,674 - Knowledge - INFO - process ingested knowledge for /app/data/T0015/311196/b74521f/pwhm-226177/test/testBgDfs/test_BgDfs.c
2026-01-28 11:25:22,887 - Knowledge - INFO - Found code-base-name: https://github.com/kavia-common/pwhm-226177.git:kavia-main
2026-01-28 11:25:23,082 - Knowledge - INFO - Found code_base: <app.utils.kg_build.knowledge.KnowledgeCodeBase object at 0x7fcfb397d7d0>
2026-01-28 11:25:23,378 - Knowledge - INFO - Found code-base-name: https://github.com/kavia-common/pwhm-226177.git:kavia-main
2026-01-28 11:25:23,542 - Knowledge - INFO - Found code_base: <app.utils.kg_build.knowledge.KnowledgeCodeBase object at 0x7fcfb397d7d0>
2026-01-28 11:25:23,702 - Knowledge - INFO - persist ingested knowledge for /app/data/T0015/311196/b74521f/pwhm-226177/include/wld/wld_types.h
2026-01-28 11:25:23,975 - Knowledge - INFO - [MONGODB_OP] Completed: persist, Collection: file_info, Duration: 110ms
2026-01-28 11:25:24,707 - Knowledge - INFO - [REDIS_OP] Completed: store_embedding, Key: include/wld/wld_types.h, Duration: 530ms
2026-01-28 11:25:24,880 - Knowledge - INFO - persist search terms embedding for include/wld/wld_types.h
2026-01-28 11:25:25,027 - Knowledge - INFO - process ingested knowledge for /app/data/T0015/311196/b74521f/pwhm-226177/include/wld/wld_types.h
2026-01-28 11:25:25,181 - Knowledge - INFO - Found code-base-name: https://github.com/kavia-common/pwhm-226177.git:kavia-main
2026-01-28 11:25:25,337 - Knowledge - INFO - Found code_base: <app.utils.kg_build.knowledge.KnowledgeCodeBase object at 0x7fcfb397d7d0>
2026-01-28 11:25:25,618 - Knowledge - INFO - Found code-base-name: https://github.com/kavia-common/pwhm-226177.git:kavia-main
2026-01-28 11:25:25,812 - Knowledge - INFO - Found code_base: <app.utils.kg_build.knowledge.KnowledgeCodeBase object at 0x7fcfb397d7d0>
2026-01-28 11:25:26,000 - Knowledge - INFO - persist ingested knowledge for /app/data/T0015/311196/b74521f/pwhm-226177/test/testHelper/wld_th_types.h
2026-01-28 11:25:26,334 - Knowledge - INFO - [MONGODB_OP] Completed: persist, Collection: file_info, Duration: 122ms
2026-01-28 11:25:26,838 - Knowledge - INFO - [REDIS_OP] Completed: store_embedding, Key: test/testHelper/wld_th_types.h, Duration: 307ms
2026-01-28 11:25:27,033 - Knowledge - INFO - persist search terms embedding for test/testHelper/wld_th_types.h
2026-01-28 11:25:27,211 - Knowledge - INFO - process ingested knowledge for /app/data/T0015/311196/b74521f/pwhm-226177/test/testHelper/wld_th_types.h
2026-01-28 11:25:27,412 - Knowledge - INFO - Found code-base-name: https://github.com/kavia-common/pwhm-226177.git:kavia-main
2026-01-28 11:25:27,577 - Knowledge - INFO - Found code_base: <app.utils.kg_build.knowledge.KnowledgeCodeBase object at 0x7fcfb397d7d0>
2026-01-28 11:25:27,802 - Knowledge - INFO - Found code-base-name: https://github.com/kavia-common/pwhm-226177.git:kavia-main
2026-01-28 11:25:27,955 - Knowledge - INFO - Found code_base: <app.utils.kg_build.knowledge.KnowledgeCodeBase object at 0x7fcfb397d7d0>
2026-01-28 11:25:28,117 - Knowledge - INFO - persist ingested knowledge for /app/data/T0015/311196/b74521f/pwhm-226177/test/testRadio11be/rad5_base.txt
2026-01-28 11:25:28,388 - Knowledge - INFO - [MONGODB_OP] Completed: persist, Collection: file_info, Duration: 94ms
2026-01-28 11:25:28,811 - Knowledge - INFO - [REDIS_OP] Completed: store_embedding, Key: test/testRadio11be/rad5_base.txt, Duration: 228ms
2026-01-28 11:25:28,955 - Knowledge - INFO - persist search terms embedding for test/testRadio11be/rad5_base.txt
2026-01-28 11:25:29,132 - Knowledge - INFO - process ingested knowledge for /app/data/T0015/311196/b74521f/pwhm-226177/test/testRadio11be/rad5_base.txt
2026-01-28 11:25:29,309 - Knowledge - INFO - Found code-base-name: https://github.com/kavia-common/pwhm-226177.git:kavia-main
2026-01-28 11:25:29,480 - Knowledge - INFO - Found code_base: <app.utils.kg_build.knowledge.KnowledgeCodeBase object at 0x7fcfb397d7d0>
2026-01-28 11:25:29,744 - Knowledge - INFO - Found code-base-name: https://github.com/kavia-common/pwhm-226177.git:kavia-main
2026-01-28 11:25:29,906 - Knowledge - INFO - Found code_base: <app.utils.kg_build.knowledge.KnowledgeCodeBase object at 0x7fcfb397d7d0>
2026-01-28 11:25:30,108 - Knowledge - INFO - persist ingested knowledge for /app/data/T0015/311196/b74521f/pwhm-226177/src/VendorModule/wld_vendorModule_mgr.c
2026-01-28 11:25:30,355 - Knowledge - INFO - [MONGODB_OP] Completed: persist, Collection: file_info, Duration: 96ms
2026-01-28 11:25:30,902 - Knowledge - INFO - [REDIS_OP] Completed: store_embedding, Key: src/VendorModule/wld_vendorModule_mgr.c, Duration: 356ms
2026-01-28 11:25:31,071 - Knowledge - INFO - persist search terms embedding for src/VendorModule/wld_vendorModule_mgr.c
2026-01-28 11:25:31,280 - Knowledge - INFO - process ingested knowledge for /app/data/T0015/311196/b74521f/pwhm-226177/src/VendorModule/wld_vendorModule_mgr.c
2026-01-28 11:25:31,444 - Knowledge - INFO - Found code-base-name: https://github.com/kavia-common/pwhm-226177.git:kavia-main
2026-01-28 11:25:31,595 - Knowledge - INFO - Found code_base: <app.utils.kg_build.knowledge.KnowledgeCodeBase object at 0x7fcfb397d7d0>
2026-01-28 11:25:31,835 - Knowledge - INFO - Found code-base-name: https://github.com/kavia-common/pwhm-226177.git:kavia-main
2026-01-28 11:25:31,994 - Knowledge - INFO - Found code_base: <app.utils.kg_build.knowledge.KnowledgeCodeBase object at 0x7fcfb397d7d0>
2026-01-28 11:25:32,157 - Knowledge - INFO - persist ingested knowledge for /app/data/T0015/311196/b74521f/pwhm-226177/test/testHelper/wld_th_ep.h
2026-01-28 11:25:32,400 - Knowledge - INFO - [MONGODB_OP] Completed: persist, Collection: file_info, Duration: 89ms
2026-01-28 11:25:32,851 - Knowledge - INFO - [REDIS_OP] Completed: store_embedding, Key: test/testHelper/wld_th_ep.h, Duration: 247ms
2026-01-28 11:25:33,019 - Knowledge - INFO - persist search terms embedding for test/testHelper/wld_th_ep.h
2026-01-28 11:25:33,171 - Knowledge - INFO - process ingested knowledge for /app/data/T0015/311196/b74521f/pwhm-226177/test/testHelper/wld_th_ep.h
2026-01-28 11:25:33,332 - Knowledge - INFO - Found code-base-name: https://github.com/kavia-common/pwhm-226177.git:kavia-main
2026-01-28 11:25:33,512 - Knowledge - INFO - Found code_base: <app.utils.kg_build.knowledge.KnowledgeCodeBase object at 0x7fcfb397d7d0>
2026-01-28 11:25:33,767 - Knowledge - INFO - Found code-base-name: https://github.com/kavia-common/pwhm-226177.git:kavia-main
2026-01-28 11:25:33,926 - Knowledge - INFO - Found code_base: <app.utils.kg_build.knowledge.KnowledgeCodeBase object at 0x7fcfb397d7d0>
2026-01-28 11:25:34,103 - Knowledge - INFO - persist ingested knowledge for /app/data/T0015/311196/b74521f/pwhm-226177/test/testapMLD/test_apmld.c
2026-01-28 11:25:34,391 - Knowledge - INFO - [MONGODB_OP] Completed: persist, Collection: file_info, Duration: 104ms
2026-01-28 11:25:36,731 - Knowledge - INFO - [REDIS_OP] Completed: store_embedding, Key: test/testapMLD/test_apmld.c, Duration: 2169ms
2026-01-28 11:25:36,899 - Knowledge - INFO - persist search terms embedding for test/testapMLD/test_apmld.c
2026-01-28 11:25:37,061 - Knowledge - INFO - process ingested knowledge for /app/data/T0015/311196/b74521f/pwhm-226177/test/testapMLD/test_apmld.c
2026-01-28 11:25:37,273 - Knowledge - INFO - Found code-base-name: https://github.com/kavia-common/pwhm-226177.git:kavia-main
2026-01-28 11:25:37,495 - Knowledge - INFO - Found code_base: <app.utils.kg_build.knowledge.KnowledgeCodeBase object at 0x7fcfb397d7d0>
2026-01-28 11:25:37,731 - Knowledge - INFO - Found code-base-name: https://github.com/kavia-common/pwhm-226177.git:kavia-main
2026-01-28 11:25:37,949 - Knowledge - INFO - Found code_base: <app.utils.kg_build.knowledge.KnowledgeCodeBase object at 0x7fcfb397d7d0>
2026-01-28 11:25:38,134 - Knowledge - INFO - persist ingested knowledge for /app/data/T0015/311196/b74521f/pwhm-226177/test/testStaStats/history1.txt
2026-01-28 11:25:38,379 - Knowledge - INFO - [MONGODB_OP] Completed: persist, Collection: file_info, Duration: 96ms
2026-01-28 11:25:38,825 - Knowledge - INFO - [REDIS_OP] Completed: store_embedding, Key: test/testStaStats/history1.txt, Duration: 242ms
2026-01-28 11:25:38,991 - Knowledge - INFO - persist search terms embedding for test/testStaStats/history1.txt
2026-01-28 11:25:39,200 - Knowledge - INFO - process ingested knowledge for /app/data/T0015/311196/b74521f/pwhm-226177/test/testStaStats/history1.txt
2026-01-28 11:25:39,371 - Knowledge - INFO - Found code-base-name: https://github.com/kavia-common/pwhm-226177.git:kavia-main
2026-01-28 11:25:39,591 - Knowledge - INFO - Found code_base: <app.utils.kg_build.knowledge.KnowledgeCodeBase object at 0x7fcfb397d7d0>
2026-01-28 11:25:39,881 - Knowledge - INFO - Found code-base-name: https://github.com/kavia-common/pwhm-226177.git:kavia-main
2026-01-28 11:25:40,054 - Knowledge - INFO - Found code_base: <app.utils.kg_build.knowledge.KnowledgeCodeBase object at 0x7fcfb397d7d0>
2026-01-28 11:25:40,220 - Knowledge - INFO - persist ingested knowledge for /app/data/T0015/311196/b74521f/pwhm-226177/src/EpMgt/wld_tinyRoam_bus.c
2026-01-28 11:25:40,520 - Knowledge - INFO - [MONGODB_OP] Completed: persist, Collection: file_info, Duration: 127ms
2026-01-28 11:25:40,976 - Knowledge - INFO - [REDIS_OP] Completed: store_embedding, Key: src/EpMgt/wld_tinyRoam_bus.c, Duration: 238ms
2026-01-28 11:25:41,187 - Knowledge - INFO - persist search terms embedding for src/EpMgt/wld_tinyRoam_bus.c
2026-01-28 11:25:41,410 - Knowledge - INFO - process ingested knowledge for /app/data/T0015/311196/b74521f/pwhm-226177/src/EpMgt/wld_tinyRoam_bus.c
2026-01-28 11:25:41,579 - Knowledge - INFO - Found code-base-name: https://github.com/kavia-common/pwhm-226177.git:kavia-main
2026-01-28 11:25:41,741 - Knowledge - INFO - Found code_base: <app.utils.kg_build.knowledge.KnowledgeCodeBase object at 0x7fcfb397d7d0>
2026-01-28 11:25:42,046 - Knowledge - INFO - Found code-base-name: https://github.com/kavia-common/pwhm-226177.git:kavia-main
2026-01-28 11:25:42,197 - Knowledge - INFO - Found code_base: <app.utils.kg_build.knowledge.KnowledgeCodeBase object at 0x7fcfb397d7d0>
2026-01-28 11:25:42,390 - Knowledge - INFO - persist ingested knowledge for /app/data/T0015/311196/b74521f/pwhm-226177/src/Utils/wld_monitor.c
2026-01-28 11:25:42,664 - Knowledge - INFO - [MONGODB_OP] Completed: persist, Collection: file_info, Duration: 105ms
2026-01-28 11:25:43,161 - Knowledge - INFO - [REDIS_OP] Completed: store_embedding, Key: src/Utils/wld_monitor.c, Duration: 293ms
2026-01-28 11:25:43,315 - Knowledge - INFO - persist search terms embedding for src/Utils/wld_monitor.c
2026-01-28 11:25:43,511 - Knowledge - INFO - process ingested knowledge for /app/data/T0015/311196/b74521f/pwhm-226177/src/Utils/wld_monitor.c
2026-01-28 11:25:43,724 - Knowledge - INFO - Found code-base-name: https://github.com/kavia-common/pwhm-226177.git:kavia-main
2026-01-28 11:25:43,880 - Knowledge - INFO - Found code_base: <app.utils.kg_build.knowledge.KnowledgeCodeBase object at 0x7fcfb397d7d0>
2026-01-28 11:25:44,139 - Knowledge - INFO - Found code-base-name: https://github.com/kavia-common/pwhm-226177.git:kavia-main
2026-01-28 11:25:44,300 - Knowledge - INFO - Found code_base: <app.utils.kg_build.knowledge.KnowledgeCodeBase object at 0x7fcfb397d7d0>
2026-01-28 11:25:44,470 - Knowledge - INFO - persist ingested knowledge for /app/data/T0015/311196/b74521f/pwhm-226177/test/wld_nl80211/test_wld_nl80211.c
2026-01-28 11:25:44,756 - Knowledge - INFO - [MONGODB_OP] Completed: persist, Collection: file_info, Duration: 114ms
2026-01-28 11:25:45,160 - Knowledge - INFO - [REDIS_OP] Completed: store_embedding, Key: test/wld_nl80211/test_wld_nl80211.c, Duration: 252ms
2026-01-28 11:25:45,328 - Knowledge - INFO - persist search terms embedding for test/wld_nl80211/test_wld_nl80211.c
2026-01-28 11:25:45,500 - Knowledge - INFO - process ingested knowledge for /app/data/T0015/311196/b74521f/pwhm-226177/test/wld_nl80211/test_wld_nl80211.c
2026-01-28 11:25:45,665 - Knowledge - INFO - Found code-base-name: https://github.com/kavia-common/pwhm-226177.git:kavia-main
2026-01-28 11:25:45,815 - Knowledge - INFO - Found code_base: <app.utils.kg_build.knowledge.KnowledgeCodeBase object at 0x7fcfb397d7d0>
2026-01-28 11:25:46,051 - Knowledge - INFO - Found code-base-name: https://github.com/kavia-common/pwhm-226177.git:kavia-main
2026-01-28 11:25:46,223 - Knowledge - INFO - Found code_base: <app.utils.kg_build.knowledge.KnowledgeCodeBase object at 0x7fcfb397d7d0>
2026-01-28 11:25:46,449 - Knowledge - INFO - persist ingested knowledge for /app/data/T0015/311196/b74521f/pwhm-226177/include/wld/wld_wpaCtrl_events.h
2026-01-28 11:25:46,726 - Knowledge - INFO - [MONGODB_OP] Completed: persist, Collection: file_info, Duration: 84ms
2026-01-28 11:25:47,080 - Knowledge - INFO - [REDIS_OP] Completed: store_embedding, Key: include/wld/wld_wpaCtrl_events.h, Duration: 182ms
2026-01-28 11:25:47,255 - Knowledge - INFO - persist search terms embedding for include/wld/wld_wpaCtrl_events.h
2026-01-28 11:25:47,414 - Knowledge - INFO - process ingested knowledge for /app/data/T0015/311196/b74521f/pwhm-226177/include/wld/wld_wpaCtrl_events.h
2026-01-28 11:25:47,573 - Knowledge - INFO - Found code-base-name: https://github.com/kavia-common/pwhm-226177.git:kavia-main
2026-01-28 11:25:47,745 - Knowledge - INFO - Found code_base: <app.utils.kg_build.knowledge.KnowledgeCodeBase object at 0x7fcfb397d7d0>
2026-01-28 11:25:48,007 - Knowledge - INFO - Found code-base-name: https://github.com/kavia-common/pwhm-226177.git:kavia-main
2026-01-28 11:25:48,212 - Knowledge - INFO - Found code_base: <app.utils.kg_build.knowledge.KnowledgeCodeBase object at 0x7fcfb397d7d0>
2026-01-28 11:25:48,380 - Knowledge - INFO - persist ingested knowledge for /app/data/T0015/311196/b74521f/pwhm-226177/test/testEnableSync/test_enableSync.c
2026-01-28 11:25:48,687 - Knowledge - INFO - [MONGODB_OP] Completed: persist, Collection: file_info, Duration: 92ms
2026-01-28 11:25:49,096 - Knowledge - INFO - [REDIS_OP] Completed: store_embedding, Key: test/testEnableSync/test_enableSync.c, Duration: 234ms
2026-01-28 11:25:49,270 - Knowledge - INFO - persist search terms embedding for test/testEnableSync/test_enableSync.c
2026-01-28 11:25:49,442 - Knowledge - INFO - process ingested knowledge for /app/data/T0015/311196/b74521f/pwhm-226177/test/testEnableSync/test_enableSync.c
2026-01-28 11:25:49,611 - Knowledge - INFO - Found code-base-name: https://github.com/kavia-common/pwhm-226177.git:kavia-main
2026-01-28 11:25:49,780 - Knowledge - INFO - Found code_base: <app.utils.kg_build.knowledge.KnowledgeCodeBase object at 0x7fcfb397d7d0>
2026-01-28 11:25:50,011 - Knowledge - INFO - Found code-base-name: https://github.com/kavia-common/pwhm-226177.git:kavia-main
2026-01-28 11:25:50,175 - Knowledge - INFO - Found code_base: <app.utils.kg_build.knowledge.KnowledgeCodeBase object at 0x7fcfb397d7d0>
2026-01-28 11:25:50,331 - Knowledge - INFO - persist ingested knowledge for /app/data/T0015/311196/b74521f/pwhm-226177/include/wld/wld_wpaCtrlMngr.h
2026-01-28 11:25:50,580 - Knowledge - INFO - [MONGODB_OP] Completed: persist, Collection: file_info, Duration: 92ms
2026-01-28 11:25:50,963 - Knowledge - INFO - [REDIS_OP] Completed: store_embedding, Key: include/wld/wld_wpaCtrlMngr.h, Duration: 209ms
2026-01-28 11:25:51,131 - Knowledge - INFO - persist search terms embedding for include/wld/wld_wpaCtrlMngr.h
2026-01-28 11:25:51,331 - Knowledge - INFO - process ingested knowledge for /app/data/T0015/311196/b74521f/pwhm-226177/include/wld/wld_wpaCtrlMngr.h
2026-01-28 11:25:51,510 - Knowledge - INFO - Found code-base-name: https://github.com/kavia-common/pwhm-226177.git:kavia-main
2026-01-28 11:25:51,684 - Knowledge - INFO - Found code_base: <app.utils.kg_build.knowledge.KnowledgeCodeBase object at 0x7fcfb397d7d0>
2026-01-28 11:25:51,926 - Knowledge - INFO - Found code-base-name: https://github.com/kavia-common/pwhm-226177.git:kavia-main
2026-01-28 11:25:52,118 - Knowledge - INFO - Found code_base: <app.utils.kg_build.knowledge.KnowledgeCodeBase object at 0x7fcfb397d7d0>
2026-01-28 11:25:52,320 - Knowledge - INFO - persist ingested knowledge for /app/data/T0015/311196/b74521f/pwhm-226177/test/testScanSsid/ScanResults-5g-5.txt
2026-01-28 11:25:52,596 - Knowledge - INFO - [MONGODB_OP] Completed: persist, Collection: file_info, Duration: 93ms
2026-01-28 11:25:52,984 - Knowledge - INFO - [REDIS_OP] Completed: store_embedding, Key: test/testScanSsid/ScanResults-5g-5.txt, Duration: 217ms
2026-01-28 11:25:53,152 - Knowledge - INFO - persist search terms embedding for test/testScanSsid/ScanResults-5g-5.txt
2026-01-28 11:25:53,345 - Knowledge - INFO - process ingested knowledge for /app/data/T0015/311196/b74521f/pwhm-226177/test/testScanSsid/ScanResults-5g-5.txt
2026-01-28 11:25:53,542 - Knowledge - INFO - Found code-base-name: https://github.com/kavia-common/pwhm-226177.git:kavia-main
2026-01-28 11:25:53,789 - Knowledge - INFO - Found code_base: <app.utils.kg_build.knowledge.KnowledgeCodeBase object at 0x7fcfb397d7d0>
2026-01-28 11:25:54,037 - Knowledge - INFO - Found code-base-name: https://github.com/kavia-common/pwhm-226177.git:kavia-main
2026-01-28 11:25:54,194 - Knowledge - INFO - Found code_base: <app.utils.kg_build.knowledge.KnowledgeCodeBase object at 0x7fcfb397d7d0>
2026-01-28 11:25:54,406 - Knowledge - INFO - persist ingested knowledge for /app/data/T0015/311196/b74521f/pwhm-226177/test/wld_fsm/test_wld_fsm.c
2026-01-28 11:25:54,654 - Knowledge - INFO - [MONGODB_OP] Completed: persist, Collection: file_info, Duration: 93ms
2026-01-28 11:25:55,211 - Knowledge - INFO - [REDIS_OP] Completed: store_embedding, Key: test/wld_fsm/test_wld_fsm.c, Duration: 398ms
2026-01-28 11:25:55,397 - Knowledge - INFO - persist search terms embedding for test/wld_fsm/test_wld_fsm.c
2026-01-28 11:25:55,596 - Knowledge - INFO - process ingested knowledge for /app/data/T0015/311196/b74521f/pwhm-226177/test/wld_fsm/test_wld_fsm.c
2026-01-28 11:25:55,765 - Knowledge - INFO - Found code-base-name: https://github.com/kavia-common/pwhm-226177.git:kavia-main
2026-01-28 11:25:55,995 - Knowledge - INFO - Found code_base: <app.utils.kg_build.knowledge.KnowledgeCodeBase object at 0x7fcfb397d7d0>
2026-01-28 11:25:56,248 - Knowledge - INFO - Found code-base-name: https://github.com/kavia-common/pwhm-226177.git:kavia-main
2026-01-28 11:25:56,414 - Knowledge - INFO - Found code_base: <app.utils.kg_build.knowledge.KnowledgeCodeBase object at 0x7fcfb397d7d0>
2026-01-28 11:25:56,616 - Knowledge - INFO - persist ingested knowledge for /app/data/T0015/311196/b74521f/pwhm-226177/include_priv/Plugin/wifiGen_rad.h
2026-01-28 11:25:56,884 - Knowledge - INFO - [MONGODB_OP] Completed: persist, Collection: file_info, Duration: 90ms
2026-01-28 11:25:57,307 - Knowledge - INFO - [REDIS_OP] Completed: store_embedding, Key: include_priv/Plugin/wifiGen_rad.h, Duration: 221ms
2026-01-28 11:25:57,467 - Knowledge - INFO - persist search terms embedding for include_priv/Plugin/wifiGen_rad.h
2026-01-28 11:25:57,632 - Knowledge - INFO - process ingested knowledge for /app/data/T0015/311196/b74521f/pwhm-226177/include_priv/Plugin/wifiGen_rad.h
2026-01-28 11:25:57,787 - Knowledge - INFO - Found code-base-name: https://github.com/kavia-common/pwhm-226177.git:kavia-main
2026-01-28 11:25:57,954 - Knowledge - INFO - Found code_base: <app.utils.kg_build.knowledge.KnowledgeCodeBase object at 0x7fcfb397d7d0>
2026-01-28 11:25:58,240 - Knowledge - INFO - Found code-base-name: https://github.com/kavia-common/pwhm-226177.git:kavia-main
2026-01-28 11:25:58,408 - Knowledge - INFO - Found code_base: <app.utils.kg_build.knowledge.KnowledgeCodeBase object at 0x7fcfb397d7d0>
2026-01-28 11:25:58,625 - Knowledge - INFO - persist ingested knowledge for /app/data/T0015/311196/b74521f/pwhm-226177/src/Utils/wld_autoCommitMgr.c
2026-01-28 11:25:58,904 - Knowledge - INFO - [MONGODB_OP] Completed: persist, Collection: file_info, Duration: 103ms
2026-01-28 11:25:59,399 - Knowledge - INFO - [REDIS_OP] Completed: store_embedding, Key: src/Utils/wld_autoCommitMgr.c, Duration: 273ms
2026-01-28 11:25:59,571 - Knowledge - INFO - persist search terms embedding for src/Utils/wld_autoCommitMgr.c
2026-01-28 11:25:59,748 - Knowledge - INFO - process ingested knowledge for /app/data/T0015/311196/b74521f/pwhm-226177/src/Utils/wld_autoCommitMgr.c
2026-01-28 11:25:59,914 - Knowledge - INFO - Found code-base-name: https://github.com/kavia-common/pwhm-226177.git:kavia-main
2026-01-28 11:26:00,078 - Knowledge - INFO - Found code_base: <app.utils.kg_build.knowledge.KnowledgeCodeBase object at 0x7fcfb397d7d0>
2026-01-28 11:26:00,326 - Knowledge - INFO - Found code-base-name: https://github.com/kavia-common/pwhm-226177.git:kavia-main
2026-01-28 11:26:00,561 - Knowledge - INFO - Found code_base: <app.utils.kg_build.knowledge.KnowledgeCodeBase object at 0x7fcfb397d7d0>
2026-01-28 11:26:00,789 - Knowledge - INFO - persist ingested knowledge for /app/data/T0015/311196/b74521f/pwhm-226177/test/testHelper/wld_th_dm.h
2026-01-28 11:26:01,060 - Knowledge - INFO - [MONGODB_OP] Completed: persist, Collection: file_info, Duration: 98ms
2026-01-28 11:26:01,484 - Knowledge - INFO - [REDIS_OP] Completed: store_embedding, Key: test/testHelper/wld_th_dm.h, Duration: 254ms
2026-01-28 11:26:01,694 - Knowledge - INFO - persist search terms embedding for test/testHelper/wld_th_dm.h
2026-01-28 11:26:01,862 - Knowledge - INFO - process ingested knowledge for /app/data/T0015/311196/b74521f/pwhm-226177/test/testHelper/wld_th_dm.h
2026-01-28 11:26:02,019 - Knowledge - INFO - Found code-base-name: https://github.com/kavia-common/pwhm-226177.git:kavia-main
2026-01-28 11:26:02,192 - Knowledge - INFO - Found code_base: <app.utils.kg_build.knowledge.KnowledgeCodeBase object at 0x7fcfb397d7d0>
2026-01-28 11:26:02,465 - Knowledge - INFO - Found code-base-name: https://github.com/kavia-common/pwhm-226177.git:kavia-main
2026-01-28 11:26:02,684 - Knowledge - INFO - Found code_base: <app.utils.kg_build.knowledge.KnowledgeCodeBase object at 0x7fcfb397d7d0>
2026-01-28 11:26:02,850 - Knowledge - INFO - persist ingested knowledge for /app/data/T0015/311196/b74521f/pwhm-226177/include/wld/wld_extMod.h
2026-01-28 11:26:03,114 - Knowledge - INFO - [MONGODB_OP] Completed: persist, Collection: file_info, Duration: 123ms
2026-01-28 11:26:03,598 - Knowledge - INFO - [REDIS_OP] Completed: store_embedding, Key: include/wld/wld_extMod.h, Duration: 257ms
2026-01-28 11:26:03,746 - Knowledge - INFO - persist search terms embedding for include/wld/wld_extMod.h
2026-01-28 11:26:03,904 - Knowledge - INFO - process ingested knowledge for /app/data/T0015/311196/b74521f/pwhm-226177/include/wld/wld_extMod.h
2026-01-28 11:26:04,081 - Knowledge - INFO - Found code-base-name: https://github.com/kavia-common/pwhm-226177.git:kavia-main
2026-01-28 11:26:04,244 - Knowledge - INFO - Found code_base: <app.utils.kg_build.knowledge.KnowledgeCodeBase object at 0x7fcfb397d7d0>
2026-01-28 11:26:04,487 - Knowledge - INFO - Found code-base-name: https://github.com/kavia-common/pwhm-226177.git:kavia-main
2026-01-28 11:26:04,643 - Knowledge - INFO - Found code_base: <app.utils.kg_build.knowledge.KnowledgeCodeBase object at 0x7fcfb397d7d0>
2026-01-28 11:26:04,818 - Knowledge - INFO - persist ingested knowledge for /app/data/T0015/311196/b74521f/pwhm-226177/include/wld/wld.h
2026-01-28 11:26:05,151 - Knowledge - INFO - [MONGODB_OP] Completed: persist, Collection: file_info, Duration: 119ms
2026-01-28 11:26:05,571 - Knowledge - INFO - [REDIS_OP] Completed: store_embedding, Key: include/wld/wld.h, Duration: 214ms
2026-01-28 11:26:05,763 - Knowledge - INFO - persist search terms embedding for include/wld/wld.h
2026-01-28 11:26:06,005 - Knowledge - INFO - process ingested knowledge for /app/data/T0015/311196/b74521f/pwhm-226177/include/wld/wld.h
2026-01-28 11:26:06,199 - Knowledge - INFO - Found code-base-name: https://github.com/kavia-common/pwhm-226177.git:kavia-main
2026-01-28 11:26:06,365 - Knowledge - INFO - Found code_base: <app.utils.kg_build.knowledge.KnowledgeCodeBase object at 0x7fcfb397d7d0>
2026-01-28 11:26:06,601 - Knowledge - INFO - Found code-base-name: https://github.com/kavia-common/pwhm-226177.git:kavia-main
2026-01-28 11:26:06,761 - Knowledge - INFO - Found code_base: <app.utils.kg_build.knowledge.KnowledgeCodeBase object at 0x7fcfb397d7d0>
2026-01-28 11:26:06,926 - Knowledge - INFO - persist ingested knowledge for /app/data/T0015/311196/b74521f/pwhm-226177/src/wld_assocdev.c
2026-01-28 11:26:07,185 - Knowledge - INFO - [MONGODB_OP] Completed: persist, Collection: file_info, Duration: 97ms
2026-01-28 11:26:07,638 - Knowledge - INFO - [REDIS_OP] Completed: store_embedding, Key: src/wld_assocdev.c, Duration: 233ms
2026-01-28 11:26:07,846 - Knowledge - INFO - persist search terms embedding for src/wld_assocdev.c
2026-01-28 11:26:08,018 - Knowledge - INFO - process ingested knowledge for /app/data/T0015/311196/b74521f/pwhm-226177/src/wld_assocdev.c
2026-01-28 11:26:08,256 - Knowledge - INFO - Found code-base-name: https://github.com/kavia-common/pwhm-226177.git:kavia-main
2026-01-28 11:26:08,436 - Knowledge - INFO - Found code_base: <app.utils.kg_build.knowledge.KnowledgeCodeBase object at 0x7fcfb397d7d0>
2026-01-28 11:26:08,694 - Knowledge - INFO - Found code-base-name: https://github.com/kavia-common/pwhm-226177.git:kavia-main
2026-01-28 11:26:08,871 - Knowledge - INFO - Found code_base: <app.utils.kg_build.knowledge.KnowledgeCodeBase object at 0x7fcfb397d7d0>
2026-01-28 11:26:09,028 - Knowledge - INFO - persist ingested knowledge for /app/data/T0015/311196/b74521f/pwhm-226177/test/testStaStats/deauthNot/notif_9.txt
2026-01-28 11:26:09,298 - Knowledge - INFO - [MONGODB_OP] Completed: persist, Collection: file_info, Duration: 95ms
2026-01-28 11:26:09,705 - Knowledge - INFO - [REDIS_OP] Completed: store_embedding, Key: test/testStaStats/deauthNot/notif_9.txt, Duration: 227ms
2026-01-28 11:26:09,895 - Knowledge - INFO - persist search terms embedding for test/testStaStats/deauthNot/notif_9.txt
2026-01-28 11:26:10,102 - Knowledge - INFO - process ingested knowledge for /app/data/T0015/311196/b74521f/pwhm-226177/test/testStaStats/deauthNot/notif_9.txt
2026-01-28 11:26:10,300 - Knowledge - INFO - Found code-base-name: https://github.com/kavia-common/pwhm-226177.git:kavia-main
2026-01-28 11:26:10,453 - Knowledge - INFO - Found code_base: <app.utils.kg_build.knowledge.KnowledgeCodeBase object at 0x7fcfb397d7d0>
2026-01-28 11:26:10,779 - Knowledge - INFO - Found code-base-name: https://github.com/kavia-common/pwhm-226177.git:kavia-main
2026-01-28 11:26:10,961 - Knowledge - INFO - Found code_base: <app.utils.kg_build.knowledge.KnowledgeCodeBase object at 0x7fcfb397d7d0>
2026-01-28 11:26:11,135 - Knowledge - INFO - persist ingested knowledge for /app/data/T0015/311196/b74521f/pwhm-226177/test/testHelper/wld_th_fsm.c
2026-01-28 11:26:11,412 - Knowledge - INFO - [MONGODB_OP] Completed: persist, Collection: file_info, Duration: 98ms
2026-01-28 11:26:11,759 - Knowledge - INFO - [REDIS_OP] Completed: store_embedding, Key: test/testHelper/wld_th_fsm.c, Duration: 190ms
2026-01-28 11:26:11,958 - Knowledge - INFO - persist search terms embedding for test/testHelper/wld_th_fsm.c
2026-01-28 11:26:12,109 - Knowledge - INFO - process ingested knowledge for /app/data/T0015/311196/b74521f/pwhm-226177/test/testHelper/wld_th_fsm.c
2026-01-28 11:26:12,302 - Knowledge - INFO - Found code-base-name: https://github.com/kavia-common/pwhm-226177.git:kavia-main
2026-01-28 11:26:12,501 - Knowledge - INFO - Found code_base: <app.utils.kg_build.knowledge.KnowledgeCodeBase object at 0x7fcfb397d7d0>
2026-01-28 11:26:12,773 - Knowledge - INFO - Found code-base-name: https://github.com/kavia-common/pwhm-226177.git:kavia-main
2026-01-28 11:26:12,928 - Knowledge - INFO - Found code_base: <app.utils.kg_build.knowledge.KnowledgeCodeBase object at 0x7fcfb397d7d0>
2026-01-28 11:26:13,098 - Knowledge - INFO - persist ingested knowledge for /app/data/T0015/311196/b74521f/pwhm-226177/include/wld/wld_endpoint.h
2026-01-28 11:26:13,347 - Knowledge - INFO - [MONGODB_OP] Completed: persist, Collection: file_info, Duration: 90ms
2026-01-28 11:26:13,779 - Knowledge - INFO - [REDIS_OP] Completed: store_embedding, Key: include/wld/wld_endpoint.h, Duration: 242ms
2026-01-28 11:26:13,936 - Knowledge - INFO - persist search terms embedding for include/wld/wld_endpoint.h
2026-01-28 11:26:14,114 - Knowledge - INFO - process ingested knowledge for /app/data/T0015/311196/b74521f/pwhm-226177/include/wld/wld_endpoint.h
2026-01-28 11:26:14,330 - Knowledge - INFO - Found code-base-name: https://github.com/kavia-common/pwhm-226177.git:kavia-main
2026-01-28 11:26:14,515 - Knowledge - INFO - Found code_base: <app.utils.kg_build.knowledge.KnowledgeCodeBase object at 0x7fcfb397d7d0>
2026-01-28 11:26:14,745 - Knowledge - INFO - Found code-base-name: https://github.com/kavia-common/pwhm-226177.git:kavia-main
2026-01-28 11:26:14,907 - Knowledge - INFO - Found code_base: <app.utils.kg_build.knowledge.KnowledgeCodeBase object at 0x7fcfb397d7d0>
2026-01-28 11:26:15,076 - Knowledge - INFO - persist ingested knowledge for /app/data/T0015/311196/b74521f/pwhm-226177/src/nl80211/wld_secDmnGrp.c
2026-01-28 11:26:15,358 - Knowledge - INFO - [MONGODB_OP] Completed: persist, Collection: file_info, Duration: 88ms
2026-01-28 11:26:15,689 - Knowledge - INFO - [REDIS_OP] Completed: store_embedding, Key: src/nl80211/wld_secDmnGrp.c, Duration: 172ms
2026-01-28 11:26:15,857 - Knowledge - INFO - persist search terms embedding for src/nl80211/wld_secDmnGrp.c
2026-01-28 11:26:16,037 - Knowledge - INFO - process ingested knowledge for /app/data/T0015/311196/b74521f/pwhm-226177/src/nl80211/wld_secDmnGrp.c
2026-01-28 11:26:16,245 - Knowledge - INFO - Found code-base-name: https://github.com/kavia-common/pwhm-226177.git:kavia-main
2026-01-28 11:26:16,417 - Knowledge - INFO - Found code_base: <app.utils.kg_build.knowledge.KnowledgeCodeBase object at 0x7fcfb397d7d0>
2026-01-28 11:26:16,693 - Knowledge - INFO - Found code-base-name: https://github.com/kavia-common/pwhm-226177.git:kavia-main
2026-01-28 11:26:16,870 - Knowledge - INFO - Found code_base: <app.utils.kg_build.knowledge.KnowledgeCodeBase object at 0x7fcfb397d7d0>
2026-01-28 11:26:17,041 - Knowledge - INFO - persist ingested knowledge for /app/data/T0015/311196/b74521f/pwhm-226177/include_priv/Plugin/wifiGen_vap.h
2026-01-28 11:26:17,288 - Knowledge - INFO - [MONGODB_OP] Completed: persist, Collection: file_info, Duration: 85ms
2026-01-28 11:26:17,718 - Knowledge - INFO - [REDIS_OP] Completed: store_embedding, Key: include_priv/Plugin/wifiGen_vap.h, Duration: 253ms
2026-01-28 11:26:17,894 - Knowledge - INFO - persist search terms embedding for include_priv/Plugin/wifiGen_vap.h
2026-01-28 11:26:18,069 - Knowledge - INFO - process ingested knowledge for /app/data/T0015/311196/b74521f/pwhm-226177/include_priv/Plugin/wifiGen_vap.h
2026-01-28 11:26:18,241 - Knowledge - INFO - Found code-base-name: https://github.com/kavia-common/pwhm-226177.git:kavia-main
2026-01-28 11:26:18,399 - Knowledge - INFO - Found code_base: <app.utils.kg_build.knowledge.KnowledgeCodeBase object at 0x7fcfb397d7d0>
2026-01-28 11:26:18,643 - Knowledge - INFO - Found code-base-name: https://github.com/kavia-common/pwhm-226177.git:kavia-main
2026-01-28 11:26:18,820 - Knowledge - INFO - Found code_base: <app.utils.kg_build.knowledge.KnowledgeCodeBase object at 0x7fcfb397d7d0>
2026-01-28 11:26:19,009 - Knowledge - INFO - persist ingested knowledge for /app/data/T0015/311196/b74521f/pwhm-226177/test/startStop/test_startStop.c
2026-01-28 11:26:19,303 - Knowledge - INFO - [MONGODB_OP] Completed: persist, Collection: file_info, Duration: 101ms
2026-01-28 11:26:19,699 - Knowledge - INFO - [REDIS_OP] Completed: store_embedding, Key: test/startStop/test_startStop.c, Duration: 224ms
2026-01-28 11:26:19,863 - Knowledge - INFO - persist search terms embedding for test/startStop/test_startStop.c
2026-01-28 11:26:20,024 - Knowledge - INFO - process ingested knowledge for /app/data/T0015/311196/b74521f/pwhm-226177/test/startStop/test_startStop.c
2026-01-28 11:26:20,198 - Knowledge - INFO - Found code-base-name: https://github.com/kavia-common/pwhm-226177.git:kavia-main
2026-01-28 11:26:20,371 - Knowledge - INFO - Found code_base: <app.utils.kg_build.knowledge.KnowledgeCodeBase object at 0x7fcfb397d7d0>
2026-01-28 11:26:20,613 - Knowledge - INFO - Found code-base-name: https://github.com/kavia-common/pwhm-226177.git:kavia-main
2026-01-28 11:26:20,858 - Knowledge - INFO - Found code_base: <app.utils.kg_build.knowledge.KnowledgeCodeBase object at 0x7fcfb397d7d0>
2026-01-28 11:26:21,042 - Knowledge - INFO - persist ingested knowledge for /app/data/T0015/311196/b74521f/pwhm-226177/include/wld/wld_wpaCtrl_types.h
2026-01-28 11:26:21,286 - Knowledge - INFO - [MONGODB_OP] Completed: persist, Collection: file_info, Duration: 91ms
2026-01-28 11:26:21,703 - Knowledge - INFO - [REDIS_OP] Completed: store_embedding, Key: include/wld/wld_wpaCtrl_types.h, Duration: 246ms
2026-01-28 11:26:21,863 - Knowledge - INFO - persist search terms embedding for include/wld/wld_wpaCtrl_types.h
2026-01-28 11:26:22,026 - Knowledge - INFO - process ingested knowledge for /app/data/T0015/311196/b74521f/pwhm-226177/include/wld/wld_wpaCtrl_types.h
2026-01-28 11:26:22,201 - Knowledge - INFO - Found code-base-name: https://github.com/kavia-common/pwhm-226177.git:kavia-main
2026-01-28 11:26:22,419 - Knowledge - INFO - Found code_base: <app.utils.kg_build.knowledge.KnowledgeCodeBase object at 0x7fcfb397d7d0>
2026-01-28 11:26:22,665 - Knowledge - INFO - Found code-base-name: https://github.com/kavia-common/pwhm-226177.git:kavia-main
2026-01-28 11:26:22,833 - Knowledge - INFO - Found code_base: <app.utils.kg_build.knowledge.KnowledgeCodeBase object at 0x7fcfb397d7d0>
2026-01-28 11:26:23,036 - Knowledge - INFO - persist ingested knowledge for /app/data/T0015/311196/b74521f/pwhm-226177/include_priv/VendorModule/wld_vendorModule_priv.h
2026-01-28 11:26:23,287 - Knowledge - INFO - [MONGODB_OP] Completed: persist, Collection: file_info, Duration: 90ms
2026-01-28 11:26:23,968 - Knowledge - INFO - [REDIS_OP] Completed: store_embedding, Key: include_priv/VendorModule/wld_vendorModule_priv.h, Duration: 494ms
2026-01-28 11:26:24,119 - Knowledge - INFO - persist search terms embedding for include_priv/VendorModule/wld_vendorModule_priv.h
2026-01-28 11:26:24,307 - Knowledge - INFO - process ingested knowledge for /app/data/T0015/311196/b74521f/pwhm-226177/include_priv/VendorModule/wld_vendorModule_priv.h
2026-01-28 11:26:24,530 - Knowledge - INFO - Found code-base-name: https://github.com/kavia-common/pwhm-226177.git:kavia-main
2026-01-28 11:26:24,738 - Knowledge - INFO - Found code_base: <app.utils.kg_build.knowledge.KnowledgeCodeBase object at 0x7fcfb397d7d0>
2026-01-28 11:26:24,979 - Knowledge - INFO - Found code-base-name: https://github.com/kavia-common/pwhm-226177.git:kavia-main
2026-01-28 11:26:25,145 - Knowledge - INFO - Found code_base: <app.utils.kg_build.knowledge.KnowledgeCodeBase object at 0x7fcfb397d7d0>
2026-01-28 11:26:25,335 - Knowledge - INFO - persist ingested knowledge for /app/data/T0015/311196/b74521f/pwhm-226177/test/wld_util/test_wld_util.c
2026-01-28 11:26:25,647 - Knowledge - INFO - [MONGODB_OP] Completed: persist, Collection: file_info, Duration: 101ms
2026-01-28 11:26:29,418 - Knowledge - INFO - [REDIS_OP] Completed: store_embedding, Key: test/wld_util/test_wld_util.c, Duration: 3544ms
2026-01-28 11:26:29,600 - Knowledge - INFO - persist search terms embedding for test/wld_util/test_wld_util.c
2026-01-28 11:26:29,778 - Knowledge - INFO - process ingested knowledge for /app/data/T0015/311196/b74521f/pwhm-226177/test/wld_util/test_wld_util.c
2026-01-28 11:26:29,940 - Knowledge - INFO - Found code-base-name: https://github.com/kavia-common/pwhm-226177.git:kavia-main
2026-01-28 11:26:30,132 - Knowledge - INFO - Found code_base: <app.utils.kg_build.knowledge.KnowledgeCodeBase object at 0x7fcfb397d7d0>
2026-01-28 11:26:30,383 - Knowledge - INFO - Found code-base-name: https://github.com/kavia-common/pwhm-226177.git:kavia-main
2026-01-28 11:26:30,562 - Knowledge - INFO - Found code_base: <app.utils.kg_build.knowledge.KnowledgeCodeBase object at 0x7fcfb397d7d0>
2026-01-28 11:26:30,763 - Knowledge - INFO - persist ingested knowledge for /app/data/T0015/311196/b74521f/pwhm-226177/makefile.inc
2026-01-28 11:26:31,021 - Knowledge - INFO - [MONGODB_OP] Completed: persist, Collection: file_info, Duration: 93ms
2026-01-28 11:26:31,600 - Knowledge - INFO - [REDIS_OP] Completed: store_embedding, Key: makefile.inc, Duration: 374ms
2026-01-28 11:26:31,757 - Knowledge - INFO - persist search terms embedding for makefile.inc
2026-01-28 11:26:31,950 - Knowledge - INFO - process ingested knowledge for /app/data/T0015/311196/b74521f/pwhm-226177/makefile.inc
2026-01-28 11:26:32,117 - Knowledge - INFO - Found code-base-name: https://github.com/kavia-common/pwhm-226177.git:kavia-main
2026-01-28 11:26:32,332 - Knowledge - INFO - Found code_base: <app.utils.kg_build.knowledge.KnowledgeCodeBase object at 0x7fcfb397d7d0>
2026-01-28 11:26:32,553 - Knowledge - INFO - Found code-base-name: https://github.com/kavia-common/pwhm-226177.git:kavia-main
2026-01-28 11:26:32,709 - Knowledge - INFO - Found code_base: <app.utils.kg_build.knowledge.KnowledgeCodeBase object at 0x7fcfb397d7d0>
2026-01-28 11:26:32,861 - Knowledge - INFO - persist ingested knowledge for /app/data/T0015/311196/b74521f/pwhm-226177/include_priv/nl80211/wld_nl80211_parser.h
2026-01-28 11:26:33,119 - Knowledge - INFO - [MONGODB_OP] Completed: persist, Collection: file_info, Duration: 96ms
2026-01-28 11:26:33,573 - Knowledge - INFO - [REDIS_OP] Completed: store_embedding, Key: include_priv/nl80211/wld_nl80211_parser.h, Duration: 264ms
2026-01-28 11:26:33,741 - Knowledge - INFO - persist search terms embedding for include_priv/nl80211/wld_nl80211_parser.h
2026-01-28 11:26:33,913 - Knowledge - INFO - process ingested knowledge for /app/data/T0015/311196/b74521f/pwhm-226177/include_priv/nl80211/wld_nl80211_parser.h
2026-01-28 11:26:34,108 - Knowledge - INFO - Found code-base-name: https://github.com/kavia-common/pwhm-226177.git:kavia-main
2026-01-28 11:26:34,316 - Knowledge - INFO - Found code_base: <app.utils.kg_build.knowledge.KnowledgeCodeBase object at 0x7fcfb397d7d0>
2026-01-28 11:26:34,555 - Knowledge - INFO - Found code-base-name: https://github.com/kavia-common/pwhm-226177.git:kavia-main
2026-01-28 11:26:34,735 - Knowledge - INFO - Found code_base: <app.utils.kg_build.knowledge.KnowledgeCodeBase object at 0x7fcfb397d7d0>
2026-01-28 11:26:34,899 - Knowledge - INFO - persist ingested knowledge for /app/data/T0015/311196/b74521f/pwhm-226177/src/Plugin/wifiGen_wpaSupp.c
2026-01-28 11:26:35,170 - Knowledge - INFO - [MONGODB_OP] Completed: persist, Collection: file_info, Duration: 103ms
2026-01-28 11:26:35,594 - Knowledge - INFO - [REDIS_OP] Completed: store_embedding, Key: src/Plugin/wifiGen_wpaSupp.c, Duration: 262ms
2026-01-28 11:26:35,748 - Knowledge - INFO - persist search terms embedding for src/Plugin/wifiGen_wpaSupp.c
2026-01-28 11:26:35,921 - Knowledge - INFO - process ingested knowledge for /app/data/T0015/311196/b74521f/pwhm-226177/src/Plugin/wifiGen_wpaSupp.c
2026-01-28 11:26:36,086 - Knowledge - INFO - Found code-base-name: https://github.com/kavia-common/pwhm-226177.git:kavia-main
2026-01-28 11:26:36,262 - Knowledge - INFO - Found code_base: <app.utils.kg_build.knowledge.KnowledgeCodeBase object at 0x7fcfb397d7d0>
2026-01-28 11:26:36,505 - Knowledge - INFO - Found code-base-name: https://github.com/kavia-common/pwhm-226177.git:kavia-main
2026-01-28 11:26:36,697 - Knowledge - INFO - Found code_base: <app.utils.kg_build.knowledge.KnowledgeCodeBase object at 0x7fcfb397d7d0>
2026-01-28 11:26:36,858 - Knowledge - INFO - persist ingested knowledge for /app/data/T0015/311196/b74521f/pwhm-226177/test/testStaStats/stationStats/stats_data3.txt
2026-01-28 11:26:37,158 - Knowledge - INFO - [MONGODB_OP] Completed: persist, Collection: file_info, Duration: 96ms
2026-01-28 11:26:37,512 - Knowledge - INFO - [REDIS_OP] Completed: store_embedding, Key: test/testStaStats/stationStats/stats_data3.txt, Duration: 188ms
2026-01-28 11:26:37,695 - Knowledge - INFO - persist search terms embedding for test/testStaStats/stationStats/stats_data3.txt
2026-01-28 11:26:37,851 - Knowledge - INFO - process ingested knowledge for /app/data/T0015/311196/b74521f/pwhm-226177/test/testStaStats/stationStats/stats_data3.txt
2026-01-28 11:26:38,012 - Knowledge - INFO - Found code-base-name: https://github.com/kavia-common/pwhm-226177.git:kavia-main
2026-01-28 11:26:38,223 - Knowledge - INFO - Found code_base: <app.utils.kg_build.knowledge.KnowledgeCodeBase object at 0x7fcfb397d7d0>
2026-01-28 11:26:38,459 - Knowledge - INFO - Found code-base-name: https://github.com/kavia-common/pwhm-226177.git:kavia-main
2026-01-28 11:26:38,637 - Knowledge - INFO - Found code_base: <app.utils.kg_build.knowledge.KnowledgeCodeBase object at 0x7fcfb397d7d0>
2026-01-28 11:26:38,790 - Knowledge - INFO - persist ingested knowledge for /app/data/T0015/311196/b74521f/pwhm-226177/test/testRadio11be/test_radio11be.c
2026-01-28 11:26:39,064 - Knowledge - INFO - [MONGODB_OP] Completed: persist, Collection: file_info, Duration: 99ms
2026-01-28 11:26:39,457 - Knowledge - INFO - [REDIS_OP] Completed: store_embedding, Key: test/testRadio11be/test_radio11be.c, Duration: 221ms
2026-01-28 11:26:39,659 - Knowledge - INFO - persist search terms embedding for test/testRadio11be/test_radio11be.c
2026-01-28 11:26:39,815 - Knowledge - INFO - process ingested knowledge for /app/data/T0015/311196/b74521f/pwhm-226177/test/testRadio11be/test_radio11be.c
2026-01-28 11:26:39,985 - Knowledge - INFO - Found code-base-name: https://github.com/kavia-common/pwhm-226177.git:kavia-main
2026-01-28 11:26:40,173 - Knowledge - INFO - Found code_base: <app.utils.kg_build.knowledge.KnowledgeCodeBase object at 0x7fcfb397d7d0>
2026-01-28 11:26:40,429 - Knowledge - INFO - Found code-base-name: https://github.com/kavia-common/pwhm-226177.git:kavia-main
2026-01-28 11:26:40,574 - Knowledge - INFO - Found code_base: <app.utils.kg_build.knowledge.KnowledgeCodeBase object at 0x7fcfb397d7d0>
2026-01-28 11:26:40,771 - Knowledge - INFO - persist ingested knowledge for /app/data/T0015/311196/b74521f/pwhm-226177/test/testStaStats/deauthNot/notif_1.txt
2026-01-28 11:26:41,072 - Knowledge - INFO - [MONGODB_OP] Completed: persist, Collection: file_info, Duration: 93ms
2026-01-28 11:26:41,635 - Knowledge - INFO - [REDIS_OP] Completed: store_embedding, Key: test/testStaStats/deauthNot/notif_1.txt, Duration: 378ms
2026-01-28 11:26:41,829 - Knowledge - INFO - persist search terms embedding for test/testStaStats/deauthNot/notif_1.txt
2026-01-28 11:26:42,013 - Knowledge - INFO - process ingested knowledge for /app/data/T0015/311196/b74521f/pwhm-226177/test/testStaStats/deauthNot/notif_1.txt
2026-01-28 11:26:42,189 - Knowledge - INFO - Found code-base-name: https://github.com/kavia-common/pwhm-226177.git:kavia-main
2026-01-28 11:26:42,360 - Knowledge - INFO - Found code_base: <app.utils.kg_build.knowledge.KnowledgeCodeBase object at 0x7fcfb397d7d0>
2026-01-28 11:26:42,578 - Knowledge - INFO - Found code-base-name: https://github.com/kavia-common/pwhm-226177.git:kavia-main
2026-01-28 11:26:42,749 - Knowledge - INFO - Found code_base: <app.utils.kg_build.knowledge.KnowledgeCodeBase object at 0x7fcfb397d7d0>
2026-01-28 11:26:42,950 - Knowledge - INFO - persist ingested knowledge for /app/data/T0015/311196/b74521f/pwhm-226177/include/wld/wld_nl80211_compat.h
2026-01-28 11:26:43,222 - Knowledge - INFO - [MONGODB_OP] Completed: persist, Collection: file_info, Duration: 79ms
2026-01-28 11:26:43,925 - Knowledge - INFO - [REDIS_OP] Completed: store_embedding, Key: include/wld/wld_nl80211_compat.h, Duration: 518ms
2026-01-28 11:26:44,086 - Knowledge - INFO - persist search terms embedding for include/wld/wld_nl80211_compat.h
2026-01-28 11:26:44,254 - Knowledge - INFO - process ingested knowledge for /app/data/T0015/311196/b74521f/pwhm-226177/include/wld/wld_nl80211_compat.h
2026-01-28 11:26:44,420 - Knowledge - INFO - Found code-base-name: https://github.com/kavia-common/pwhm-226177.git:kavia-main
2026-01-28 11:26:44,633 - Knowledge - INFO - Found code_base: <app.utils.kg_build.knowledge.KnowledgeCodeBase object at 0x7fcfb397d7d0>
2026-01-28 11:26:44,880 - Knowledge - INFO - Found code-base-name: https://github.com/kavia-common/pwhm-226177.git:kavia-main
2026-01-28 11:26:45,043 - Knowledge - INFO - Found code_base: <app.utils.kg_build.knowledge.KnowledgeCodeBase object at 0x7fcfb397d7d0>
2026-01-28 11:26:45,253 - Knowledge - INFO - persist ingested knowledge for /app/data/T0015/311196/b74521f/pwhm-226177/include_priv/nl80211/wld_nl80211_scan_priv.h
2026-01-28 11:26:45,529 - Knowledge - INFO - [MONGODB_OP] Completed: persist, Collection: file_info, Duration: 93ms
2026-01-28 11:26:45,968 - Knowledge - INFO - [REDIS_OP] Completed: store_embedding, Key: include_priv/nl80211/wld_nl80211_scan_priv.h, Duration: 264ms
2026-01-28 11:26:46,158 - Knowledge - INFO - persist search terms embedding for include_priv/nl80211/wld_nl80211_scan_priv.h
2026-01-28 11:26:46,322 - Knowledge - INFO - process ingested knowledge for /app/data/T0015/311196/b74521f/pwhm-226177/include_priv/nl80211/wld_nl80211_scan_priv.h
2026-01-28 11:26:46,518 - Knowledge - INFO - Found code-base-name: https://github.com/kavia-common/pwhm-226177.git:kavia-main
2026-01-28 11:26:46,703 - Knowledge - INFO - Found code_base: <app.utils.kg_build.knowledge.KnowledgeCodeBase object at 0x7fcfb397d7d0>
2026-01-28 11:26:47,044 - Knowledge - INFO - Found code-base-name: https://github.com/kavia-common/pwhm-226177.git:kavia-main
2026-01-28 11:26:47,217 - Knowledge - INFO - Found code_base: <app.utils.kg_build.knowledge.KnowledgeCodeBase object at 0x7fcfb397d7d0>
2026-01-28 11:26:47,380 - Knowledge - INFO - persist ingested knowledge for /app/data/T0015/311196/b74521f/pwhm-226177/include/wld/wld_vendorModule_mgr.h
2026-01-28 11:26:47,736 - Knowledge - INFO - [MONGODB_OP] Completed: persist, Collection: file_info, Duration: 117ms
2026-01-28 11:26:48,157 - Knowledge - INFO - [REDIS_OP] Completed: store_embedding, Key: include/wld/wld_vendorModule_mgr.h, Duration: 255ms
2026-01-28 11:26:48,375 - Knowledge - INFO - persist search terms embedding for include/wld/wld_vendorModule_mgr.h
2026-01-28 11:26:48,539 - Knowledge - INFO - process ingested knowledge for /app/data/T0015/311196/b74521f/pwhm-226177/include/wld/wld_vendorModule_mgr.h
2026-01-28 11:26:48,707 - Knowledge - INFO - Found code-base-name: https://github.com/kavia-common/pwhm-226177.git:kavia-main
2026-01-28 11:26:48,861 - Knowledge - INFO - Found code_base: <app.utils.kg_build.knowledge.KnowledgeCodeBase object at 0x7fcfb397d7d0>
2026-01-28 11:26:49,233 - Knowledge - INFO - Found code-base-name: https://github.com/kavia-common/pwhm-226177.git:kavia-main
2026-01-28 11:26:49,411 - Knowledge - INFO - Found code_base: <app.utils.kg_build.knowledge.KnowledgeCodeBase object at 0x7fcfb397d7d0>
2026-01-28 11:26:49,565 - Knowledge - INFO - persist ingested knowledge for /app/data/T0015/311196/b74521f/pwhm-226177/include/wld/wld_common.h
2026-01-28 11:26:49,862 - Knowledge - INFO - [MONGODB_OP] Completed: persist, Collection: file_info, Duration: 130ms
2026-01-28 11:26:50,293 - Knowledge - INFO - [REDIS_OP] Completed: store_embedding, Key: include/wld/wld_common.h, Duration: 217ms
2026-01-28 11:26:50,506 - Knowledge - INFO - persist search terms embedding for include/wld/wld_common.h
2026-01-28 11:26:50,671 - Knowledge - INFO - process ingested knowledge for /app/data/T0015/311196/b74521f/pwhm-226177/include/wld/wld_common.h
2026-01-28 11:26:50,842 - Knowledge - INFO - Found code-base-name: https://github.com/kavia-common/pwhm-226177.git:kavia-main
2026-01-28 11:26:51,049 - Knowledge - INFO - Found code_base: <app.utils.kg_build.knowledge.KnowledgeCodeBase object at 0x7fcfb397d7d0>
2026-01-28 11:26:51,358 - Knowledge - INFO - Found code-base-name: https://github.com/kavia-common/pwhm-226177.git:kavia-main
2026-01-28 11:26:51,532 - Knowledge - INFO - Found code_base: <app.utils.kg_build.knowledge.KnowledgeCodeBase object at 0x7fcfb397d7d0>
2026-01-28 11:26:51,672 - Knowledge - INFO - persist ingested knowledge for /app/data/T0015/311196/b74521f/pwhm-226177/test/testStaStats/probeUpdate.txt
2026-01-28 11:26:51,946 - Knowledge - INFO - [MONGODB_OP] Completed: persist, Collection: file_info, Duration: 123ms
2026-01-28 11:26:52,307 - Knowledge - INFO - [REDIS_OP] Completed: store_embedding, Key: test/testStaStats/probeUpdate.txt, Duration: 212ms
2026-01-28 11:26:52,493 - Knowledge - INFO - persist search terms embedding for test/testStaStats/probeUpdate.txt
2026-01-28 11:26:52,706 - Knowledge - INFO - process ingested knowledge for /app/data/T0015/311196/b74521f/pwhm-226177/test/testStaStats/probeUpdate.txt
2026-01-28 11:26:52,879 - Knowledge - INFO - Found code-base-name: https://github.com/kavia-common/pwhm-226177.git:kavia-main
2026-01-28 11:26:53,071 - Knowledge - INFO - Found code_base: <app.utils.kg_build.knowledge.KnowledgeCodeBase object at 0x7fcfb397d7d0>
2026-01-28 11:26:53,299 - Knowledge - INFO - Found code-base-name: https://github.com/kavia-common/pwhm-226177.git:kavia-main
2026-01-28 11:26:53,503 - Knowledge - INFO - Found code_base: <app.utils.kg_build.knowledge.KnowledgeCodeBase object at 0x7fcfb397d7d0>
2026-01-28 11:26:53,661 - Knowledge - INFO - persist ingested knowledge for /app/data/T0015/311196/b74521f/pwhm-226177/src/Utils/wld_linuxIfUtils.c
2026-01-28 11:26:53,991 - Knowledge - INFO - [MONGODB_OP] Completed: persist, Collection: file_info, Duration: 92ms
2026-01-28 11:26:54,414 - Knowledge - INFO - [REDIS_OP] Completed: store_embedding, Key: src/Utils/wld_linuxIfUtils.c, Duration: 228ms
2026-01-28 11:26:54,609 - Knowledge - INFO - persist search terms embedding for src/Utils/wld_linuxIfUtils.c
2026-01-28 11:26:54,782 - Knowledge - INFO - process ingested knowledge for /app/data/T0015/311196/b74521f/pwhm-226177/src/Utils/wld_linuxIfUtils.c
2026-01-28 11:26:54,949 - Knowledge - INFO - Found code-base-name: https://github.com/kavia-common/pwhm-226177.git:kavia-main
2026-01-28 11:26:55,106 - Knowledge - INFO - Found code_base: <app.utils.kg_build.knowledge.KnowledgeCodeBase object at 0x7fcfb397d7d0>
2026-01-28 11:26:55,401 - Knowledge - INFO - Found code-base-name: https://github.com/kavia-common/pwhm-226177.git:kavia-main
2026-01-28 11:26:55,564 - Knowledge - INFO - Found code_base: <app.utils.kg_build.knowledge.KnowledgeCodeBase object at 0x7fcfb397d7d0>
2026-01-28 11:26:55,732 - Knowledge - INFO - persist ingested knowledge for /app/data/T0015/311196/b74521f/pwhm-226177/test/test_targets.mk
2026-01-28 11:26:56,042 - Knowledge - INFO - [MONGODB_OP] Completed: persist, Collection: file_info, Duration: 108ms
2026-01-28 11:26:56,479 - Knowledge - INFO - [REDIS_OP] Completed: store_embedding, Key: test/test_targets.mk, Duration: 281ms
2026-01-28 11:26:56,654 - Knowledge - INFO - persist search terms embedding for test/test_targets.mk
2026-01-28 11:26:56,849 - Knowledge - INFO - process ingested knowledge for /app/data/T0015/311196/b74521f/pwhm-226177/test/test_targets.mk
2026-01-28 11:26:57,031 - Knowledge - INFO - Found code-base-name: https://github.com/kavia-common/pwhm-226177.git:kavia-main
2026-01-28 11:26:57,216 - Knowledge - INFO - Found code_base: <app.utils.kg_build.knowledge.KnowledgeCodeBase object at 0x7fcfb397d7d0>
2026-01-28 11:26:57,458 - Knowledge - INFO - Found code-base-name: https://github.com/kavia-common/pwhm-226177.git:kavia-main
2026-01-28 11:26:57,653 - Knowledge - INFO - Found code_base: <app.utils.kg_build.knowledge.KnowledgeCodeBase object at 0x7fcfb397d7d0>
2026-01-28 11:26:57,862 - Knowledge - INFO - persist ingested knowledge for /app/data/T0015/311196/b74521f/pwhm-226177/src/ApMgt/wld_ap_security.c
2026-01-28 11:26:58,115 - Knowledge - INFO - [MONGODB_OP] Completed: persist, Collection: file_info, Duration: 89ms
2026-01-28 11:26:58,606 - Knowledge - INFO - [REDIS_OP] Completed: store_embedding, Key: src/ApMgt/wld_ap_security.c, Duration: 334ms
2026-01-28 11:26:58,795 - Knowledge - INFO - persist search terms embedding for src/ApMgt/wld_ap_security.c
2026-01-28 11:26:58,967 - Knowledge - INFO - process ingested knowledge for /app/data/T0015/311196/b74521f/pwhm-226177/src/ApMgt/wld_ap_security.c
2026-01-28 11:26:59,133 - Knowledge - INFO - Found code-base-name: https://github.com/kavia-common/pwhm-226177.git:kavia-main
2026-01-28 11:26:59,286 - Knowledge - INFO - Found code_base: <app.utils.kg_build.knowledge.KnowledgeCodeBase object at 0x7fcfb397d7d0>
2026-01-28 11:26:59,597 - Knowledge - INFO - Found code-base-name: https://github.com/kavia-common/pwhm-226177.git:kavia-main
2026-01-28 11:26:59,750 - Knowledge - INFO - Found code_base: <app.utils.kg_build.knowledge.KnowledgeCodeBase object at 0x7fcfb397d7d0>
2026-01-28 11:26:59,921 - Knowledge - INFO - persist ingested knowledge for /app/data/T0015/311196/b74521f/pwhm-226177/include/wld/wld_statsmon.h
2026-01-28 11:27:00,206 - Knowledge - INFO - [MONGODB_OP] Completed: persist, Collection: file_info, Duration: 114ms
2026-01-28 11:27:00,611 - Knowledge - INFO - [REDIS_OP] Completed: store_embedding, Key: include/wld/wld_statsmon.h, Duration: 240ms
2026-01-28 11:27:00,806 - Knowledge - INFO - persist search terms embedding for include/wld/wld_statsmon.h
2026-01-28 11:27:00,969 - Knowledge - INFO - process ingested knowledge for /app/data/T0015/311196/b74521f/pwhm-226177/include/wld/wld_statsmon.h
2026-01-28 11:27:01,123 - Knowledge - INFO - Found code-base-name: https://github.com/kavia-common/pwhm-226177.git:kavia-main
2026-01-28 11:27:01,278 - Knowledge - INFO - Found code_base: <app.utils.kg_build.knowledge.KnowledgeCodeBase object at 0x7fcfb397d7d0>
2026-01-28 11:27:01,560 - Knowledge - INFO - Found code-base-name: https://github.com/kavia-common/pwhm-226177.git:kavia-main
2026-01-28 11:27:01,730 - Knowledge - INFO - Found code_base: <app.utils.kg_build.knowledge.KnowledgeCodeBase object at 0x7fcfb397d7d0>
2026-01-28 11:27:01,899 - Knowledge - INFO - persist ingested knowledge for /app/data/T0015/311196/b74521f/pwhm-226177/test/testScanSsid/test_scanSsid.c
2026-01-28 11:27:02,139 - Knowledge - INFO - [MONGODB_OP] Completed: persist, Collection: file_info, Duration: 91ms
2026-01-28 11:27:02,567 - Knowledge - INFO - [REDIS_OP] Completed: store_embedding, Key: test/testScanSsid/test_scanSsid.c, Duration: 258ms
2026-01-28 11:27:02,737 - Knowledge - INFO - persist search terms embedding for test/testScanSsid/test_scanSsid.c
2026-01-28 11:27:02,933 - Knowledge - INFO - process ingested knowledge for /app/data/T0015/311196/b74521f/pwhm-226177/test/testScanSsid/test_scanSsid.c
2026-01-28 11:27:03,107 - Knowledge - INFO - Found code-base-name: https://github.com/kavia-common/pwhm-226177.git:kavia-main
2026-01-28 11:27:03,274 - Knowledge - INFO - Found code_base: <app.utils.kg_build.knowledge.KnowledgeCodeBase object at 0x7fcfb397d7d0>
2026-01-28 11:27:03,516 - Knowledge - INFO - Found code-base-name: https://github.com/kavia-common/pwhm-226177.git:kavia-main
2026-01-28 11:27:03,675 - Knowledge - INFO - Found code_base: <app.utils.kg_build.knowledge.KnowledgeCodeBase object at 0x7fcfb397d7d0>
2026-01-28 11:27:03,863 - Knowledge - INFO - persist ingested knowledge for /app/data/T0015/311196/b74521f/pwhm-226177/test/testStaStats/assocNot/not_2.txt
2026-01-28 11:27:04,151 - Knowledge - INFO - [MONGODB_OP] Completed: persist, Collection: file_info, Duration: 92ms
2026-01-28 11:27:04,634 - Knowledge - INFO - [REDIS_OP] Completed: store_embedding, Key: test/testStaStats/assocNot/not_2.txt, Duration: 315ms
2026-01-28 11:27:04,793 - Knowledge - INFO - persist search terms embedding for test/testStaStats/assocNot/not_2.txt
2026-01-28 11:27:05,013 - Knowledge - INFO - process ingested knowledge for /app/data/T0015/311196/b74521f/pwhm-226177/test/testStaStats/assocNot/not_2.txt
2026-01-28 11:27:05,179 - Knowledge - INFO - Found code-base-name: https://github.com/kavia-common/pwhm-226177.git:kavia-main
2026-01-28 11:27:05,387 - Knowledge - INFO - Found code_base: <app.utils.kg_build.knowledge.KnowledgeCodeBase object at 0x7fcfb397d7d0>
2026-01-28 11:27:05,622 - Knowledge - INFO - Found code-base-name: https://github.com/kavia-common/pwhm-226177.git:kavia-main
2026-01-28 11:27:05,787 - Knowledge - INFO - Found code_base: <app.utils.kg_build.knowledge.KnowledgeCodeBase object at 0x7fcfb397d7d0>
2026-01-28 11:27:05,945 - Knowledge - INFO - persist ingested knowledge for /app/data/T0015/311196/b74521f/pwhm-226177/include/wld/wld_channel.h
2026-01-28 11:27:06,241 - Knowledge - INFO - [MONGODB_OP] Completed: persist, Collection: file_info, Duration: 86ms
2026-01-28 11:27:06,662 - Knowledge - INFO - [REDIS_OP] Completed: store_embedding, Key: include/wld/wld_channel.h, Duration: 251ms
2026-01-28 11:27:06,834 - Knowledge - INFO - persist search terms embedding for include/wld/wld_channel.h
2026-01-28 11:27:07,025 - Knowledge - INFO - process ingested knowledge for /app/data/T0015/311196/b74521f/pwhm-226177/include/wld/wld_channel.h
2026-01-28 11:27:07,181 - Knowledge - INFO - Found code-base-name: https://github.com/kavia-common/pwhm-226177.git:kavia-main
2026-01-28 11:27:07,349 - Knowledge - INFO - Found code_base: <app.utils.kg_build.knowledge.KnowledgeCodeBase object at 0x7fcfb397d7d0>
2026-01-28 11:27:07,622 - Knowledge - INFO - Found code-base-name: https://github.com/kavia-common/pwhm-226177.git:kavia-main
2026-01-28 11:27:07,797 - Knowledge - INFO - Found code_base: <app.utils.kg_build.knowledge.KnowledgeCodeBase object at 0x7fcfb397d7d0>
2026-01-28 11:27:08,014 - Knowledge - INFO - persist ingested knowledge for /app/data/T0015/311196/b74521f/pwhm-226177/test/testFullScan/test_fullScan.c
2026-01-28 11:27:08,259 - Knowledge - INFO - [MONGODB_OP] Completed: persist, Collection: file_info, Duration: 86ms
2026-01-28 11:27:08,726 - Knowledge - INFO - [REDIS_OP] Completed: store_embedding, Key: test/testFullScan/test_fullScan.c, Duration: 226ms
2026-01-28 11:27:08,880 - Knowledge - INFO - persist search terms embedding for test/testFullScan/test_fullScan.c
2026-01-28 11:27:09,081 - Knowledge - INFO - process ingested knowledge for /app/data/T0015/311196/b74521f/pwhm-226177/test/testFullScan/test_fullScan.c
2026-01-28 11:27:09,234 - Knowledge - INFO - Found code-base-name: https://github.com/kavia-common/pwhm-226177.git:kavia-main
2026-01-28 11:27:09,412 - Knowledge - INFO - Found code_base: <app.utils.kg_build.knowledge.KnowledgeCodeBase object at 0x7fcfb397d7d0>
2026-01-28 11:27:09,681 - Knowledge - INFO - Found code-base-name: https://github.com/kavia-common/pwhm-226177.git:kavia-main
2026-01-28 11:27:09,861 - Knowledge - INFO - Found code_base: <app.utils.kg_build.knowledge.KnowledgeCodeBase object at 0x7fcfb397d7d0>
2026-01-28 11:27:10,031 - Knowledge - INFO - persist ingested knowledge for /app/data/T0015/311196/b74521f/pwhm-226177/test/testStaStats/data1.txt
2026-01-28 11:27:10,300 - Knowledge - INFO - [MONGODB_OP] Completed: persist, Collection: file_info, Duration: 115ms
2026-01-28 11:27:10,769 - Knowledge - INFO - [REDIS_OP] Completed: store_embedding, Key: test/testStaStats/data1.txt, Duration: 279ms
2026-01-28 11:27:10,945 - Knowledge - INFO - persist search terms embedding for test/testStaStats/data1.txt
2026-01-28 11:27:11,146 - Knowledge - INFO - process ingested knowledge for /app/data/T0015/311196/b74521f/pwhm-226177/test/testStaStats/data1.txt
2026-01-28 11:27:11,339 - Knowledge - INFO - Found code-base-name: https://github.com/kavia-common/pwhm-226177.git:kavia-main
2026-01-28 11:27:11,516 - Knowledge - INFO - Found code_base: <app.utils.kg_build.knowledge.KnowledgeCodeBase object at 0x7fcfb397d7d0>
2026-01-28 11:27:11,801 - Knowledge - INFO - Found code-base-name: https://github.com/kavia-common/pwhm-226177.git:kavia-main
2026-01-28 11:27:11,959 - Knowledge - INFO - Found code_base: <app.utils.kg_build.knowledge.KnowledgeCodeBase object at 0x7fcfb397d7d0>
2026-01-28 11:27:12,123 - Knowledge - INFO - persist ingested knowledge for /app/data/T0015/311196/b74521f/pwhm-226177/include/wld/wld_linuxWExtUtils.h
2026-01-28 11:27:12,391 - Knowledge - INFO - [MONGODB_OP] Completed: persist, Collection: file_info, Duration: 114ms
2026-01-28 11:27:12,735 - Knowledge - INFO - [REDIS_OP] Completed: store_embedding, Key: include/wld/wld_linuxWExtUtils.h, Duration: 186ms
2026-01-28 11:27:12,895 - Knowledge - INFO - persist search terms embedding for include/wld/wld_linuxWExtUtils.h
2026-01-28 11:27:13,086 - Knowledge - INFO - process ingested knowledge for /app/data/T0015/311196/b74521f/pwhm-226177/include/wld/wld_linuxWExtUtils.h
2026-01-28 11:27:13,267 - Knowledge - INFO - Found code-base-name: https://github.com/kavia-common/pwhm-226177.git:kavia-main
2026-01-28 11:27:13,466 - Knowledge - INFO - Found code_base: <app.utils.kg_build.knowledge.KnowledgeCodeBase object at 0x7fcfb397d7d0>
2026-01-28 11:27:13,754 - Knowledge - INFO - Found code-base-name: https://github.com/kavia-common/pwhm-226177.git:kavia-main
2026-01-28 11:27:13,916 - Knowledge - INFO - Found code_base: <app.utils.kg_build.knowledge.KnowledgeCodeBase object at 0x7fcfb397d7d0>
2026-01-28 11:27:14,056 - Knowledge - INFO - persist ingested knowledge for /app/data/T0015/311196/b74521f/pwhm-226177/include/wld/wld_ap_rssiMonitor.h
2026-01-28 11:27:14,320 - Knowledge - INFO - [MONGODB_OP] Completed: persist, Collection: file_info, Duration: 102ms
2026-01-28 11:27:14,765 - Knowledge - INFO - [REDIS_OP] Completed: store_embedding, Key: include/wld/wld_ap_rssiMonitor.h, Duration: 252ms
2026-01-28 11:27:14,956 - Knowledge - INFO - persist search terms embedding for include/wld/wld_ap_rssiMonitor.h
2026-01-28 11:27:15,160 - Knowledge - INFO - process ingested knowledge for /app/data/T0015/311196/b74521f/pwhm-226177/include/wld/wld_ap_rssiMonitor.h
2026-01-28 11:27:15,367 - Knowledge - INFO - Found code-base-name: https://github.com/kavia-common/pwhm-226177.git:kavia-main
2026-01-28 11:27:15,546 - Knowledge - INFO - Found code_base: <app.utils.kg_build.knowledge.KnowledgeCodeBase object at 0x7fcfb397d7d0>
2026-01-28 11:27:15,858 - Knowledge - INFO - Found code-base-name: https://github.com/kavia-common/pwhm-226177.git:kavia-main
2026-01-28 11:27:16,058 - Knowledge - INFO - Found code_base: <app.utils.kg_build.knowledge.KnowledgeCodeBase object at 0x7fcfb397d7d0>
2026-01-28 11:27:16,277 - Knowledge - INFO - persist ingested knowledge for /app/data/T0015/311196/b74521f/pwhm-226177/test/testStaStats/staUpdate.txt
2026-01-28 11:27:16,586 - Knowledge - INFO - [MONGODB_OP] Completed: persist, Collection: file_info, Duration: 107ms
2026-01-28 11:27:17,116 - Knowledge - INFO - [REDIS_OP] Completed: store_embedding, Key: test/testStaStats/staUpdate.txt, Duration: 278ms
2026-01-28 11:27:17,265 - Knowledge - INFO - persist search terms embedding for test/testStaStats/staUpdate.txt
2026-01-28 11:27:17,430 - Knowledge - INFO - process ingested knowledge for /app/data/T0015/311196/b74521f/pwhm-226177/test/testStaStats/staUpdate.txt
2026-01-28 11:27:17,678 - Knowledge - INFO - Found code-base-name: https://github.com/kavia-common/pwhm-226177.git:kavia-main
2026-01-28 11:27:17,828 - Knowledge - INFO - Found code_base: <app.utils.kg_build.knowledge.KnowledgeCodeBase object at 0x7fcfb397d7d0>
2026-01-28 11:27:18,066 - Knowledge - INFO - Found code-base-name: https://github.com/kavia-common/pwhm-226177.git:kavia-main
2026-01-28 11:27:18,226 - Knowledge - INFO - Found code_base: <app.utils.kg_build.knowledge.KnowledgeCodeBase object at 0x7fcfb397d7d0>
2026-01-28 11:27:18,386 - Knowledge - INFO - persist ingested knowledge for /app/data/T0015/311196/b74521f/pwhm-226177/scripts/Plugin/wld_gen.sh
2026-01-28 11:27:18,650 - Knowledge - INFO - [MONGODB_OP] Completed: persist, Collection: file_info, Duration: 100ms
2026-01-28 11:27:19,126 - Knowledge - INFO - [REDIS_OP] Completed: store_embedding, Key: scripts/Plugin/wld_gen.sh, Duration: 233ms
2026-01-28 11:27:19,290 - Knowledge - INFO - persist search terms embedding for scripts/Plugin/wld_gen.sh
2026-01-28 11:27:19,487 - Knowledge - INFO - process ingested knowledge for /app/data/T0015/311196/b74521f/pwhm-226177/scripts/Plugin/wld_gen.sh
2026-01-28 11:27:19,648 - Knowledge - INFO - Found code-base-name: https://github.com/kavia-common/pwhm-226177.git:kavia-main
2026-01-28 11:27:19,851 - Knowledge - INFO - Found code_base: <app.utils.kg_build.knowledge.KnowledgeCodeBase object at 0x7fcfb397d7d0>
2026-01-28 11:27:20,199 - Knowledge - INFO - Found code-base-name: https://github.com/kavia-common/pwhm-226177.git:kavia-main
2026-01-28 11:27:20,352 - Knowledge - INFO - Found code_base: <app.utils.kg_build.knowledge.KnowledgeCodeBase object at 0x7fcfb397d7d0>
2026-01-28 11:27:20,514 - Knowledge - INFO - persist ingested knowledge for /app/data/T0015/311196/b74521f/pwhm-226177/include_priv/nl80211/wld_nl80211_events_priv.h
2026-01-28 11:27:20,803 - Knowledge - INFO - [MONGODB_OP] Completed: persist, Collection: file_info, Duration: 113ms
2026-01-28 11:27:21,297 - Knowledge - INFO - [REDIS_OP] Completed: store_embedding, Key: include_priv/nl80211/wld_nl80211_events_priv.h, Duration: 301ms
2026-01-28 11:27:21,469 - Knowledge - INFO - persist search terms embedding for include_priv/nl80211/wld_nl80211_events_priv.h
2026-01-28 11:27:21,634 - Knowledge - INFO - process ingested knowledge for /app/data/T0015/311196/b74521f/pwhm-226177/include_priv/nl80211/wld_nl80211_events_priv.h
2026-01-28 11:27:21,789 - Knowledge - INFO - Found code-base-name: https://github.com/kavia-common/pwhm-226177.git:kavia-main
2026-01-28 11:27:21,934 - Knowledge - INFO - Found code_base: <app.utils.kg_build.knowledge.KnowledgeCodeBase object at 0x7fcfb397d7d0>
2026-01-28 11:27:22,177 - Knowledge - INFO - Found code-base-name: https://github.com/kavia-common/pwhm-226177.git:kavia-main
2026-01-28 11:27:22,344 - Knowledge - INFO - Found code_base: <app.utils.kg_build.knowledge.KnowledgeCodeBase object at 0x7fcfb397d7d0>
2026-01-28 11:27:22,504 - Knowledge - INFO - persist ingested knowledge for /app/data/T0015/311196/b74521f/pwhm-226177/test/testStaStats/deauthNot/notif_10.txt
2026-01-28 11:27:22,804 - Knowledge - INFO - [MONGODB_OP] Completed: persist, Collection: file_info, Duration: 95ms
2026-01-28 11:27:23,238 - Knowledge - INFO - [REDIS_OP] Completed: store_embedding, Key: test/testStaStats/deauthNot/notif_10.txt, Duration: 256ms
2026-01-28 11:27:23,415 - Knowledge - INFO - persist search terms embedding for test/testStaStats/deauthNot/notif_10.txt
2026-01-28 11:27:23,575 - Knowledge - INFO - process ingested knowledge for /app/data/T0015/311196/b74521f/pwhm-226177/test/testStaStats/deauthNot/notif_10.txt
2026-01-28 11:27:23,780 - Knowledge - INFO - Found code-base-name: https://github.com/kavia-common/pwhm-226177.git:kavia-main
2026-01-28 11:27:23,953 - Knowledge - INFO - Found code_base: <app.utils.kg_build.knowledge.KnowledgeCodeBase object at 0x7fcfb397d7d0>
2026-01-28 11:27:24,255 - Knowledge - INFO - Found code-base-name: https://github.com/kavia-common/pwhm-226177.git:kavia-main
2026-01-28 11:27:24,457 - Knowledge - INFO - Found code_base: <app.utils.kg_build.knowledge.KnowledgeCodeBase object at 0x7fcfb397d7d0>
2026-01-28 11:27:24,633 - Knowledge - INFO - persist ingested knowledge for /app/data/T0015/311196/b74521f/pwhm-226177/src/Utils/wld_eventing.c
2026-01-28 11:27:24,893 - Knowledge - INFO - [MONGODB_OP] Completed: persist, Collection: file_info, Duration: 102ms
2026-01-28 11:27:25,405 - Knowledge - INFO - [REDIS_OP] Completed: store_embedding, Key: src/Utils/wld_eventing.c, Duration: 331ms
2026-01-28 11:27:25,597 - Knowledge - INFO - persist search terms embedding for src/Utils/wld_eventing.c
2026-01-28 11:27:25,769 - Knowledge - INFO - process ingested knowledge for /app/data/T0015/311196/b74521f/pwhm-226177/src/Utils/wld_eventing.c
2026-01-28 11:27:25,954 - Knowledge - INFO - Found code-base-name: https://github.com/kavia-common/pwhm-226177.git:kavia-main
2026-01-28 11:27:26,123 - Knowledge - INFO - Found code_base: <app.utils.kg_build.knowledge.KnowledgeCodeBase object at 0x7fcfb397d7d0>
2026-01-28 11:27:26,474 - Knowledge - INFO - Found code-base-name: https://github.com/kavia-common/pwhm-226177.git:kavia-main
2026-01-28 11:27:26,680 - Knowledge - INFO - Found code_base: <app.utils.kg_build.knowledge.KnowledgeCodeBase object at 0x7fcfb397d7d0>
2026-01-28 11:27:26,867 - Knowledge - INFO - persist ingested knowledge for /app/data/T0015/311196/b74521f/pwhm-226177/include_priv/nl80211/wld_wpaSupp_cfgManager_priv.h
2026-01-28 11:27:27,170 - Knowledge - INFO - [MONGODB_OP] Completed: persist, Collection: file_info, Duration: 109ms
2026-01-28 11:27:27,604 - Knowledge - INFO - [REDIS_OP] Completed: store_embedding, Key: include_priv/nl80211/wld_wpaSupp_cfgManager_priv.h, Duration: 269ms
2026-01-28 11:27:27,769 - Knowledge - INFO - persist search terms embedding for include_priv/nl80211/wld_wpaSupp_cfgManager_priv.h
2026-01-28 11:27:27,917 - Knowledge - INFO - process ingested knowledge for /app/data/T0015/311196/b74521f/pwhm-226177/include_priv/nl80211/wld_wpaSupp_cfgManager_priv.h
2026-01-28 11:27:28,150 - Knowledge - INFO - Found code-base-name: https://github.com/kavia-common/pwhm-226177.git:kavia-main
2026-01-28 11:27:28,358 - Knowledge - INFO - Found code_base: <app.utils.kg_build.knowledge.KnowledgeCodeBase object at 0x7fcfb397d7d0>
2026-01-28 11:27:28,618 - Knowledge - INFO - Found code-base-name: https://github.com/kavia-common/pwhm-226177.git:kavia-main
2026-01-28 11:27:28,825 - Knowledge - INFO - Found code_base: <app.utils.kg_build.knowledge.KnowledgeCodeBase object at 0x7fcfb397d7d0>
2026-01-28 11:27:28,982 - Knowledge - INFO - persist ingested knowledge for /app/data/T0015/311196/b74521f/pwhm-226177/include/wld/wld_radioOperatingStandards.h
2026-01-28 11:27:29,252 - Knowledge - INFO - [MONGODB_OP] Completed: persist, Collection: file_info, Duration: 94ms
2026-01-28 11:27:29,641 - Knowledge - INFO - [REDIS_OP] Completed: store_embedding, Key: include/wld/wld_radioOperatingStandards.h, Duration: 229ms
2026-01-28 11:27:29,815 - Knowledge - INFO - persist search terms embedding for include/wld/wld_radioOperatingStandards.h
2026-01-28 11:27:29,983 - Knowledge - INFO - process ingested knowledge for /app/data/T0015/311196/b74521f/pwhm-226177/include/wld/wld_radioOperatingStandards.h
2026-01-28 11:27:30,197 - Knowledge - INFO - Found code-base-name: https://github.com/kavia-common/pwhm-226177.git:kavia-main
2026-01-28 11:27:30,372 - Knowledge - INFO - Found code_base: <app.utils.kg_build.knowledge.KnowledgeCodeBase object at 0x7fcfb397d7d0>
2026-01-28 11:27:30,669 - Knowledge - INFO - Found code-base-name: https://github.com/kavia-common/pwhm-226177.git:kavia-main
2026-01-28 11:27:30,832 - Knowledge - INFO - Found code_base: <app.utils.kg_build.knowledge.KnowledgeCodeBase object at 0x7fcfb397d7d0>
2026-01-28 11:27:31,000 - Knowledge - INFO - persist ingested knowledge for /app/data/T0015/311196/b74521f/pwhm-226177/include_priv/nl80211/wld_hostapd_cfgManager_priv.h
2026-01-28 11:27:31,268 - Knowledge - INFO - [MONGODB_OP] Completed: persist, Collection: file_info, Duration: 94ms
2026-01-28 11:27:31,705 - Knowledge - INFO - [REDIS_OP] Completed: store_embedding, Key: include_priv/nl80211/wld_hostapd_cfgManager_priv.h, Duration: 257ms
2026-01-28 11:27:31,906 - Knowledge - INFO - persist search terms embedding for include_priv/nl80211/wld_hostapd_cfgManager_priv.h
2026-01-28 11:27:32,116 - Knowledge - INFO - process ingested knowledge for /app/data/T0015/311196/b74521f/pwhm-226177/include_priv/nl80211/wld_hostapd_cfgManager_priv.h
2026-01-28 11:27:32,280 - Knowledge - INFO - Found code-base-name: https://github.com/kavia-common/pwhm-226177.git:kavia-main
2026-01-28 11:27:32,448 - Knowledge - INFO - Found code_base: <app.utils.kg_build.knowledge.KnowledgeCodeBase object at 0x7fcfb397d7d0>
2026-01-28 11:27:32,691 - Knowledge - INFO - Found code-base-name: https://github.com/kavia-common/pwhm-226177.git:kavia-main
2026-01-28 11:27:32,867 - Knowledge - INFO - Found code_base: <app.utils.kg_build.knowledge.KnowledgeCodeBase object at 0x7fcfb397d7d0>
2026-01-28 11:27:33,071 - Knowledge - INFO - persist ingested knowledge for /app/data/T0015/311196/b74521f/pwhm-226177/include/wld/wld_accesspoint.h
2026-01-28 11:27:33,323 - Knowledge - INFO - [MONGODB_OP] Completed: persist, Collection: file_info, Duration: 82ms
2026-01-28 11:27:33,760 - Knowledge - INFO - [REDIS_OP] Completed: store_embedding, Key: include/wld/wld_accesspoint.h, Duration: 251ms
2026-01-28 11:27:33,928 - Knowledge - INFO - persist search terms embedding for include/wld/wld_accesspoint.h
2026-01-28 11:27:34,116 - Knowledge - INFO - process ingested knowledge for /app/data/T0015/311196/b74521f/pwhm-226177/include/wld/wld_accesspoint.h
2026-01-28 11:27:34,330 - Knowledge - INFO - Found code-base-name: https://github.com/kavia-common/pwhm-226177.git:kavia-main
2026-01-28 11:27:34,529 - Knowledge - INFO - Found code_base: <app.utils.kg_build.knowledge.KnowledgeCodeBase object at 0x7fcfb397d7d0>
2026-01-28 11:27:34,771 - Knowledge - INFO - Found code-base-name: https://github.com/kavia-common/pwhm-226177.git:kavia-main
2026-01-28 11:27:34,942 - Knowledge - INFO - Found code_base: <app.utils.kg_build.knowledge.KnowledgeCodeBase object at 0x7fcfb397d7d0>
2026-01-28 11:27:35,085 - Knowledge - INFO - persist ingested knowledge for /app/data/T0015/311196/b74521f/pwhm-226177/test/testHelper/wld_th_dm.c
2026-01-28 11:27:35,390 - Knowledge - INFO - [MONGODB_OP] Completed: persist, Collection: file_info, Duration: 95ms
2026-01-28 11:27:35,806 - Knowledge - INFO - [REDIS_OP] Completed: store_embedding, Key: test/testHelper/wld_th_dm.c, Duration: 241ms
2026-01-28 11:27:36,008 - Knowledge - INFO - persist search terms embedding for test/testHelper/wld_th_dm.c
2026-01-28 11:27:36,179 - Knowledge - INFO - process ingested knowledge for /app/data/T0015/311196/b74521f/pwhm-226177/test/testHelper/wld_th_dm.c
2026-01-28 11:27:36,375 - Knowledge - INFO - Found code-base-name: https://github.com/kavia-common/pwhm-226177.git:kavia-main
2026-01-28 11:27:36,542 - Knowledge - INFO - Found code_base: <app.utils.kg_build.knowledge.KnowledgeCodeBase object at 0x7fcfb397d7d0>
2026-01-28 11:27:36,833 - Knowledge - INFO - Found code-base-name: https://github.com/kavia-common/pwhm-226177.git:kavia-main
2026-01-28 11:27:36,978 - Knowledge - INFO - Found code_base: <app.utils.kg_build.knowledge.KnowledgeCodeBase object at 0x7fcfb397d7d0>
2026-01-28 11:27:37,133 - Knowledge - INFO - persist ingested knowledge for /app/data/T0015/311196/b74521f/pwhm-226177/include_priv/nl80211/wld_wpaCtrlConnection_priv.h
2026-01-28 11:27:37,416 - Knowledge - INFO - [MONGODB_OP] Completed: persist, Collection: file_info, Duration: 87ms
2026-01-28 11:27:37,758 - Knowledge - INFO - [REDIS_OP] Completed: store_embedding, Key: include_priv/nl80211/wld_wpaCtrlConnection_priv.h, Duration: 187ms
2026-01-28 11:27:37,927 - Knowledge - INFO - persist search terms embedding for include_priv/nl80211/wld_wpaCtrlConnection_priv.h
2026-01-28 11:27:38,089 - Knowledge - INFO - process ingested knowledge for /app/data/T0015/311196/b74521f/pwhm-226177/include_priv/nl80211/wld_wpaCtrlConnection_priv.h
2026-01-28 11:27:38,321 - Knowledge - INFO - Found code-base-name: https://github.com/kavia-common/pwhm-226177.git:kavia-main
2026-01-28 11:27:38,524 - Knowledge - INFO - Found code_base: <app.utils.kg_build.knowledge.KnowledgeCodeBase object at 0x7fcfb397d7d0>
2026-01-28 11:27:38,817 - Knowledge - INFO - Found code-base-name: https://github.com/kavia-common/pwhm-226177.git:kavia-main
2026-01-28 11:27:38,972 - Knowledge - INFO - Found code_base: <app.utils.kg_build.knowledge.KnowledgeCodeBase object at 0x7fcfb397d7d0>
2026-01-28 11:27:39,145 - Knowledge - INFO - persist ingested knowledge for /app/data/T0015/311196/b74521f/pwhm-226177/include/wld/wld_rad_nl80211.h
2026-01-28 11:27:39,442 - Knowledge - INFO - [MONGODB_OP] Completed: persist, Collection: file_info, Duration: 85ms
2026-01-28 11:27:44,683 - Knowledge - INFO - [REDIS_OP] Completed: store_embedding, Key: include/wld/wld_rad_nl80211.h, Duration: 5070ms
2026-01-28 11:27:44,855 - Knowledge - INFO - persist search terms embedding for include/wld/wld_rad_nl80211.h
2026-01-28 11:27:45,068 - Knowledge - INFO - process ingested knowledge for /app/data/T0015/311196/b74521f/pwhm-226177/include/wld/wld_rad_nl80211.h
2026-01-28 11:27:45,240 - Knowledge - INFO - Found code-base-name: https://github.com/kavia-common/pwhm-226177.git:kavia-main
2026-01-28 11:27:45,471 - Knowledge - INFO - Found code_base: <app.utils.kg_build.knowledge.KnowledgeCodeBase object at 0x7fcfb397d7d0>
2026-01-28 11:27:45,721 - Knowledge - INFO - Found code-base-name: https://github.com/kavia-common/pwhm-226177.git:kavia-main
2026-01-28 11:27:45,919 - Knowledge - INFO - Found code_base: <app.utils.kg_build.knowledge.KnowledgeCodeBase object at 0x7fcfb397d7d0>
2026-01-28 11:27:46,115 - Knowledge - INFO - persist ingested knowledge for /app/data/T0015/311196/b74521f/pwhm-226177/src/Plugin/wifiGen_eventHandlers.c
2026-01-28 11:27:46,409 - Knowledge - INFO - [MONGODB_OP] Completed: persist, Collection: file_info, Duration: 87ms
2026-01-28 11:27:46,895 - Knowledge - INFO - [REDIS_OP] Completed: store_embedding, Key: src/Plugin/wifiGen_eventHandlers.c, Duration: 246ms
2026-01-28 11:27:47,043 - Knowledge - INFO - persist search terms embedding for src/Plugin/wifiGen_eventHandlers.c
2026-01-28 11:27:47,205 - Knowledge - INFO - process ingested knowledge for /app/data/T0015/311196/b74521f/pwhm-226177/src/Plugin/wifiGen_eventHandlers.c
2026-01-28 11:27:47,377 - Knowledge - INFO - Found code-base-name: https://github.com/kavia-common/pwhm-226177.git:kavia-main
2026-01-28 11:27:47,567 - Knowledge - INFO - Found code_base: <app.utils.kg_build.knowledge.KnowledgeCodeBase object at 0x7fcfb397d7d0>
2026-01-28 11:27:47,806 - Knowledge - INFO - Found code-base-name: https://github.com/kavia-common/pwhm-226177.git:kavia-main
2026-01-28 11:27:47,993 - Knowledge - INFO - Found code_base: <app.utils.kg_build.knowledge.KnowledgeCodeBase object at 0x7fcfb397d7d0>
2026-01-28 11:27:48,164 - Knowledge - INFO - persist ingested knowledge for /app/data/T0015/311196/b74521f/pwhm-226177/src/nl80211/wld_nl80211_core.c
2026-01-28 11:27:48,442 - Knowledge - INFO - [MONGODB_OP] Completed: persist, Collection: file_info, Duration: 81ms
2026-01-28 11:27:48,839 - Knowledge - INFO - [REDIS_OP] Completed: store_embedding, Key: src/nl80211/wld_nl80211_core.c, Duration: 212ms
2026-01-28 11:27:49,017 - Knowledge - INFO - persist search terms embedding for src/nl80211/wld_nl80211_core.c
2026-01-28 11:27:49,175 - Knowledge - INFO - process ingested knowledge for /app/data/T0015/311196/b74521f/pwhm-226177/src/nl80211/wld_nl80211_core.c
2026-01-28 11:27:49,372 - Knowledge - INFO - Found code-base-name: https://github.com/kavia-common/pwhm-226177.git:kavia-main
2026-01-28 11:27:49,544 - Knowledge - INFO - Found code_base: <app.utils.kg_build.knowledge.KnowledgeCodeBase object at 0x7fcfb397d7d0>
2026-01-28 11:27:49,893 - Knowledge - INFO - Found code-base-name: https://github.com/kavia-common/pwhm-226177.git:kavia-main
2026-01-28 11:27:50,069 - Knowledge - INFO - Found code_base: <app.utils.kg_build.knowledge.KnowledgeCodeBase object at 0x7fcfb397d7d0>
2026-01-28 11:27:50,252 - Knowledge - INFO - persist ingested knowledge for /app/data/T0015/311196/b74521f/pwhm-226177/include/wld/wld_nl80211_debug.h
2026-01-28 11:27:50,542 - Knowledge - INFO - [MONGODB_OP] Completed: persist, Collection: file_info, Duration: 119ms
2026-01-28 11:27:51,003 - Knowledge - INFO - [REDIS_OP] Completed: store_embedding, Key: include/wld/wld_nl80211_debug.h, Duration: 248ms
2026-01-28 11:27:51,192 - Knowledge - INFO - persist search terms embedding for include/wld/wld_nl80211_debug.h
2026-01-28 11:27:51,372 - Knowledge - INFO - process ingested knowledge for /app/data/T0015/311196/b74521f/pwhm-226177/include/wld/wld_nl80211_debug.h
2026-01-28 11:27:51,547 - Knowledge - INFO - Found code-base-name: https://github.com/kavia-common/pwhm-226177.git:kavia-main
2026-01-28 11:27:51,739 - Knowledge - INFO - Found code_base: <app.utils.kg_build.knowledge.KnowledgeCodeBase object at 0x7fcfb397d7d0>
2026-01-28 11:27:52,037 - Knowledge - INFO - Found code-base-name: https://github.com/kavia-common/pwhm-226177.git:kavia-main
2026-01-28 11:27:52,194 - Knowledge - INFO - Found code_base: <app.utils.kg_build.knowledge.KnowledgeCodeBase object at 0x7fcfb397d7d0>
2026-01-28 11:27:52,423 - Knowledge - INFO - persist ingested knowledge for /app/data/T0015/311196/b74521f/pwhm-226177/include/wld/wld_hostapd_ap_api.h
2026-01-28 11:27:52,690 - Knowledge - INFO - [MONGODB_OP] Completed: persist, Collection: file_info, Duration: 93ms
2026-01-28 11:27:53,150 - Knowledge - INFO - [REDIS_OP] Completed: store_embedding, Key: include/wld/wld_hostapd_ap_api.h, Duration: 237ms
2026-01-28 11:27:53,348 - Knowledge - INFO - persist search terms embedding for include/wld/wld_hostapd_ap_api.h
2026-01-28 11:27:53,504 - Knowledge - INFO - process ingested knowledge for /app/data/T0015/311196/b74521f/pwhm-226177/include/wld/wld_hostapd_ap_api.h
2026-01-28 11:27:53,677 - Knowledge - INFO - Found code-base-name: https://github.com/kavia-common/pwhm-226177.git:kavia-main
2026-01-28 11:27:53,866 - Knowledge - INFO - Found code_base: <app.utils.kg_build.knowledge.KnowledgeCodeBase object at 0x7fcfb397d7d0>
2026-01-28 11:27:54,100 - Knowledge - INFO - Found code-base-name: https://github.com/kavia-common/pwhm-226177.git:kavia-main
2026-01-28 11:27:54,268 - Knowledge - INFO - Found code_base: <app.utils.kg_build.knowledge.KnowledgeCodeBase object at 0x7fcfb397d7d0>
2026-01-28 11:27:54,511 - Knowledge - INFO - persist ingested knowledge for /app/data/T0015/311196/b74521f/pwhm-226177/test/testStaStats/assocNot/not_5.txt
2026-01-28 11:27:54,786 - Knowledge - INFO - [MONGODB_OP] Completed: persist, Collection: file_info, Duration: 104ms
2026-01-28 11:27:55,200 - Knowledge - INFO - [REDIS_OP] Completed: store_embedding, Key: test/testStaStats/assocNot/not_5.txt, Duration: 261ms
2026-01-28 11:27:55,371 - Knowledge - INFO - persist search terms embedding for test/testStaStats/assocNot/not_5.txt
2026-01-28 11:27:55,546 - Knowledge - INFO - process ingested knowledge for /app/data/T0015/311196/b74521f/pwhm-226177/test/testStaStats/assocNot/not_5.txt
2026-01-28 11:27:55,754 - Knowledge - INFO - Found code-base-name: https://github.com/kavia-common/pwhm-226177.git:kavia-main
2026-01-28 11:27:55,971 - Knowledge - INFO - Found code_base: <app.utils.kg_build.knowledge.KnowledgeCodeBase object at 0x7fcfb397d7d0>
2026-01-28 11:27:56,245 - Knowledge - INFO - Found code-base-name: https://github.com/kavia-common/pwhm-226177.git:kavia-main
2026-01-28 11:27:56,408 - Knowledge - INFO - Found code_base: <app.utils.kg_build.knowledge.KnowledgeCodeBase object at 0x7fcfb397d7d0>
2026-01-28 11:27:56,611 - Knowledge - INFO - persist ingested knowledge for /app/data/T0015/311196/b74521f/pwhm-226177/src/wld_ssid.c
2026-01-28 11:27:56,921 - Knowledge - INFO - [MONGODB_OP] Completed: persist, Collection: file_info, Duration: 125ms
2026-01-28 11:27:57,308 - Knowledge - INFO - [REDIS_OP] Completed: store_embedding, Key: src/wld_ssid.c, Duration: 223ms
2026-01-28 11:27:57,511 - Knowledge - INFO - persist search terms embedding for src/wld_ssid.c
2026-01-28 11:27:57,683 - Knowledge - INFO - process ingested knowledge for /app/data/T0015/311196/b74521f/pwhm-226177/src/wld_ssid.c
2026-01-28 11:27:57,852 - Knowledge - INFO - Found code-base-name: https://github.com/kavia-common/pwhm-226177.git:kavia-main
2026-01-28 11:27:58,053 - Knowledge - INFO - Found code_base: <app.utils.kg_build.knowledge.KnowledgeCodeBase object at 0x7fcfb397d7d0>
2026-01-28 11:27:58,289 - Knowledge - INFO - Found code-base-name: https://github.com/kavia-common/pwhm-226177.git:kavia-main
2026-01-28 11:27:58,493 - Knowledge - INFO - Found code_base: <app.utils.kg_build.knowledge.KnowledgeCodeBase object at 0x7fcfb397d7d0>
2026-01-28 11:27:58,692 - Knowledge - INFO - persist ingested knowledge for /app/data/T0015/311196/b74521f/pwhm-226177/src/ChannelManagement/wld_zwdfs.c
2026-01-28 11:27:58,974 - Knowledge - INFO - [MONGODB_OP] Completed: persist, Collection: file_info, Duration: 99ms
2026-01-28 11:27:59,437 - Knowledge - INFO - [REDIS_OP] Completed: store_embedding, Key: src/ChannelManagement/wld_zwdfs.c, Duration: 264ms
2026-01-28 11:27:59,662 - Knowledge - INFO - persist search terms embedding for src/ChannelManagement/wld_zwdfs.c
2026-01-28 11:27:59,839 - Knowledge - INFO - process ingested knowledge for /app/data/T0015/311196/b74521f/pwhm-226177/src/ChannelManagement/wld_zwdfs.c
2026-01-28 11:28:00,005 - Knowledge - INFO - Found code-base-name: https://github.com/kavia-common/pwhm-226177.git:kavia-main
2026-01-28 11:28:00,231 - Knowledge - INFO - Found code_base: <app.utils.kg_build.knowledge.KnowledgeCodeBase object at 0x7fcfb397d7d0>
2026-01-28 11:28:00,513 - Knowledge - INFO - Found code-base-name: https://github.com/kavia-common/pwhm-226177.git:kavia-main
2026-01-28 11:28:00,716 - Knowledge - INFO - Found code_base: <app.utils.kg_build.knowledge.KnowledgeCodeBase object at 0x7fcfb397d7d0>
2026-01-28 11:28:00,931 - Knowledge - INFO - persist ingested knowledge for /app/data/T0015/311196/b74521f/pwhm-226177/include/wld/wld_wpaSupp_parser.h
2026-01-28 11:28:01,186 - Knowledge - INFO - [MONGODB_OP] Completed: persist, Collection: file_info, Duration: 109ms
2026-01-28 11:28:01,597 - Knowledge - INFO - [REDIS_OP] Completed: store_embedding, Key: include/wld/wld_wpaSupp_parser.h, Duration: 243ms
2026-01-28 11:28:01,764 - Knowledge - INFO - persist search terms embedding for include/wld/wld_wpaSupp_parser.h
2026-01-28 11:28:01,932 - Knowledge - INFO - process ingested knowledge for /app/data/T0015/311196/b74521f/pwhm-226177/include/wld/wld_wpaSupp_parser.h
2026-01-28 11:28:02,136 - Knowledge - INFO - Found code-base-name: https://github.com/kavia-common/pwhm-226177.git:kavia-main
2026-01-28 11:28:02,293 - Knowledge - INFO - Found code_base: <app.utils.kg_build.knowledge.KnowledgeCodeBase object at 0x7fcfb397d7d0>
2026-01-28 11:28:02,563 - Knowledge - INFO - Found code-base-name: https://github.com/kavia-common/pwhm-226177.git:kavia-main
2026-01-28 11:28:02,728 - Knowledge - INFO - Found code_base: <app.utils.kg_build.knowledge.KnowledgeCodeBase object at 0x7fcfb397d7d0>
2026-01-28 11:28:02,896 - Knowledge - INFO - persist ingested knowledge for /app/data/T0015/311196/b74521f/pwhm-226177/test/testStaStats/deauthNot/notif_4.txt
2026-01-28 11:28:03,221 - Knowledge - INFO - [MONGODB_OP] Completed: persist, Collection: file_info, Duration: 121ms
2026-01-28 11:28:03,684 - Knowledge - INFO - [REDIS_OP] Completed: store_embedding, Key: test/testStaStats/deauthNot/notif_4.txt, Duration: 295ms
2026-01-28 11:28:03,882 - Knowledge - INFO - persist search terms embedding for test/testStaStats/deauthNot/notif_4.txt
2026-01-28 11:28:04,069 - Knowledge - INFO - process ingested knowledge for /app/data/T0015/311196/b74521f/pwhm-226177/test/testStaStats/deauthNot/notif_4.txt
2026-01-28 11:28:04,260 - Knowledge - INFO - Found code-base-name: https://github.com/kavia-common/pwhm-226177.git:kavia-main
2026-01-28 11:28:04,426 - Knowledge - INFO - Found code_base: <app.utils.kg_build.knowledge.KnowledgeCodeBase object at 0x7fcfb397d7d0>
2026-01-28 11:28:04,687 - Knowledge - INFO - Found code-base-name: https://github.com/kavia-common/pwhm-226177.git:kavia-main
2026-01-28 11:28:04,843 - Knowledge - INFO - Found code_base: <app.utils.kg_build.knowledge.KnowledgeCodeBase object at 0x7fcfb397d7d0>
2026-01-28 11:28:05,002 - Knowledge - INFO - persist ingested knowledge for /app/data/T0015/311196/b74521f/pwhm-226177/src/nl80211/wld_wpaCtrlInterface.c
2026-01-28 11:28:05,274 - Knowledge - INFO - [MONGODB_OP] Completed: persist, Collection: file_info, Duration: 116ms
2026-01-28 11:28:05,720 - Knowledge - INFO - [REDIS_OP] Completed: store_embedding, Key: src/nl80211/wld_wpaCtrlInterface.c, Duration: 261ms
2026-01-28 11:28:05,893 - Knowledge - INFO - persist search terms embedding for src/nl80211/wld_wpaCtrlInterface.c
2026-01-28 11:28:06,098 - Knowledge - INFO - process ingested knowledge for /app/data/T0015/311196/b74521f/pwhm-226177/src/nl80211/wld_wpaCtrlInterface.c
2026-01-28 11:28:06,261 - Knowledge - INFO - Found code-base-name: https://github.com/kavia-common/pwhm-226177.git:kavia-main
2026-01-28 11:28:06,446 - Knowledge - INFO - Found code_base: <app.utils.kg_build.knowledge.KnowledgeCodeBase object at 0x7fcfb397d7d0>
2026-01-28 11:28:06,762 - Knowledge - INFO - Found code-base-name: https://github.com/kavia-common/pwhm-226177.git:kavia-main
2026-01-28 11:28:06,931 - Knowledge - INFO - Found code_base: <app.utils.kg_build.knowledge.KnowledgeCodeBase object at 0x7fcfb397d7d0>
2026-01-28 11:28:07,092 - Knowledge - INFO - persist ingested knowledge for /app/data/T0015/311196/b74521f/pwhm-226177/include/wld/wld_vendorModule.h
2026-01-28 11:28:07,350 - Knowledge - INFO - [MONGODB_OP] Completed: persist, Collection: file_info, Duration: 96ms
2026-01-28 11:28:07,777 - Knowledge - INFO - [REDIS_OP] Completed: store_embedding, Key: include/wld/wld_vendorModule.h, Duration: 271ms
2026-01-28 11:28:07,945 - Knowledge - INFO - persist search terms embedding for include/wld/wld_vendorModule.h
2026-01-28 11:28:08,108 - Knowledge - INFO - process ingested knowledge for /app/data/T0015/311196/b74521f/pwhm-226177/include/wld/wld_vendorModule.h
2026-01-28 11:28:08,273 - Knowledge - INFO - Found code-base-name: https://github.com/kavia-common/pwhm-226177.git:kavia-main
2026-01-28 11:28:08,474 - Knowledge - INFO - Found code_base: <app.utils.kg_build.knowledge.KnowledgeCodeBase object at 0x7fcfb397d7d0>
2026-01-28 11:28:08,735 - Knowledge - INFO - Found code-base-name: https://github.com/kavia-common/pwhm-226177.git:kavia-main
2026-01-28 11:28:08,947 - Knowledge - INFO - Found code_base: <app.utils.kg_build.knowledge.KnowledgeCodeBase object at 0x7fcfb397d7d0>
2026-01-28 11:28:09,113 - Knowledge - INFO - persist ingested knowledge for /app/data/T0015/311196/b74521f/pwhm-226177/test/testStaStatsWiFi7/stationStats/stats_test2.txt
2026-01-28 11:28:09,370 - Knowledge - INFO - [MONGODB_OP] Completed: persist, Collection: file_info, Duration: 101ms
2026-01-28 11:28:09,755 - Knowledge - INFO - [REDIS_OP] Completed: store_embedding, Key: test/testStaStatsWiFi7/stationStats/stats_test2.txt, Duration: 214ms
2026-01-28 11:28:09,925 - Knowledge - INFO - persist search terms embedding for test/testStaStatsWiFi7/stationStats/stats_test2.txt
2026-01-28 11:28:10,104 - Knowledge - INFO - process ingested knowledge for /app/data/T0015/311196/b74521f/pwhm-226177/test/testStaStatsWiFi7/stationStats/stats_test2.txt
2026-01-28 11:28:10,274 - Knowledge - INFO - Found code-base-name: https://github.com/kavia-common/pwhm-226177.git:kavia-main
2026-01-28 11:28:10,493 - Knowledge - INFO - Found code_base: <app.utils.kg_build.knowledge.KnowledgeCodeBase object at 0x7fcfb397d7d0>
2026-01-28 11:28:10,736 - Knowledge - INFO - Found code-base-name: https://github.com/kavia-common/pwhm-226177.git:kavia-main
2026-01-28 11:28:10,891 - Knowledge - INFO - Found code_base: <app.utils.kg_build.knowledge.KnowledgeCodeBase object at 0x7fcfb397d7d0>
2026-01-28 11:28:11,049 - Knowledge - INFO - persist ingested knowledge for /app/data/T0015/311196/b74521f/pwhm-226177/src/Features/persist/wld_persist_off.c
2026-01-28 11:28:11,353 - Knowledge - INFO - [MONGODB_OP] Completed: persist, Collection: file_info, Duration: 102ms
2026-01-28 11:28:11,745 - Knowledge - INFO - [REDIS_OP] Completed: store_embedding, Key: src/Features/persist/wld_persist_off.c, Duration: 222ms
2026-01-28 11:28:11,915 - Knowledge - INFO - persist search terms embedding for src/Features/persist/wld_persist_off.c
2026-01-28 11:28:12,116 - Knowledge - INFO - process ingested knowledge for /app/data/T0015/311196/b74521f/pwhm-226177/src/Features/persist/wld_persist_off.c
2026-01-28 11:28:12,289 - Knowledge - INFO - Found code-base-name: https://github.com/kavia-common/pwhm-226177.git:kavia-main
2026-01-28 11:28:12,504 - Knowledge - INFO - Found code_base: <app.utils.kg_build.knowledge.KnowledgeCodeBase object at 0x7fcfb397d7d0>
2026-01-28 11:28:12,803 - Knowledge - INFO - Found code-base-name: https://github.com/kavia-common/pwhm-226177.git:kavia-main
2026-01-28 11:28:12,962 - Knowledge - INFO - Found code_base: <app.utils.kg_build.knowledge.KnowledgeCodeBase object at 0x7fcfb397d7d0>
2026-01-28 11:28:13,145 - Knowledge - INFO - persist ingested knowledge for /app/data/T0015/311196/b74521f/pwhm-226177/include/wld/wld_daemon.h
2026-01-28 11:28:13,438 - Knowledge - INFO - [MONGODB_OP] Completed: persist, Collection: file_info, Duration: 83ms
2026-01-28 11:28:14,059 - Knowledge - INFO - [REDIS_OP] Completed: store_embedding, Key: include/wld/wld_daemon.h, Duration: 417ms
2026-01-28 11:28:14,278 - Knowledge - INFO - persist search terms embedding for include/wld/wld_daemon.h
2026-01-28 11:28:14,450 - Knowledge - INFO - process ingested knowledge for /app/data/T0015/311196/b74521f/pwhm-226177/include/wld/wld_daemon.h
2026-01-28 11:28:14,648 - Knowledge - INFO - Found code-base-name: https://github.com/kavia-common/pwhm-226177.git:kavia-main
2026-01-28 11:28:14,812 - Knowledge - INFO - Found code_base: <app.utils.kg_build.knowledge.KnowledgeCodeBase object at 0x7fcfb397d7d0>
2026-01-28 11:28:15,047 - Knowledge - INFO - Found code-base-name: https://github.com/kavia-common/pwhm-226177.git:kavia-main
2026-01-28 11:28:15,217 - Knowledge - INFO - Found code_base: <app.utils.kg_build.knowledge.KnowledgeCodeBase object at 0x7fcfb397d7d0>
2026-01-28 11:28:15,430 - Knowledge - INFO - persist ingested knowledge for /app/data/T0015/311196/b74521f/pwhm-226177/test/test_securityConfig/test_securityConfig.c
2026-01-28 11:28:15,739 - Knowledge - INFO - [MONGODB_OP] Completed: persist, Collection: file_info, Duration: 87ms
2026-01-28 11:28:16,122 - Knowledge - INFO - [REDIS_OP] Completed: store_embedding, Key: test/test_securityConfig/test_securityConfig.c, Duration: 215ms
2026-01-28 11:28:16,319 - Knowledge - INFO - persist search terms embedding for test/test_securityConfig/test_securityConfig.c
2026-01-28 11:28:16,470 - Knowledge - INFO - process ingested knowledge for /app/data/T0015/311196/b74521f/pwhm-226177/test/test_securityConfig/test_securityConfig.c
2026-01-28 11:28:16,638 - Knowledge - INFO - Found code-base-name: https://github.com/kavia-common/pwhm-226177.git:kavia-main
2026-01-28 11:28:16,823 - Knowledge - INFO - Found code_base: <app.utils.kg_build.knowledge.KnowledgeCodeBase object at 0x7fcfb397d7d0>
2026-01-28 11:28:17,081 - Knowledge - INFO - Found code-base-name: https://github.com/kavia-common/pwhm-226177.git:kavia-main
2026-01-28 11:28:17,242 - Knowledge - INFO - Found code_base: <app.utils.kg_build.knowledge.KnowledgeCodeBase object at 0x7fcfb397d7d0>
2026-01-28 11:28:17,403 - Knowledge - INFO - persist ingested knowledge for /app/data/T0015/311196/b74521f/pwhm-226177/include/wld/wld_wpaCtrlGSock.h
2026-01-28 11:28:17,662 - Knowledge - INFO - [MONGODB_OP] Completed: persist, Collection: file_info, Duration: 93ms
2026-01-28 11:28:18,039 - Knowledge - INFO - [REDIS_OP] Completed: store_embedding, Key: include/wld/wld_wpaCtrlGSock.h, Duration: 221ms
2026-01-28 11:28:18,230 - Knowledge - INFO - persist search terms embedding for include/wld/wld_wpaCtrlGSock.h
2026-01-28 11:28:18,395 - Knowledge - INFO - process ingested knowledge for /app/data/T0015/311196/b74521f/pwhm-226177/include/wld/wld_wpaCtrlGSock.h
2026-01-28 11:28:18,557 - Knowledge - INFO - Found code-base-name: https://github.com/kavia-common/pwhm-226177.git:kavia-main
2026-01-28 11:28:18,735 - Knowledge - INFO - Found code_base: <app.utils.kg_build.knowledge.KnowledgeCodeBase object at 0x7fcfb397d7d0>
2026-01-28 11:28:18,972 - Knowledge - INFO - Found code-base-name: https://github.com/kavia-common/pwhm-226177.git:kavia-main
2026-01-28 11:28:19,134 - Knowledge - INFO - Found code_base: <app.utils.kg_build.knowledge.KnowledgeCodeBase object at 0x7fcfb397d7d0>
2026-01-28 11:28:19,295 - Knowledge - INFO - persist ingested knowledge for /app/data/T0015/311196/b74521f/pwhm-226177/src/nl80211/wld_nl80211_utils.c
2026-01-28 11:28:19,544 - Knowledge - INFO - [MONGODB_OP] Completed: persist, Collection: file_info, Duration: 97ms
2026-01-28 11:28:19,992 - Knowledge - INFO - [REDIS_OP] Completed: store_embedding, Key: src/nl80211/wld_nl80211_utils.c, Duration: 214ms
2026-01-28 11:28:20,137 - Knowledge - INFO - persist search terms embedding for src/nl80211/wld_nl80211_utils.c
2026-01-28 11:28:20,376 - Knowledge - INFO - process ingested knowledge for /app/data/T0015/311196/b74521f/pwhm-226177/src/nl80211/wld_nl80211_utils.c
2026-01-28 11:28:20,595 - Knowledge - INFO - Found code-base-name: https://github.com/kavia-common/pwhm-226177.git:kavia-main
2026-01-28 11:28:20,765 - Knowledge - INFO - Found code_base: <app.utils.kg_build.knowledge.KnowledgeCodeBase object at 0x7fcfb397d7d0>
2026-01-28 11:28:21,049 - Knowledge - INFO - Found code-base-name: https://github.com/kavia-common/pwhm-226177.git:kavia-main
2026-01-28 11:28:21,279 - Knowledge - INFO - Found code_base: <app.utils.kg_build.knowledge.KnowledgeCodeBase object at 0x7fcfb397d7d0>
2026-01-28 11:28:21,486 - Knowledge - INFO - persist ingested knowledge for /app/data/T0015/311196/b74521f/pwhm-226177/test/testStaStats/history4.txt
2026-01-28 11:28:21,798 - Knowledge - INFO - [MONGODB_OP] Completed: persist, Collection: file_info, Duration: 108ms
2026-01-28 11:28:22,238 - Knowledge - INFO - [REDIS_OP] Completed: store_embedding, Key: test/testStaStats/history4.txt, Duration: 260ms
2026-01-28 11:28:22,414 - Knowledge - INFO - persist search terms embedding for test/testStaStats/history4.txt
2026-01-28 11:28:22,588 - Knowledge - INFO - process ingested knowledge for /app/data/T0015/311196/b74521f/pwhm-226177/test/testStaStats/history4.txt
2026-01-28 11:28:22,795 - Knowledge - INFO - Found code-base-name: https://github.com/kavia-common/pwhm-226177.git:kavia-main
2026-01-28 11:28:22,968 - Knowledge - INFO - Found code_base: <app.utils.kg_build.knowledge.KnowledgeCodeBase object at 0x7fcfb397d7d0>
2026-01-28 11:28:23,226 - Knowledge - INFO - Found code-base-name: https://github.com/kavia-common/pwhm-226177.git:kavia-main
2026-01-28 11:28:23,437 - Knowledge - INFO - Found code_base: <app.utils.kg_build.knowledge.KnowledgeCodeBase object at 0x7fcfb397d7d0>
2026-01-28 11:28:23,609 - Knowledge - INFO - persist ingested knowledge for /app/data/T0015/311196/b74521f/pwhm-226177/src/ChannelManagement/wld_bgdfs.c
2026-01-28 11:28:23,887 - Knowledge - INFO - [MONGODB_OP] Completed: persist, Collection: file_info, Duration: 119ms
2026-01-28 11:28:29,582 - Knowledge - INFO - [REDIS_OP] Completed: store_embedding, Key: src/ChannelManagement/wld_bgdfs.c, Duration: 5532ms
2026-01-28 11:28:29,768 - Knowledge - INFO - persist search terms embedding for src/ChannelManagement/wld_bgdfs.c
2026-01-28 11:28:29,936 - Knowledge - INFO - process ingested knowledge for /app/data/T0015/311196/b74521f/pwhm-226177/src/ChannelManagement/wld_bgdfs.c
2026-01-28 11:28:30,105 - Knowledge - INFO - Found code-base-name: https://github.com/kavia-common/pwhm-226177.git:kavia-main
2026-01-28 11:28:30,264 - Knowledge - INFO - Found code_base: <app.utils.kg_build.knowledge.KnowledgeCodeBase object at 0x7fcfb397d7d0>
2026-01-28 11:28:30,484 - Knowledge - INFO - Found code-base-name: https://github.com/kavia-common/pwhm-226177.git:kavia-main
2026-01-28 11:28:30,647 - Knowledge - INFO - Found code_base: <app.utils.kg_build.knowledge.KnowledgeCodeBase object at 0x7fcfb397d7d0>
2026-01-28 11:28:30,811 - Knowledge - INFO - persist ingested knowledge for /app/data/T0015/311196/b74521f/pwhm-226177/baf.yml
2026-01-28 11:28:31,159 - Knowledge - INFO - [MONGODB_OP] Completed: persist, Collection: file_info, Duration: 108ms
2026-01-28 11:28:31,587 - Knowledge - INFO - [REDIS_OP] Completed: store_embedding, Key: baf.yml, Duration: 244ms
2026-01-28 11:28:31,758 - Knowledge - INFO - persist search terms embedding for baf.yml
2026-01-28 11:28:31,957 - Knowledge - INFO - process ingested knowledge for /app/data/T0015/311196/b74521f/pwhm-226177/baf.yml
2026-01-28 11:28:32,160 - Knowledge - INFO - Found code-base-name: https://github.com/kavia-common/pwhm-226177.git:kavia-main
2026-01-28 11:28:32,343 - Knowledge - INFO - Found code_base: <app.utils.kg_build.knowledge.KnowledgeCodeBase object at 0x7fcfb397d7d0>
2026-01-28 11:28:32,611 - Knowledge - INFO - Found code-base-name: https://github.com/kavia-common/pwhm-226177.git:kavia-main
2026-01-28 11:28:32,767 - Knowledge - INFO - Found code_base: <app.utils.kg_build.knowledge.KnowledgeCodeBase object at 0x7fcfb397d7d0>
2026-01-28 11:28:32,928 - Knowledge - INFO - persist ingested knowledge for /app/data/T0015/311196/b74521f/pwhm-226177/src/ApMgt/wld_ap_mldConfig.c
2026-01-28 11:28:33,183 - Knowledge - INFO - [MONGODB_OP] Completed: persist, Collection: file_info, Duration: 89ms
2026-01-28 11:28:33,614 - Knowledge - INFO - [REDIS_OP] Completed: store_embedding, Key: src/ApMgt/wld_ap_mldConfig.c, Duration: 220ms
2026-01-28 11:28:33,767 - Knowledge - INFO - persist search terms embedding for src/ApMgt/wld_ap_mldConfig.c
2026-01-28 11:28:33,939 - Knowledge - INFO - process ingested knowledge for /app/data/T0015/311196/b74521f/pwhm-226177/src/ApMgt/wld_ap_mldConfig.c
2026-01-28 11:28:34,143 - Knowledge - INFO - Found code-base-name: https://github.com/kavia-common/pwhm-226177.git:kavia-main
2026-01-28 11:28:34,323 - Knowledge - INFO - Found code_base: <app.utils.kg_build.knowledge.KnowledgeCodeBase object at 0x7fcfb397d7d0>
2026-01-28 11:28:34,635 - Knowledge - INFO - Found code-base-name: https://github.com/kavia-common/pwhm-226177.git:kavia-main
2026-01-28 11:28:34,798 - Knowledge - INFO - Found code_base: <app.utils.kg_build.knowledge.KnowledgeCodeBase object at 0x7fcfb397d7d0>
2026-01-28 11:28:34,958 - Knowledge - INFO - persist ingested knowledge for /app/data/T0015/311196/b74521f/pwhm-226177/src/RadMgt/wld_rad_caps.c
2026-01-28 11:28:35,238 - Knowledge - INFO - [MONGODB_OP] Completed: persist, Collection: file_info, Duration: 98ms
2026-01-28 11:28:35,674 - Knowledge - INFO - [REDIS_OP] Completed: store_embedding, Key: src/RadMgt/wld_rad_caps.c, Duration: 274ms
2026-01-28 11:28:35,850 - Knowledge - INFO - persist search terms embedding for src/RadMgt/wld_rad_caps.c
2026-01-28 11:28:36,032 - Knowledge - INFO - process ingested knowledge for /app/data/T0015/311196/b74521f/pwhm-226177/src/RadMgt/wld_rad_caps.c
2026-01-28 11:28:36,207 - Knowledge - INFO - Found code-base-name: https://github.com/kavia-common/pwhm-226177.git:kavia-main
2026-01-28 11:28:36,369 - Knowledge - INFO - Found code_base: <app.utils.kg_build.knowledge.KnowledgeCodeBase object at 0x7fcfb397d7d0>
2026-01-28 11:28:36,606 - Knowledge - INFO - Found code-base-name: https://github.com/kavia-common/pwhm-226177.git:kavia-main
2026-01-28 11:28:36,775 - Knowledge - INFO - Found code_base: <app.utils.kg_build.knowledge.KnowledgeCodeBase object at 0x7fcfb397d7d0>
2026-01-28 11:28:36,927 - Knowledge - INFO - persist ingested knowledge for /app/data/T0015/311196/b74521f/pwhm-226177/src/nl80211/wld_ap_nl80211.c
2026-01-28 11:28:37,236 - Knowledge - INFO - [MONGODB_OP] Completed: persist, Collection: file_info, Duration: 102ms
2026-01-28 11:28:37,601 - Knowledge - INFO - [REDIS_OP] Completed: store_embedding, Key: src/nl80211/wld_ap_nl80211.c, Duration: 203ms
2026-01-28 11:28:37,771 - Knowledge - INFO - persist search terms embedding for src/nl80211/wld_ap_nl80211.c
2026-01-28 11:28:37,929 - Knowledge - INFO - process ingested knowledge for /app/data/T0015/311196/b74521f/pwhm-226177/src/nl80211/wld_ap_nl80211.c
2026-01-28 11:28:38,103 - Knowledge - INFO - Found code-base-name: https://github.com/kavia-common/pwhm-226177.git:kavia-main
2026-01-28 11:28:38,291 - Knowledge - INFO - Found code_base: <app.utils.kg_build.knowledge.KnowledgeCodeBase object at 0x7fcfb397d7d0>
2026-01-28 11:28:38,543 - Knowledge - INFO - Found code-base-name: https://github.com/kavia-common/pwhm-226177.git:kavia-main
2026-01-28 11:28:38,726 - Knowledge - INFO - Found code_base: <app.utils.kg_build.knowledge.KnowledgeCodeBase object at 0x7fcfb397d7d0>
2026-01-28 11:28:38,883 - Knowledge - INFO - persist ingested knowledge for /app/data/T0015/311196/b74521f/pwhm-226177/src/RadMgt/wld_rad_ifMgt.c
2026-01-28 11:28:39,149 - Knowledge - INFO - [MONGODB_OP] Completed: persist, Collection: file_info, Duration: 89ms
2026-01-28 11:28:39,607 - Knowledge - INFO - [REDIS_OP] Completed: store_embedding, Key: src/RadMgt/wld_rad_ifMgt.c, Duration: 250ms
2026-01-28 11:28:39,774 - Knowledge - INFO - persist search terms embedding for src/RadMgt/wld_rad_ifMgt.c
2026-01-28 11:28:39,939 - Knowledge - INFO - process ingested knowledge for /app/data/T0015/311196/b74521f/pwhm-226177/src/RadMgt/wld_rad_ifMgt.c
2026-01-28 11:28:40,113 - Knowledge - INFO - Found code-base-name: https://github.com/kavia-common/pwhm-226177.git:kavia-main
2026-01-28 11:28:40,288 - Knowledge - INFO - Found code_base: <app.utils.kg_build.knowledge.KnowledgeCodeBase object at 0x7fcfb397d7d0>
2026-01-28 11:28:40,553 - Knowledge - INFO - Found code-base-name: https://github.com/kavia-common/pwhm-226177.git:kavia-main
2026-01-28 11:28:40,722 - Knowledge - INFO - Found code_base: <app.utils.kg_build.knowledge.KnowledgeCodeBase object at 0x7fcfb397d7d0>
2026-01-28 11:28:40,924 - Knowledge - INFO - persist ingested knowledge for /app/data/T0015/311196/b74521f/pwhm-226177/src/nl80211/wld_hostapd_cfgFile.c
2026-01-28 11:28:41,193 - Knowledge - INFO - [MONGODB_OP] Completed: persist, Collection: file_info, Duration: 88ms
2026-01-28 11:28:41,546 - Knowledge - INFO - [REDIS_OP] Completed: store_embedding, Key: src/nl80211/wld_hostapd_cfgFile.c, Duration: 182ms
2026-01-28 11:28:41,724 - Knowledge - INFO - persist search terms embedding for src/nl80211/wld_hostapd_cfgFile.c
2026-01-28 11:28:41,913 - Knowledge - INFO - process ingested knowledge for /app/data/T0015/311196/b74521f/pwhm-226177/src/nl80211/wld_hostapd_cfgFile.c
2026-01-28 11:28:42,126 - Knowledge - INFO - Found code-base-name: https://github.com/kavia-common/pwhm-226177.git:kavia-main
2026-01-28 11:28:42,276 - Knowledge - INFO - Found code_base: <app.utils.kg_build.knowledge.KnowledgeCodeBase object at 0x7fcfb397d7d0>
2026-01-28 11:28:42,584 - Knowledge - INFO - Found code-base-name: https://github.com/kavia-common/pwhm-226177.git:kavia-main
2026-01-28 11:28:42,740 - Knowledge - INFO - Found code_base: <app.utils.kg_build.knowledge.KnowledgeCodeBase object at 0x7fcfb397d7d0>
2026-01-28 11:28:42,929 - Knowledge - INFO - persist ingested knowledge for /app/data/T0015/311196/b74521f/pwhm-226177/src/wld_sensing.c
2026-01-28 11:28:43,245 - Knowledge - INFO - [MONGODB_OP] Completed: persist, Collection: file_info, Duration: 100ms
2026-01-28 11:28:43,721 - Knowledge - INFO - [REDIS_OP] Completed: store_embedding, Key: src/wld_sensing.c, Duration: 272ms
2026-01-28 11:28:43,879 - Knowledge - INFO - persist search terms embedding for src/wld_sensing.c
2026-01-28 11:28:44,083 - Knowledge - INFO - process ingested knowledge for /app/data/T0015/311196/b74521f/pwhm-226177/src/wld_sensing.c
2026-01-28 11:28:44,254 - Knowledge - INFO - Found code-base-name: https://github.com/kavia-common/pwhm-226177.git:kavia-main
2026-01-28 11:28:44,407 - Knowledge - INFO - Found code_base: <app.utils.kg_build.knowledge.KnowledgeCodeBase object at 0x7fcfb397d7d0>
2026-01-28 11:28:44,645 - Knowledge - INFO - Found code-base-name: https://github.com/kavia-common/pwhm-226177.git:kavia-main
2026-01-28 11:28:44,827 - Knowledge - INFO - Found code_base: <app.utils.kg_build.knowledge.KnowledgeCodeBase object at 0x7fcfb397d7d0>
2026-01-28 11:28:45,016 - Knowledge - INFO - persist ingested knowledge for /app/data/T0015/311196/b74521f/pwhm-226177/test/testScanSsid/ScanResults-5g-4.txt
2026-01-28 11:28:45,318 - Knowledge - INFO - [MONGODB_OP] Completed: persist, Collection: file_info, Duration: 129ms
2026-01-28 11:28:45,744 - Knowledge - INFO - [REDIS_OP] Completed: store_embedding, Key: test/testScanSsid/ScanResults-5g-4.txt, Duration: 267ms
2026-01-28 11:28:45,938 - Knowledge - INFO - persist search terms embedding for test/testScanSsid/ScanResults-5g-4.txt
2026-01-28 11:28:46,133 - Knowledge - INFO - process ingested knowledge for /app/data/T0015/311196/b74521f/pwhm-226177/test/testScanSsid/ScanResults-5g-4.txt
2026-01-28 11:28:46,314 - Knowledge - INFO - Found code-base-name: https://github.com/kavia-common/pwhm-226177.git:kavia-main
2026-01-28 11:28:46,483 - Knowledge - INFO - Found code_base: <app.utils.kg_build.knowledge.KnowledgeCodeBase object at 0x7fcfb397d7d0>
2026-01-28 11:28:46,718 - Knowledge - INFO - Found code-base-name: https://github.com/kavia-common/pwhm-226177.git:kavia-main
2026-01-28 11:28:46,872 - Knowledge - INFO - Found code_base: <app.utils.kg_build.knowledge.KnowledgeCodeBase object at 0x7fcfb397d7d0>
2026-01-28 11:28:47,077 - Knowledge - INFO - persist ingested knowledge for /app/data/T0015/311196/b74521f/pwhm-226177/include/wld/wld_linuxIfUtils.h
2026-01-28 11:28:47,390 - Knowledge - INFO - [MONGODB_OP] Completed: persist, Collection: file_info, Duration: 87ms
2026-01-28 11:28:47,772 - Knowledge - INFO - [REDIS_OP] Completed: store_embedding, Key: include/wld/wld_linuxIfUtils.h, Duration: 211ms
2026-01-28 11:28:47,944 - Knowledge - INFO - persist search terms embedding for include/wld/wld_linuxIfUtils.h
2026-01-28 11:28:48,108 - Knowledge - INFO - process ingested knowledge for /app/data/T0015/311196/b74521f/pwhm-226177/include/wld/wld_linuxIfUtils.h
2026-01-28 11:28:48,325 - Knowledge - INFO - Found code-base-name: https://github.com/kavia-common/pwhm-226177.git:kavia-main
2026-01-28 11:28:48,519 - Knowledge - INFO - Found code_base: <app.utils.kg_build.knowledge.KnowledgeCodeBase object at 0x7fcfb397d7d0>
2026-01-28 11:28:48,791 - Knowledge - INFO - Found code-base-name: https://github.com/kavia-common/pwhm-226177.git:kavia-main
2026-01-28 11:28:48,954 - Knowledge - INFO - Found code_base: <app.utils.kg_build.knowledge.KnowledgeCodeBase object at 0x7fcfb397d7d0>
2026-01-28 11:28:49,135 - Knowledge - INFO - persist ingested knowledge for /app/data/T0015/311196/b74521f/pwhm-226177/include/wld/wld_nl80211_attr.h
2026-01-28 11:28:49,405 - Knowledge - INFO - [MONGODB_OP] Completed: persist, Collection: file_info, Duration: 91ms
2026-01-28 11:28:49,808 - Knowledge - INFO - [REDIS_OP] Completed: store_embedding, Key: include/wld/wld_nl80211_attr.h, Duration: 186ms
2026-01-28 11:28:50,006 - Knowledge - INFO - persist search terms embedding for include/wld/wld_nl80211_attr.h
2026-01-28 11:28:50,199 - Knowledge - INFO - process ingested knowledge for /app/data/T0015/311196/b74521f/pwhm-226177/include/wld/wld_nl80211_attr.h
2026-01-28 11:28:50,387 - Knowledge - INFO - Found code-base-name: https://github.com/kavia-common/pwhm-226177.git:kavia-main
2026-01-28 11:28:50,612 - Knowledge - INFO - Found code_base: <app.utils.kg_build.knowledge.KnowledgeCodeBase object at 0x7fcfb397d7d0>
2026-01-28 11:28:50,918 - Knowledge - INFO - Found code-base-name: https://github.com/kavia-common/pwhm-226177.git:kavia-main
2026-01-28 11:28:51,091 - Knowledge - INFO - Found code_base: <app.utils.kg_build.knowledge.KnowledgeCodeBase object at 0x7fcfb397d7d0>
2026-01-28 11:28:51,260 - Knowledge - INFO - persist ingested knowledge for /app/data/T0015/311196/b74521f/pwhm-226177/src/Plugin/wifiGen_vap.c
2026-01-28 11:28:51,540 - Knowledge - INFO - [MONGODB_OP] Completed: persist, Collection: file_info, Duration: 102ms
2026-01-28 11:28:51,981 - Knowledge - INFO - [REDIS_OP] Completed: store_embedding, Key: src/Plugin/wifiGen_vap.c, Duration: 229ms
2026-01-28 11:28:52,157 - Knowledge - INFO - persist search terms embedding for src/Plugin/wifiGen_vap.c
2026-01-28 11:28:52,369 - Knowledge - INFO - process ingested knowledge for /app/data/T0015/311196/b74521f/pwhm-226177/src/Plugin/wifiGen_vap.c
2026-01-28 11:28:52,582 - Knowledge - INFO - Found code-base-name: https://github.com/kavia-common/pwhm-226177.git:kavia-main
2026-01-28 11:28:52,743 - Knowledge - INFO - Found code_base: <app.utils.kg_build.knowledge.KnowledgeCodeBase object at 0x7fcfb397d7d0>
2026-01-28 11:28:53,065 - Knowledge - INFO - Found code-base-name: https://github.com/kavia-common/pwhm-226177.git:kavia-main
2026-01-28 11:28:53,245 - Knowledge - INFO - Found code_base: <app.utils.kg_build.knowledge.KnowledgeCodeBase object at 0x7fcfb397d7d0>
2026-01-28 11:28:53,415 - Knowledge - INFO - persist ingested knowledge for /app/data/T0015/311196/b74521f/pwhm-226177/scripts/debug_wifi.sh
2026-01-28 11:28:53,775 - Knowledge - INFO - [MONGODB_OP] Completed: persist, Collection: file_info, Duration: 162ms
2026-01-28 11:28:54,191 - Knowledge - INFO - [REDIS_OP] Completed: store_embedding, Key: scripts/debug_wifi.sh, Duration: 239ms
2026-01-28 11:28:54,431 - Knowledge - INFO - persist search terms embedding for scripts/debug_wifi.sh
2026-01-28 11:28:54,593 - Knowledge - INFO - process ingested knowledge for /app/data/T0015/311196/b74521f/pwhm-226177/scripts/debug_wifi.sh
2026-01-28 11:28:54,762 - Knowledge - INFO - Found code-base-name: https://github.com/kavia-common/pwhm-226177.git:kavia-main
2026-01-28 11:28:54,937 - Knowledge - INFO - Found code_base: <app.utils.kg_build.knowledge.KnowledgeCodeBase object at 0x7fcfb397d7d0>
2026-01-28 11:28:55,236 - Knowledge - INFO - Found code-base-name: https://github.com/kavia-common/pwhm-226177.git:kavia-main
2026-01-28 11:28:55,444 - Knowledge - INFO - Found code_base: <app.utils.kg_build.knowledge.KnowledgeCodeBase object at 0x7fcfb397d7d0>
2026-01-28 11:28:55,613 - Knowledge - INFO - persist ingested knowledge for /app/data/T0015/311196/b74521f/pwhm-226177/test/testStaStats/history0.txt
2026-01-28 11:28:55,893 - Knowledge - INFO - [MONGODB_OP] Completed: persist, Collection: file_info, Duration: 111ms
2026-01-28 11:28:56,397 - Knowledge - INFO - [REDIS_OP] Completed: store_embedding, Key: test/testStaStats/history0.txt, Duration: 350ms
2026-01-28 11:28:56,583 - Knowledge - INFO - persist search terms embedding for test/testStaStats/history0.txt
2026-01-28 11:28:56,749 - Knowledge - INFO - process ingested knowledge for /app/data/T0015/311196/b74521f/pwhm-226177/test/testStaStats/history0.txt
2026-01-28 11:28:56,928 - Knowledge - INFO - Found code-base-name: https://github.com/kavia-common/pwhm-226177.git:kavia-main
2026-01-28 11:28:57,078 - Knowledge - INFO - Found code_base: <app.utils.kg_build.knowledge.KnowledgeCodeBase object at 0x7fcfb397d7d0>
2026-01-28 11:28:57,326 - Knowledge - INFO - Found code-base-name: https://github.com/kavia-common/pwhm-226177.git:kavia-main
2026-01-28 11:28:57,506 - Knowledge - INFO - Found code_base: <app.utils.kg_build.knowledge.KnowledgeCodeBase object at 0x7fcfb397d7d0>
2026-01-28 11:28:57,693 - Knowledge - INFO - persist ingested knowledge for /app/data/T0015/311196/b74521f/pwhm-226177/src/ChannelManagement/wld_chanmgt.c
2026-01-28 11:28:57,958 - Knowledge - INFO - [MONGODB_OP] Completed: persist, Collection: file_info, Duration: 87ms
2026-01-28 11:28:58,427 - Knowledge - INFO - [REDIS_OP] Completed: store_embedding, Key: src/ChannelManagement/wld_chanmgt.c, Duration: 263ms
2026-01-28 11:28:58,591 - Knowledge - INFO - persist search terms embedding for src/ChannelManagement/wld_chanmgt.c
2026-01-28 11:28:58,791 - Knowledge - INFO - process ingested knowledge for /app/data/T0015/311196/b74521f/pwhm-226177/src/ChannelManagement/wld_chanmgt.c
2026-01-28 11:28:58,966 - Knowledge - INFO - Found code-base-name: https://github.com/kavia-common/pwhm-226177.git:kavia-main
2026-01-28 11:28:59,118 - Knowledge - INFO - Found code_base: <app.utils.kg_build.knowledge.KnowledgeCodeBase object at 0x7fcfb397d7d0>
2026-01-28 11:28:59,406 - Knowledge - INFO - Found code-base-name: https://github.com/kavia-common/pwhm-226177.git:kavia-main
2026-01-28 11:28:59,569 - Knowledge - INFO - Found code_base: <app.utils.kg_build.knowledge.KnowledgeCodeBase object at 0x7fcfb397d7d0>
2026-01-28 11:28:59,782 - Knowledge - INFO - persist ingested knowledge for /app/data/T0015/311196/b74521f/pwhm-226177/src/nl80211/wld_rad_hostapd_api.c
2026-01-28 11:29:00,052 - Knowledge - INFO - [MONGODB_OP] Completed: persist, Collection: file_info, Duration: 102ms
2026-01-28 11:29:00,431 - Knowledge - INFO - [REDIS_OP] Completed: store_embedding, Key: src/nl80211/wld_rad_hostapd_api.c, Duration: 206ms
2026-01-28 11:29:00,623 - Knowledge - INFO - persist search terms embedding for src/nl80211/wld_rad_hostapd_api.c
2026-01-28 11:29:00,784 - Knowledge - INFO - process ingested knowledge for /app/data/T0015/311196/b74521f/pwhm-226177/src/nl80211/wld_rad_hostapd_api.c
2026-01-28 11:29:00,938 - Knowledge - INFO - Found code-base-name: https://github.com/kavia-common/pwhm-226177.git:kavia-main
2026-01-28 11:29:01,093 - Knowledge - INFO - Found code_base: <app.utils.kg_build.knowledge.KnowledgeCodeBase object at 0x7fcfb397d7d0>
2026-01-28 11:29:01,353 - Knowledge - INFO - Found code-base-name: https://github.com/kavia-common/pwhm-226177.git:kavia-main
2026-01-28 11:29:01,559 - Knowledge - INFO - Found code_base: <app.utils.kg_build.knowledge.KnowledgeCodeBase object at 0x7fcfb397d7d0>
2026-01-28 11:29:01,726 - Knowledge - INFO - persist ingested knowledge for /app/data/T0015/311196/b74521f/pwhm-226177/src/nl80211/wld_nl80211_parser.c
2026-01-28 11:29:01,972 - Knowledge - INFO - [MONGODB_OP] Completed: persist, Collection: file_info, Duration: 87ms
2026-01-28 11:29:02,360 - Knowledge - INFO - [REDIS_OP] Completed: store_embedding, Key: src/nl80211/wld_nl80211_parser.c, Duration: 233ms
2026-01-28 11:29:02,517 - Knowledge - INFO - persist search terms embedding for src/nl80211/wld_nl80211_parser.c
2026-01-28 11:29:02,683 - Knowledge - INFO - process ingested knowledge for /app/data/T0015/311196/b74521f/pwhm-226177/src/nl80211/wld_nl80211_parser.c
2026-01-28 11:29:02,846 - Knowledge - INFO - Found code-base-name: https://github.com/kavia-common/pwhm-226177.git:kavia-main
2026-01-28 11:29:03,014 - Knowledge - INFO - Found code_base: <app.utils.kg_build.knowledge.KnowledgeCodeBase object at 0x7fcfb397d7d0>
2026-01-28 11:29:03,259 - Knowledge - INFO - Found code-base-name: https://github.com/kavia-common/pwhm-226177.git:kavia-main
2026-01-28 11:29:03,430 - Knowledge - INFO - Found code_base: <app.utils.kg_build.knowledge.KnowledgeCodeBase object at 0x7fcfb397d7d0>
2026-01-28 11:29:03,600 - Knowledge - INFO - persist ingested knowledge for /app/data/T0015/311196/b74521f/pwhm-226177/src/Plugin/wifiGen_rad.c
2026-01-28 11:29:03,854 - Knowledge - INFO - [MONGODB_OP] Completed: persist, Collection: file_info, Duration: 88ms
2026-01-28 11:29:04,515 - Knowledge - INFO - [REDIS_OP] Completed: store_embedding, Key: src/Plugin/wifiGen_rad.c, Duration: 500ms
2026-01-28 11:29:04,735 - Knowledge - INFO - persist search terms embedding for src/Plugin/wifiGen_rad.c
2026-01-28 11:29:04,901 - Knowledge - INFO - process ingested knowledge for /app/data/T0015/311196/b74521f/pwhm-226177/src/Plugin/wifiGen_rad.c
2026-01-28 11:29:05,066 - Knowledge - INFO - Found code-base-name: https://github.com/kavia-common/pwhm-226177.git:kavia-main
2026-01-28 11:29:05,246 - Knowledge - INFO - Found code_base: <app.utils.kg_build.knowledge.KnowledgeCodeBase object at 0x7fcfb397d7d0>
2026-01-28 11:29:05,499 - Knowledge - INFO - Found code-base-name: https://github.com/kavia-common/pwhm-226177.git:kavia-main
2026-01-28 11:29:05,664 - Knowledge - INFO - Found code_base: <app.utils.kg_build.knowledge.KnowledgeCodeBase object at 0x7fcfb397d7d0>
2026-01-28 11:29:05,853 - Knowledge - INFO - persist ingested knowledge for /app/data/T0015/311196/b74521f/pwhm-226177/include_priv/Plugin/wifiGen_fsm.h
2026-01-28 11:29:06,161 - Knowledge - INFO - [MONGODB_OP] Completed: persist, Collection: file_info, Duration: 106ms
2026-01-28 11:29:06,581 - Knowledge - INFO - [REDIS_OP] Completed: store_embedding, Key: include_priv/Plugin/wifiGen_fsm.h, Duration: 251ms
2026-01-28 11:29:06,734 - Knowledge - INFO - persist search terms embedding for include_priv/Plugin/wifiGen_fsm.h
2026-01-28 11:29:06,915 - Knowledge - INFO - process ingested knowledge for /app/data/T0015/311196/b74521f/pwhm-226177/include_priv/Plugin/wifiGen_fsm.h
2026-01-28 11:29:07,076 - Knowledge - INFO - Found code-base-name: https://github.com/kavia-common/pwhm-226177.git:kavia-main
2026-01-28 11:29:07,251 - Knowledge - INFO - Found code_base: <app.utils.kg_build.knowledge.KnowledgeCodeBase object at 0x7fcfb397d7d0>
2026-01-28 11:29:07,527 - Knowledge - INFO - Found code-base-name: https://github.com/kavia-common/pwhm-226177.git:kavia-main
2026-01-28 11:29:07,695 - Knowledge - INFO - Found code_base: <app.utils.kg_build.knowledge.KnowledgeCodeBase object at 0x7fcfb397d7d0>
2026-01-28 11:29:07,877 - Knowledge - INFO - persist ingested knowledge for /app/data/T0015/311196/b74521f/pwhm-226177/test/testStaStats/assocNot/not_9.txt
2026-01-28 11:29:08,184 - Knowledge - INFO - [MONGODB_OP] Completed: persist, Collection: file_info, Duration: 110ms
2026-01-28 11:29:08,775 - Knowledge - INFO - [REDIS_OP] Completed: store_embedding, Key: test/testStaStats/assocNot/not_9.txt, Duration: 440ms
2026-01-28 11:29:08,932 - Knowledge - INFO - persist search terms embedding for test/testStaStats/assocNot/not_9.txt
2026-01-28 11:29:09,107 - Knowledge - INFO - process ingested knowledge for /app/data/T0015/311196/b74521f/pwhm-226177/test/testStaStats/assocNot/not_9.txt
2026-01-28 11:29:09,278 - Knowledge - INFO - Found code-base-name: https://github.com/kavia-common/pwhm-226177.git:kavia-main
2026-01-28 11:29:09,426 - Knowledge - INFO - Found code_base: <app.utils.kg_build.knowledge.KnowledgeCodeBase object at 0x7fcfb397d7d0>
2026-01-28 11:29:09,672 - Knowledge - INFO - Found code-base-name: https://github.com/kavia-common/pwhm-226177.git:kavia-main
2026-01-28 11:29:09,879 - Knowledge - INFO - Found code_base: <app.utils.kg_build.knowledge.KnowledgeCodeBase object at 0x7fcfb397d7d0>
2026-01-28 11:29:10,050 - Knowledge - INFO - persist ingested knowledge for /app/data/T0015/311196/b74521f/pwhm-226177/test/testHelper/wld_th_ep.c
2026-01-28 11:29:10,321 - Knowledge - INFO - [MONGODB_OP] Completed: persist, Collection: file_info, Duration: 106ms
2026-01-28 11:29:10,693 - Knowledge - INFO - [REDIS_OP] Completed: store_embedding, Key: test/testHelper/wld_th_ep.c, Duration: 192ms
2026-01-28 11:29:10,861 - Knowledge - INFO - persist search terms embedding for test/testHelper/wld_th_ep.c
2026-01-28 11:29:11,057 - Knowledge - INFO - process ingested knowledge for /app/data/T0015/311196/b74521f/pwhm-226177/test/testHelper/wld_th_ep.c
2026-01-28 11:29:11,236 - Knowledge - INFO - Found code-base-name: https://github.com/kavia-common/pwhm-226177.git:kavia-main
2026-01-28 11:29:11,428 - Knowledge - INFO - Found code_base: <app.utils.kg_build.knowledge.KnowledgeCodeBase object at 0x7fcfb397d7d0>
2026-01-28 11:29:11,693 - Knowledge - INFO - Found code-base-name: https://github.com/kavia-common/pwhm-226177.git:kavia-main
2026-01-28 11:29:11,863 - Knowledge - INFO - Found code_base: <app.utils.kg_build.knowledge.KnowledgeCodeBase object at 0x7fcfb397d7d0>
2026-01-28 11:29:12,025 - Knowledge - INFO - persist ingested knowledge for /app/data/T0015/311196/b74521f/pwhm-226177/src/Utils/wld_dmnMgt.c
2026-01-28 11:29:12,288 - Knowledge - INFO - [MONGODB_OP] Completed: persist, Collection: file_info, Duration: 95ms
2026-01-28 11:29:12,695 - Knowledge - INFO - [REDIS_OP] Completed: store_embedding, Key: src/Utils/wld_dmnMgt.c, Duration: 227ms
2026-01-28 11:29:12,943 - Knowledge - INFO - persist search terms embedding for src/Utils/wld_dmnMgt.c
2026-01-28 11:29:13,111 - Knowledge - INFO - process ingested knowledge for /app/data/T0015/311196/b74521f/pwhm-226177/src/Utils/wld_dmnMgt.c
2026-01-28 11:29:13,314 - Knowledge - INFO - Found code-base-name: https://github.com/kavia-common/pwhm-226177.git:kavia-main
2026-01-28 11:29:13,503 - Knowledge - INFO - Found code_base: <app.utils.kg_build.knowledge.KnowledgeCodeBase object at 0x7fcfb397d7d0>
2026-01-28 11:29:13,772 - Knowledge - INFO - Found code-base-name: https://github.com/kavia-common/pwhm-226177.git:kavia-main
2026-01-28 11:29:13,964 - Knowledge - INFO - Found code_base: <app.utils.kg_build.knowledge.KnowledgeCodeBase object at 0x7fcfb397d7d0>
2026-01-28 11:29:14,135 - Knowledge - INFO - persist ingested knowledge for /app/data/T0015/311196/b74521f/pwhm-226177/include/wld/wld_eventing.h
2026-01-28 11:29:14,394 - Knowledge - INFO - [MONGODB_OP] Completed: persist, Collection: file_info, Duration: 95ms
2026-01-28 11:29:14,773 - Knowledge - INFO - [REDIS_OP] Completed: store_embedding, Key: include/wld/wld_eventing.h, Duration: 226ms
2026-01-28 11:29:14,949 - Knowledge - INFO - persist search terms embedding for include/wld/wld_eventing.h
2026-01-28 11:29:15,145 - Knowledge - INFO - process ingested knowledge for /app/data/T0015/311196/b74521f/pwhm-226177/include/wld/wld_eventing.h
2026-01-28 11:29:15,329 - Knowledge - INFO - Found code-base-name: https://github.com/kavia-common/pwhm-226177.git:kavia-main
2026-01-28 11:29:15,510 - Knowledge - INFO - Found code_base: <app.utils.kg_build.knowledge.KnowledgeCodeBase object at 0x7fcfb397d7d0>
2026-01-28 11:29:15,802 - Knowledge - INFO - Found code-base-name: https://github.com/kavia-common/pwhm-226177.git:kavia-main
2026-01-28 11:29:15,965 - Knowledge - INFO - Found code_base: <app.utils.kg_build.knowledge.KnowledgeCodeBase object at 0x7fcfb397d7d0>
2026-01-28 11:29:16,124 - Knowledge - INFO - persist ingested knowledge for /app/data/T0015/311196/b74521f/pwhm-226177/test/testStaStats/deauthNot/notif_8.txt
2026-01-28 11:29:16,376 - Knowledge - INFO - [MONGODB_OP] Completed: persist, Collection: file_info, Duration: 92ms
2026-01-28 11:29:16,709 - Knowledge - INFO - [REDIS_OP] Completed: store_embedding, Key: test/testStaStats/deauthNot/notif_8.txt, Duration: 167ms
2026-01-28 11:29:16,864 - Knowledge - INFO - persist search terms embedding for test/testStaStats/deauthNot/notif_8.txt
2026-01-28 11:29:17,051 - Knowledge - INFO - process ingested knowledge for /app/data/T0015/311196/b74521f/pwhm-226177/test/testStaStats/deauthNot/notif_8.txt
2026-01-28 11:29:17,242 - Knowledge - INFO - Found code-base-name: https://github.com/kavia-common/pwhm-226177.git:kavia-main
2026-01-28 11:29:17,410 - Knowledge - INFO - Found code_base: <app.utils.kg_build.knowledge.KnowledgeCodeBase object at 0x7fcfb397d7d0>
2026-01-28 11:29:17,665 - Knowledge - INFO - Found code-base-name: https://github.com/kavia-common/pwhm-226177.git:kavia-main
2026-01-28 11:29:17,819 - Knowledge - INFO - Found code_base: <app.utils.kg_build.knowledge.KnowledgeCodeBase object at 0x7fcfb397d7d0>
2026-01-28 11:29:18,057 - Knowledge - INFO - persist ingested knowledge for /app/data/T0015/311196/b74521f/pwhm-226177/include_priv/nl80211/wld_wpaCtrlMngr_priv.h
2026-01-28 11:29:18,336 - Knowledge - INFO - [MONGODB_OP] Completed: persist, Collection: file_info, Duration: 98ms
2026-01-28 11:29:18,785 - Knowledge - INFO - [REDIS_OP] Completed: store_embedding, Key: include_priv/nl80211/wld_wpaCtrlMngr_priv.h, Duration: 281ms
2026-01-28 11:29:19,004 - Knowledge - INFO - persist search terms embedding for include_priv/nl80211/wld_wpaCtrlMngr_priv.h
2026-01-28 11:29:19,264 - Knowledge - INFO - process ingested knowledge for /app/data/T0015/311196/b74521f/pwhm-226177/include_priv/nl80211/wld_wpaCtrlMngr_priv.h
2026-01-28 11:29:19,502 - Knowledge - INFO - Found code-base-name: https://github.com/kavia-common/pwhm-226177.git:kavia-main
2026-01-28 11:29:19,674 - Knowledge - INFO - Found code_base: <app.utils.kg_build.knowledge.KnowledgeCodeBase object at 0x7fcfb397d7d0>
2026-01-28 11:29:19,934 - Knowledge - INFO - Found code-base-name: https://github.com/kavia-common/pwhm-226177.git:kavia-main
2026-01-28 11:29:20,116 - Knowledge - INFO - Found code_base: <app.utils.kg_build.knowledge.KnowledgeCodeBase object at 0x7fcfb397d7d0>
2026-01-28 11:29:20,273 - Knowledge - INFO - persist ingested knowledge for /app/data/T0015/311196/b74521f/pwhm-226177/src/VendorModule/wld_vendorModule.c
2026-01-28 11:29:20,559 - Knowledge - INFO - [MONGODB_OP] Completed: persist, Collection: file_info, Duration: 103ms
2026-01-28 11:29:20,964 - Knowledge - INFO - [REDIS_OP] Completed: store_embedding, Key: src/VendorModule/wld_vendorModule.c, Duration: 231ms
2026-01-28 11:29:21,166 - Knowledge - INFO - persist search terms embedding for src/VendorModule/wld_vendorModule.c
2026-01-28 11:29:21,336 - Knowledge - INFO - process ingested knowledge for /app/data/T0015/311196/b74521f/pwhm-226177/src/VendorModule/wld_vendorModule.c
2026-01-28 11:29:21,522 - Knowledge - INFO - Found code-base-name: https://github.com/kavia-common/pwhm-226177.git:kavia-main
2026-01-28 11:29:21,696 - Knowledge - INFO - Found code_base: <app.utils.kg_build.knowledge.KnowledgeCodeBase object at 0x7fcfb397d7d0>
2026-01-28 11:29:21,934 - Knowledge - INFO - Found code-base-name: https://github.com/kavia-common/pwhm-226177.git:kavia-main
2026-01-28 11:29:22,125 - Knowledge - INFO - Found code_base: <app.utils.kg_build.knowledge.KnowledgeCodeBase object at 0x7fcfb397d7d0>
2026-01-28 11:29:22,290 - Knowledge - INFO - persist ingested knowledge for /app/data/T0015/311196/b74521f/pwhm-226177/src/wld_bStaMld.c
2026-01-28 11:29:22,551 - Knowledge - INFO - [MONGODB_OP] Completed: persist, Collection: file_info, Duration: 84ms
2026-01-28 11:29:22,953 - Knowledge - INFO - [REDIS_OP] Completed: store_embedding, Key: src/wld_bStaMld.c, Duration: 196ms
2026-01-28 11:29:23,118 - Knowledge - INFO - persist search terms embedding for src/wld_bStaMld.c
2026-01-28 11:29:23,314 - Knowledge - INFO - process ingested knowledge for /app/data/T0015/311196/b74521f/pwhm-226177/src/wld_bStaMld.c
2026-01-28 11:29:23,497 - Knowledge - INFO - Found code-base-name: https://github.com/kavia-common/pwhm-226177.git:kavia-main
2026-01-28 11:29:23,666 - Knowledge - INFO - Found code_base: <app.utils.kg_build.knowledge.KnowledgeCodeBase object at 0x7fcfb397d7d0>
2026-01-28 11:29:23,950 - Knowledge - INFO - Found code-base-name: https://github.com/kavia-common/pwhm-226177.git:kavia-main
2026-01-28 11:29:24,116 - Knowledge - INFO - Found code_base: <app.utils.kg_build.knowledge.KnowledgeCodeBase object at 0x7fcfb397d7d0>
2026-01-28 11:29:24,276 - Knowledge - INFO - persist ingested knowledge for /app/data/T0015/311196/b74521f/pwhm-226177/test/testStaStats/data0.txt
2026-01-28 11:29:24,572 - Knowledge - INFO - [MONGODB_OP] Completed: persist, Collection: file_info, Duration: 103ms
2026-01-28 11:29:25,045 - Knowledge - INFO - [REDIS_OP] Completed: store_embedding, Key: test/testStaStats/data0.txt, Duration: 295ms
2026-01-28 11:29:25,199 - Knowledge - INFO - persist search terms embedding for test/testStaStats/data0.txt
2026-01-28 11:29:25,364 - Knowledge - INFO - process ingested knowledge for /app/data/T0015/311196/b74521f/pwhm-226177/test/testStaStats/data0.txt
2026-01-28 11:29:25,545 - Knowledge - INFO - Found code-base-name: https://github.com/kavia-common/pwhm-226177.git:kavia-main
2026-01-28 11:29:25,716 - Knowledge - INFO - Found code_base: <app.utils.kg_build.knowledge.KnowledgeCodeBase object at 0x7fcfb397d7d0>
2026-01-28 11:29:25,997 - Knowledge - INFO - Found code-base-name: https://github.com/kavia-common/pwhm-226177.git:kavia-main
2026-01-28 11:29:26,156 - Knowledge - INFO - Found code_base: <app.utils.kg_build.knowledge.KnowledgeCodeBase object at 0x7fcfb397d7d0>
2026-01-28 11:29:26,313 - Knowledge - INFO - persist ingested knowledge for /app/data/T0015/311196/b74521f/pwhm-226177/test/testStaStats/assocNot/not_1.txt
2026-01-28 11:29:26,581 - Knowledge - INFO - [MONGODB_OP] Completed: persist, Collection: file_info, Duration: 92ms
2026-01-28 11:29:27,000 - Knowledge - INFO - [REDIS_OP] Completed: store_embedding, Key: test/testStaStats/assocNot/not_1.txt, Duration: 250ms
2026-01-28 11:29:27,249 - Knowledge - INFO - persist search terms embedding for test/testStaStats/assocNot/not_1.txt
2026-01-28 11:29:27,412 - Knowledge - INFO - process ingested knowledge for /app/data/T0015/311196/b74521f/pwhm-226177/test/testStaStats/assocNot/not_1.txt
2026-01-28 11:29:27,588 - Knowledge - INFO - Found code-base-name: https://github.com/kavia-common/pwhm-226177.git:kavia-main
2026-01-28 11:29:27,765 - Knowledge - INFO - Found code_base: <app.utils.kg_build.knowledge.KnowledgeCodeBase object at 0x7fcfb397d7d0>
2026-01-28 11:29:28,004 - Knowledge - INFO - Found code-base-name: https://github.com/kavia-common/pwhm-226177.git:kavia-main
2026-01-28 11:29:28,169 - Knowledge - INFO - Found code_base: <app.utils.kg_build.knowledge.KnowledgeCodeBase object at 0x7fcfb397d7d0>
2026-01-28 11:29:28,342 - Knowledge - INFO - persist ingested knowledge for /app/data/T0015/311196/b74521f/pwhm-226177/src/nl80211/wld_nl80211_scan.c
2026-01-28 11:29:28,643 - Knowledge - INFO - [MONGODB_OP] Completed: persist, Collection: file_info, Duration: 100ms
2026-01-28 11:29:29,080 - Knowledge - INFO - [REDIS_OP] Completed: store_embedding, Key: src/nl80211/wld_nl80211_scan.c, Duration: 253ms
2026-01-28 11:29:29,257 - Knowledge - INFO - persist search terms embedding for src/nl80211/wld_nl80211_scan.c
2026-01-28 11:29:29,418 - Knowledge - INFO - process ingested knowledge for /app/data/T0015/311196/b74521f/pwhm-226177/src/nl80211/wld_nl80211_scan.c
2026-01-28 11:29:29,595 - Knowledge - INFO - Found code-base-name: https://github.com/kavia-common/pwhm-226177.git:kavia-main
2026-01-28 11:29:29,753 - Knowledge - INFO - Found code_base: <app.utils.kg_build.knowledge.KnowledgeCodeBase object at 0x7fcfb397d7d0>
2026-01-28 11:29:30,083 - Knowledge - INFO - Found code-base-name: https://github.com/kavia-common/pwhm-226177.git:kavia-main
2026-01-28 11:29:30,263 - Knowledge - INFO - Found code_base: <app.utils.kg_build.knowledge.KnowledgeCodeBase object at 0x7fcfb397d7d0>
2026-01-28 11:29:30,443 - Knowledge - INFO - persist ingested knowledge for /app/data/T0015/311196/b74521f/pwhm-226177/include/wld/Features/wld_persist.h
2026-01-28 11:29:30,757 - Knowledge - INFO - [MONGODB_OP] Completed: persist, Collection: file_info, Duration: 106ms
2026-01-28 11:29:31,145 - Knowledge - INFO - [REDIS_OP] Completed: store_embedding, Key: include/wld/Features/wld_persist.h, Duration: 226ms
2026-01-28 11:29:31,318 - Knowledge - INFO - persist search terms embedding for include/wld/Features/wld_persist.h
2026-01-28 11:29:31,490 - Knowledge - INFO - process ingested knowledge for /app/data/T0015/311196/b74521f/pwhm-226177/include/wld/Features/wld_persist.h
2026-01-28 11:29:31,698 - Knowledge - INFO - Found code-base-name: https://github.com/kavia-common/pwhm-226177.git:kavia-main
2026-01-28 11:29:31,858 - Knowledge - INFO - Found code_base: <app.utils.kg_build.knowledge.KnowledgeCodeBase object at 0x7fcfb397d7d0>
2026-01-28 11:29:32,104 - Knowledge - INFO - Found code-base-name: https://github.com/kavia-common/pwhm-226177.git:kavia-main
2026-01-28 11:29:32,277 - Knowledge - INFO - Found code_base: <app.utils.kg_build.knowledge.KnowledgeCodeBase object at 0x7fcfb397d7d0>
2026-01-28 11:29:32,454 - Knowledge - INFO - persist ingested knowledge for /app/data/T0015/311196/b74521f/pwhm-226177/test/testStaStats/deauthNot/notif_0.txt
2026-01-28 11:29:32,717 - Knowledge - INFO - [MONGODB_OP] Completed: persist, Collection: file_info, Duration: 93ms
2026-01-28 11:29:33,141 - Knowledge - INFO - [REDIS_OP] Completed: store_embedding, Key: test/testStaStats/deauthNot/notif_0.txt, Duration: 260ms
2026-01-28 11:29:33,349 - Knowledge - INFO - persist search terms embedding for test/testStaStats/deauthNot/notif_0.txt
2026-01-28 11:29:33,535 - Knowledge - INFO - process ingested knowledge for /app/data/T0015/311196/b74521f/pwhm-226177/test/testStaStats/deauthNot/notif_0.txt
2026-01-28 11:29:33,698 - Knowledge - INFO - Found code-base-name: https://github.com/kavia-common/pwhm-226177.git:kavia-main
2026-01-28 11:29:33,867 - Knowledge - INFO - Found code_base: <app.utils.kg_build.knowledge.KnowledgeCodeBase object at 0x7fcfb397d7d0>
2026-01-28 11:29:34,089 - Knowledge - INFO - Found code-base-name: https://github.com/kavia-common/pwhm-226177.git:kavia-main
2026-01-28 11:29:34,247 - Knowledge - INFO - Found code_base: <app.utils.kg_build.knowledge.KnowledgeCodeBase object at 0x7fcfb397d7d0>
2026-01-28 11:29:34,434 - Knowledge - INFO - persist ingested knowledge for /app/data/T0015/311196/b74521f/pwhm-226177/include/wld/wld_assocdev.h
2026-01-28 11:29:34,676 - Knowledge - INFO - [MONGODB_OP] Completed: persist, Collection: file_info, Duration: 85ms
2026-01-28 11:29:35,046 - Knowledge - INFO - [REDIS_OP] Completed: store_embedding, Key: include/wld/wld_assocdev.h, Duration: 215ms
2026-01-28 11:29:35,214 - Knowledge - INFO - persist search terms embedding for include/wld/wld_assocdev.h
2026-01-28 11:29:35,382 - Knowledge - INFO - process ingested knowledge for /app/data/T0015/311196/b74521f/pwhm-226177/include/wld/wld_assocdev.h
2026-01-28 11:29:35,542 - Knowledge - INFO - Found code-base-name: https://github.com/kavia-common/pwhm-226177.git:kavia-main
2026-01-28 11:29:35,763 - Knowledge - INFO - Found code_base: <app.utils.kg_build.knowledge.KnowledgeCodeBase object at 0x7fcfb397d7d0>
2026-01-28 11:29:36,014 - Knowledge - INFO - Found code-base-name: https://github.com/kavia-common/pwhm-226177.git:kavia-main
2026-01-28 11:29:36,173 - Knowledge - INFO - Found code_base: <app.utils.kg_build.knowledge.KnowledgeCodeBase object at 0x7fcfb397d7d0>
2026-01-28 11:29:36,337 - Knowledge - INFO - persist ingested knowledge for /app/data/T0015/311196/b74521f/pwhm-226177/src/nl80211/wld_secDmn.c
2026-01-28 11:29:36,605 - Knowledge - INFO - [MONGODB_OP] Completed: persist, Collection: file_info, Duration: 78ms
2026-01-28 11:29:36,995 - Knowledge - INFO - [REDIS_OP] Completed: store_embedding, Key: src/nl80211/wld_secDmn.c, Duration: 230ms
2026-01-28 11:29:37,170 - Knowledge - INFO - persist search terms embedding for src/nl80211/wld_secDmn.c
2026-01-28 11:29:37,374 - Knowledge - INFO - process ingested knowledge for /app/data/T0015/311196/b74521f/pwhm-226177/src/nl80211/wld_secDmn.c
2026-01-28 11:29:37,562 - Knowledge - INFO - Found code-base-name: https://github.com/kavia-common/pwhm-226177.git:kavia-main
2026-01-28 11:29:37,762 - Knowledge - INFO - Found code_base: <app.utils.kg_build.knowledge.KnowledgeCodeBase object at 0x7fcfb397d7d0>
2026-01-28 11:29:38,030 - Knowledge - INFO - Found code-base-name: https://github.com/kavia-common/pwhm-226177.git:kavia-main
2026-01-28 11:29:38,187 - Knowledge - INFO - Found code_base: <app.utils.kg_build.knowledge.KnowledgeCodeBase object at 0x7fcfb397d7d0>
2026-01-28 11:29:38,397 - Knowledge - INFO - persist ingested knowledge for /app/data/T0015/311196/b74521f/pwhm-226177/acl/admin/pwhm-internal.json
2026-01-28 11:29:38,680 - Knowledge - INFO - [MONGODB_OP] Completed: persist, Collection: file_info, Duration: 103ms
2026-01-28 11:29:39,059 - Knowledge - INFO - [REDIS_OP] Completed: store_embedding, Key: acl/admin/pwhm-internal.json, Duration: 218ms
2026-01-28 11:29:39,207 - Knowledge - INFO - persist search terms embedding for acl/admin/pwhm-internal.json
2026-01-28 11:29:39,412 - Knowledge - INFO - process ingested knowledge for /app/data/T0015/311196/b74521f/pwhm-226177/acl/admin/pwhm-internal.json
2026-01-28 11:29:39,565 - Knowledge - INFO - Found code-base-name: https://github.com/kavia-common/pwhm-226177.git:kavia-main
2026-01-28 11:29:39,756 - Knowledge - INFO - Found code_base: <app.utils.kg_build.knowledge.KnowledgeCodeBase object at 0x7fcfb397d7d0>
2026-01-28 11:29:40,033 - Knowledge - INFO - Found code-base-name: https://github.com/kavia-common/pwhm-226177.git:kavia-main
2026-01-28 11:29:40,218 - Knowledge - INFO - Found code_base: <app.utils.kg_build.knowledge.KnowledgeCodeBase object at 0x7fcfb397d7d0>
2026-01-28 11:29:40,404 - Knowledge - INFO - persist ingested knowledge for /app/data/T0015/311196/b74521f/pwhm-226177/include/wld/wld_rad_stamon.h
2026-01-28 11:29:40,658 - Knowledge - INFO - [MONGODB_OP] Completed: persist, Collection: file_info, Duration: 103ms
2026-01-28 11:29:41,076 - Knowledge - INFO - [REDIS_OP] Completed: store_embedding, Key: include/wld/wld_rad_stamon.h, Duration: 224ms
2026-01-28 11:29:41,240 - Knowledge - INFO - persist search terms embedding for include/wld/wld_rad_stamon.h
2026-01-28 11:29:41,402 - Knowledge - INFO - process ingested knowledge for /app/data/T0015/311196/b74521f/pwhm-226177/include/wld/wld_rad_stamon.h
2026-01-28 11:29:41,581 - Knowledge - INFO - Found code-base-name: https://github.com/kavia-common/pwhm-226177.git:kavia-main
2026-01-28 11:29:41,758 - Knowledge - INFO - Found code_base: <app.utils.kg_build.knowledge.KnowledgeCodeBase object at 0x7fcfb397d7d0>
2026-01-28 11:29:42,054 - Knowledge - INFO - Found code-base-name: https://github.com/kavia-common/pwhm-226177.git:kavia-main
2026-01-28 11:29:42,240 - Knowledge - INFO - Found code_base: <app.utils.kg_build.knowledge.KnowledgeCodeBase object at 0x7fcfb397d7d0>
2026-01-28 11:29:42,436 - Knowledge - INFO - persist ingested knowledge for /app/data/T0015/311196/b74521f/pwhm-226177/include/wld/Utils/wld_autoCommitMgr.h
2026-01-28 11:29:42,723 - Knowledge - INFO - [MONGODB_OP] Completed: persist, Collection: file_info, Duration: 118ms
2026-01-28 11:29:43,127 - Knowledge - INFO - [REDIS_OP] Completed: store_embedding, Key: include/wld/Utils/wld_autoCommitMgr.h, Duration: 234ms
2026-01-28 11:29:43,325 - Knowledge - INFO - persist search terms embedding for include/wld/Utils/wld_autoCommitMgr.h
2026-01-28 11:29:43,510 - Knowledge - INFO - process ingested knowledge for /app/data/T0015/311196/b74521f/pwhm-226177/include/wld/Utils/wld_autoCommitMgr.h
2026-01-28 11:29:43,669 - Knowledge - INFO - Found code-base-name: https://github.com/kavia-common/pwhm-226177.git:kavia-main
2026-01-28 11:29:43,830 - Knowledge - INFO - Found code_base: <app.utils.kg_build.knowledge.KnowledgeCodeBase object at 0x7fcfb397d7d0>
2026-01-28 11:29:44,117 - Knowledge - INFO - Found code-base-name: https://github.com/kavia-common/pwhm-226177.git:kavia-main
2026-01-28 11:29:44,293 - Knowledge - INFO - Found code_base: <app.utils.kg_build.knowledge.KnowledgeCodeBase object at 0x7fcfb397d7d0>
2026-01-28 11:29:44,454 - Knowledge - INFO - persist ingested knowledge for /app/data/T0015/311196/b74521f/pwhm-226177/test/testHelper/wld_th_mockVendor.h
2026-01-28 11:29:44,721 - Knowledge - INFO - [MONGODB_OP] Completed: persist, Collection: file_info, Duration: 119ms
2026-01-28 11:29:45,061 - Knowledge - INFO - [REDIS_OP] Completed: store_embedding, Key: test/testHelper/wld_th_mockVendor.h, Duration: 173ms
2026-01-28 11:29:45,260 - Knowledge - INFO - persist search terms embedding for test/testHelper/wld_th_mockVendor.h
2026-01-28 11:29:45,446 - Knowledge - INFO - process ingested knowledge for /app/data/T0015/311196/b74521f/pwhm-226177/test/testHelper/wld_th_mockVendor.h
2026-01-28 11:29:45,618 - Knowledge - INFO - Found code-base-name: https://github.com/kavia-common/pwhm-226177.git:kavia-main
2026-01-28 11:29:45,788 - Knowledge - INFO - Found code_base: <app.utils.kg_build.knowledge.KnowledgeCodeBase object at 0x7fcfb397d7d0>
2026-01-28 11:29:46,078 - Knowledge - INFO - Found code-base-name: https://github.com/kavia-common/pwhm-226177.git:kavia-main
2026-01-28 11:29:46,288 - Knowledge - INFO - Found code_base: <app.utils.kg_build.knowledge.KnowledgeCodeBase object at 0x7fcfb397d7d0>
2026-01-28 11:29:46,453 - Knowledge - INFO - persist ingested knowledge for /app/data/T0015/311196/b74521f/pwhm-226177/src/ApMgt/wld_ap_macfilter.c
2026-01-28 11:29:46,719 - Knowledge - INFO - [MONGODB_OP] Completed: persist, Collection: file_info, Duration: 91ms
2026-01-28 11:29:47,100 - Knowledge - INFO - [REDIS_OP] Completed: store_embedding, Key: src/ApMgt/wld_ap_macfilter.c, Duration: 198ms
2026-01-28 11:29:47,245 - Knowledge - INFO - persist search terms embedding for src/ApMgt/wld_ap_macfilter.c
2026-01-28 11:29:47,411 - Knowledge - INFO - process ingested knowledge for /app/data/T0015/311196/b74521f/pwhm-226177/src/ApMgt/wld_ap_macfilter.c
2026-01-28 11:29:47,578 - Knowledge - INFO - Found code-base-name: https://github.com/kavia-common/pwhm-226177.git:kavia-main
2026-01-28 11:29:47,742 - Knowledge - INFO - Found code_base: <app.utils.kg_build.knowledge.KnowledgeCodeBase object at 0x7fcfb397d7d0>
2026-01-28 11:29:47,959 - Knowledge - INFO - Found code-base-name: https://github.com/kavia-common/pwhm-226177.git:kavia-main
2026-01-28 11:29:48,131 - Knowledge - INFO - Found code_base: <app.utils.kg_build.knowledge.KnowledgeCodeBase object at 0x7fcfb397d7d0>
2026-01-28 11:29:48,287 - Knowledge - INFO - persist ingested knowledge for /app/data/T0015/311196/b74521f/pwhm-226177/src/nl80211/wld_nl80211_events.c
2026-01-28 11:29:48,545 - Knowledge - INFO - [MONGODB_OP] Completed: persist, Collection: file_info, Duration: 84ms
2026-01-28 11:29:48,969 - Knowledge - INFO - [REDIS_OP] Completed: store_embedding, Key: src/nl80211/wld_nl80211_events.c, Duration: 220ms
2026-01-28 11:29:49,138 - Knowledge - INFO - persist search terms embedding for src/nl80211/wld_nl80211_events.c
2026-01-28 11:29:49,317 - Knowledge - INFO - process ingested knowledge for /app/data/T0015/311196/b74521f/pwhm-226177/src/nl80211/wld_nl80211_events.c
2026-01-28 11:29:49,471 - Knowledge - INFO - Found code-base-name: https://github.com/kavia-common/pwhm-226177.git:kavia-main
2026-01-28 11:29:49,620 - Knowledge - INFO - Found code_base: <app.utils.kg_build.knowledge.KnowledgeCodeBase object at 0x7fcfb397d7d0>
2026-01-28 11:29:49,872 - Knowledge - INFO - Found code-base-name: https://github.com/kavia-common/pwhm-226177.git:kavia-main
2026-01-28 11:29:50,036 - Knowledge - INFO - Found code_base: <app.utils.kg_build.knowledge.KnowledgeCodeBase object at 0x7fcfb397d7d0>
2026-01-28 11:29:50,240 - Knowledge - INFO - persist ingested knowledge for /app/data/T0015/311196/b74521f/pwhm-226177/include_priv/Plugin/wifiGen_zwdfs.h
2026-01-28 11:29:50,500 - Knowledge - INFO - [MONGODB_OP] Completed: persist, Collection: file_info, Duration: 102ms
2026-01-28 11:29:50,907 - Knowledge - INFO - [REDIS_OP] Completed: store_embedding, Key: include_priv/Plugin/wifiGen_zwdfs.h, Duration: 218ms
2026-01-28 11:29:51,145 - Knowledge - INFO - persist search terms embedding for include_priv/Plugin/wifiGen_zwdfs.h
2026-01-28 11:29:51,312 - Knowledge - INFO - process ingested knowledge for /app/data/T0015/311196/b74521f/pwhm-226177/include_priv/Plugin/wifiGen_zwdfs.h
2026-01-28 11:29:51,527 - Knowledge - INFO - Found code-base-name: https://github.com/kavia-common/pwhm-226177.git:kavia-main
2026-01-28 11:29:51,678 - Knowledge - INFO - Found code_base: <app.utils.kg_build.knowledge.KnowledgeCodeBase object at 0x7fcfb397d7d0>
2026-01-28 11:29:51,983 - Knowledge - INFO - Found code-base-name: https://github.com/kavia-common/pwhm-226177.git:kavia-main
2026-01-28 11:29:52,144 - Knowledge - INFO - Found code_base: <app.utils.kg_build.knowledge.KnowledgeCodeBase object at 0x7fcfb397d7d0>
2026-01-28 11:29:52,314 - Knowledge - INFO - persist ingested knowledge for /app/data/T0015/311196/b74521f/pwhm-226177/src/nl80211/wld_wpaSupp_cfgManager.c
2026-01-28 11:29:52,588 - Knowledge - INFO - [MONGODB_OP] Completed: persist, Collection: file_info, Duration: 115ms
2026-01-28 11:29:52,968 - Knowledge - INFO - [REDIS_OP] Completed: store_embedding, Key: src/nl80211/wld_wpaSupp_cfgManager.c, Duration: 222ms
2026-01-28 11:29:53,113 - Knowledge - INFO - persist search terms embedding for src/nl80211/wld_wpaSupp_cfgManager.c
2026-01-28 11:29:53,297 - Knowledge - INFO - process ingested knowledge for /app/data/T0015/311196/b74521f/pwhm-226177/src/nl80211/wld_wpaSupp_cfgManager.c
2026-01-28 11:29:53,507 - Knowledge - INFO - Found code-base-name: https://github.com/kavia-common/pwhm-226177.git:kavia-main
2026-01-28 11:29:53,679 - Knowledge - INFO - Found code_base: <app.utils.kg_build.knowledge.KnowledgeCodeBase object at 0x7fcfb397d7d0>
2026-01-28 11:29:54,023 - Knowledge - INFO - Found code-base-name: https://github.com/kavia-common/pwhm-226177.git:kavia-main
2026-01-28 11:29:54,178 - Knowledge - INFO - Found code_base: <app.utils.kg_build.knowledge.KnowledgeCodeBase object at 0x7fcfb397d7d0>
2026-01-28 11:29:54,346 - Knowledge - INFO - persist ingested knowledge for /app/data/T0015/311196/b74521f/pwhm-226177/include/wld/wld_dm_trans.h
2026-01-28 11:29:54,623 - Knowledge - INFO - [MONGODB_OP] Completed: persist, Collection: file_info, Duration: 106ms
2026-01-28 11:29:54,978 - Knowledge - INFO - [REDIS_OP] Completed: store_embedding, Key: include/wld/wld_dm_trans.h, Duration: 198ms
2026-01-28 11:29:55,133 - Knowledge - INFO - persist search terms embedding for include/wld/wld_dm_trans.h
2026-01-28 11:29:55,323 - Knowledge - INFO - process ingested knowledge for /app/data/T0015/311196/b74521f/pwhm-226177/include/wld/wld_dm_trans.h
2026-01-28 11:29:55,514 - Knowledge - INFO - Found code-base-name: https://github.com/kavia-common/pwhm-226177.git:kavia-main
2026-01-28 11:29:55,678 - Knowledge - INFO - Found code_base: <app.utils.kg_build.knowledge.KnowledgeCodeBase object at 0x7fcfb397d7d0>
2026-01-28 11:29:55,941 - Knowledge - INFO - Found code-base-name: https://github.com/kavia-common/pwhm-226177.git:kavia-main
2026-01-28 11:29:56,089 - Knowledge - INFO - Found code_base: <app.utils.kg_build.knowledge.KnowledgeCodeBase object at 0x7fcfb397d7d0>
2026-01-28 11:29:56,287 - Knowledge - INFO - persist ingested knowledge for /app/data/T0015/311196/b74521f/pwhm-226177/src/EpMgt/wld_tinyRoam.c
2026-01-28 11:29:56,608 - Knowledge - INFO - [MONGODB_OP] Completed: persist, Collection: file_info, Duration: 96ms
2026-01-28 11:29:57,047 - Knowledge - INFO - [REDIS_OP] Completed: store_embedding, Key: src/EpMgt/wld_tinyRoam.c, Duration: 270ms
2026-01-28 11:29:57,218 - Knowledge - INFO - persist search terms embedding for src/EpMgt/wld_tinyRoam.c
2026-01-28 11:29:57,417 - Knowledge - INFO - process ingested knowledge for /app/data/T0015/311196/b74521f/pwhm-226177/src/EpMgt/wld_tinyRoam.c
2026-01-28 11:29:57,583 - Knowledge - INFO - Found code-base-name: https://github.com/kavia-common/pwhm-226177.git:kavia-main
2026-01-28 11:29:57,752 - Knowledge - INFO - Found code_base: <app.utils.kg_build.knowledge.KnowledgeCodeBase object at 0x7fcfb397d7d0>
2026-01-28 11:29:57,975 - Knowledge - INFO - Found code-base-name: https://github.com/kavia-common/pwhm-226177.git:kavia-main
2026-01-28 11:29:58,205 - Knowledge - INFO - Found code_base: <app.utils.kg_build.knowledge.KnowledgeCodeBase object at 0x7fcfb397d7d0>
2026-01-28 11:29:58,363 - Knowledge - INFO - persist ingested knowledge for /app/data/T0015/311196/b74521f/pwhm-226177/src/wld_radio.c
2026-01-28 11:29:58,629 - Knowledge - INFO - [MONGODB_OP] Completed: persist, Collection: file_info, Duration: 83ms
2026-01-28 11:29:59,259 - Knowledge - INFO - [REDIS_OP] Completed: store_embedding, Key: src/wld_radio.c, Duration: 464ms
2026-01-28 11:29:59,437 - Knowledge - INFO - persist search terms embedding for src/wld_radio.c
2026-01-28 11:29:59,610 - Knowledge - INFO - process ingested knowledge for /app/data/T0015/311196/b74521f/pwhm-226177/src/wld_radio.c
2026-01-28 11:29:59,784 - Knowledge - INFO - Found code-base-name: https://github.com/kavia-common/pwhm-226177.git:kavia-main
2026-01-28 11:29:59,951 - Knowledge - INFO - Found code_base: <app.utils.kg_build.knowledge.KnowledgeCodeBase object at 0x7fcfb397d7d0>
2026-01-28 11:30:00,223 - Knowledge - INFO - Found code-base-name: https://github.com/kavia-common/pwhm-226177.git:kavia-main
2026-01-28 11:30:00,411 - Knowledge - INFO - Found code_base: <app.utils.kg_build.knowledge.KnowledgeCodeBase object at 0x7fcfb397d7d0>
2026-01-28 11:30:00,574 - Knowledge - INFO - persist ingested knowledge for /app/data/T0015/311196/b74521f/pwhm-226177/src/nl80211/wld_ep_nl80211.c
2026-01-28 11:30:00,840 - Knowledge - INFO - [MONGODB_OP] Completed: persist, Collection: file_info, Duration: 102ms
2026-01-28 11:30:01,283 - Knowledge - INFO - [REDIS_OP] Completed: store_embedding, Key: src/nl80211/wld_ep_nl80211.c, Duration: 246ms
2026-01-28 11:30:01,451 - Knowledge - INFO - persist search terms embedding for src/nl80211/wld_ep_nl80211.c
2026-01-28 11:30:01,625 - Knowledge - INFO - process ingested knowledge for /app/data/T0015/311196/b74521f/pwhm-226177/src/nl80211/wld_ep_nl80211.c
2026-01-28 11:30:01,801 - Knowledge - INFO - Found code-base-name: https://github.com/kavia-common/pwhm-226177.git:kavia-main
2026-01-28 11:30:01,981 - Knowledge - INFO - Found code_base: <app.utils.kg_build.knowledge.KnowledgeCodeBase object at 0x7fcfb397d7d0>
2026-01-28 11:30:02,269 - Knowledge - INFO - Found code-base-name: https://github.com/kavia-common/pwhm-226177.git:kavia-main
2026-01-28 11:30:02,442 - Knowledge - INFO - Found code_base: <app.utils.kg_build.knowledge.KnowledgeCodeBase object at 0x7fcfb397d7d0>
2026-01-28 11:30:02,625 - Knowledge - INFO - persist ingested knowledge for /app/data/T0015/311196/b74521f/pwhm-226177/include/wld/wld_monitor.h
2026-01-28 11:30:02,943 - Knowledge - INFO - [MONGODB_OP] Completed: persist, Collection: file_info, Duration: 157ms
2026-01-28 11:30:03,385 - Knowledge - INFO - [REDIS_OP] Completed: store_embedding, Key: include/wld/wld_monitor.h, Duration: 276ms
2026-01-28 11:30:03,564 - Knowledge - INFO - persist search terms embedding for include/wld/wld_monitor.h
2026-01-28 11:30:03,732 - Knowledge - INFO - process ingested knowledge for /app/data/T0015/311196/b74521f/pwhm-226177/include/wld/wld_monitor.h
2026-01-28 11:30:03,957 - Knowledge - INFO - Found code-base-name: https://github.com/kavia-common/pwhm-226177.git:kavia-main
2026-01-28 11:30:04,137 - Knowledge - INFO - Found code_base: <app.utils.kg_build.knowledge.KnowledgeCodeBase object at 0x7fcfb397d7d0>
2026-01-28 11:30:04,435 - Knowledge - INFO - Found code-base-name: https://github.com/kavia-common/pwhm-226177.git:kavia-main
2026-01-28 11:30:04,597 - Knowledge - INFO - Found code_base: <app.utils.kg_build.knowledge.KnowledgeCodeBase object at 0x7fcfb397d7d0>
2026-01-28 11:30:04,791 - Knowledge - INFO - persist ingested knowledge for /app/data/T0015/311196/b74521f/pwhm-226177/test/testRadio11be/rad5_cap.txt
2026-01-28 11:30:05,122 - Knowledge - INFO - [MONGODB_OP] Completed: persist, Collection: file_info, Duration: 181ms
2026-01-28 11:30:05,643 - Knowledge - INFO - [REDIS_OP] Completed: store_embedding, Key: test/testRadio11be/rad5_cap.txt, Duration: 334ms
2026-01-28 11:30:05,843 - Knowledge - INFO - persist search terms embedding for test/testRadio11be/rad5_cap.txt
2026-01-28 11:30:06,044 - Knowledge - INFO - process ingested knowledge for /app/data/T0015/311196/b74521f/pwhm-226177/test/testRadio11be/rad5_cap.txt
2026-01-28 11:30:06,240 - Knowledge - INFO - Found code-base-name: https://github.com/kavia-common/pwhm-226177.git:kavia-main
2026-01-28 11:30:06,448 - Knowledge - INFO - Found code_base: <app.utils.kg_build.knowledge.KnowledgeCodeBase object at 0x7fcfb397d7d0>
2026-01-28 11:30:06,694 - Knowledge - INFO - Found code-base-name: https://github.com/kavia-common/pwhm-226177.git:kavia-main
2026-01-28 11:30:06,877 - Knowledge - INFO - Found code_base: <app.utils.kg_build.knowledge.KnowledgeCodeBase object at 0x7fcfb397d7d0>
2026-01-28 11:30:07,030 - Knowledge - INFO - persist ingested knowledge for /app/data/T0015/311196/b74521f/pwhm-226177/src/RadMgt/wld_rad_macCfg.c
2026-01-28 11:30:07,280 - Knowledge - INFO - [MONGODB_OP] Completed: persist, Collection: file_info, Duration: 105ms
2026-01-28 11:30:07,768 - Knowledge - INFO - [REDIS_OP] Completed: store_embedding, Key: src/RadMgt/wld_rad_macCfg.c, Duration: 259ms
2026-01-28 11:30:07,947 - Knowledge - INFO - persist search terms embedding for src/RadMgt/wld_rad_macCfg.c
2026-01-28 11:30:08,165 - Knowledge - INFO - process ingested knowledge for /app/data/T0015/311196/b74521f/pwhm-226177/src/RadMgt/wld_rad_macCfg.c
2026-01-28 11:30:08,325 - Knowledge - INFO - Found code-base-name: https://github.com/kavia-common/pwhm-226177.git:kavia-main
2026-01-28 11:30:08,504 - Knowledge - INFO - Found code_base: <app.utils.kg_build.knowledge.KnowledgeCodeBase object at 0x7fcfb397d7d0>
2026-01-28 11:30:08,763 - Knowledge - INFO - Found code-base-name: https://github.com/kavia-common/pwhm-226177.git:kavia-main
2026-01-28 11:30:08,963 - Knowledge - INFO - Found code_base: <app.utils.kg_build.knowledge.KnowledgeCodeBase object at 0x7fcfb397d7d0>
2026-01-28 11:30:09,129 - Knowledge - INFO - persist ingested knowledge for /app/data/T0015/311196/b74521f/pwhm-226177/test/testScanSsid/ScanResults-5g-2.txt
2026-01-28 11:30:09,406 - Knowledge - INFO - [MONGODB_OP] Completed: persist, Collection: file_info, Duration: 125ms
2026-01-28 11:30:09,794 - Knowledge - INFO - [REDIS_OP] Completed: store_embedding, Key: test/testScanSsid/ScanResults-5g-2.txt, Duration: 214ms
2026-01-28 11:30:09,969 - Knowledge - INFO - persist search terms embedding for test/testScanSsid/ScanResults-5g-2.txt
2026-01-28 11:30:10,189 - Knowledge - INFO - process ingested knowledge for /app/data/T0015/311196/b74521f/pwhm-226177/test/testScanSsid/ScanResults-5g-2.txt
2026-01-28 11:30:10,354 - Knowledge - INFO - Found code-base-name: https://github.com/kavia-common/pwhm-226177.git:kavia-main
2026-01-28 11:30:10,543 - Knowledge - INFO - Found code_base: <app.utils.kg_build.knowledge.KnowledgeCodeBase object at 0x7fcfb397d7d0>
2026-01-28 11:30:10,830 - Knowledge - INFO - Found code-base-name: https://github.com/kavia-common/pwhm-226177.git:kavia-main
2026-01-28 11:30:11,026 - Knowledge - INFO - Found code_base: <app.utils.kg_build.knowledge.KnowledgeCodeBase object at 0x7fcfb397d7d0>
2026-01-28 11:30:11,189 - Knowledge - INFO - persist ingested knowledge for /app/data/T0015/311196/b74521f/pwhm-226177/include/wld/wld_linuxIfStats.h
2026-01-28 11:30:11,513 - Knowledge - INFO - [MONGODB_OP] Completed: persist, Collection: file_info, Duration: 116ms
2026-01-28 11:30:11,975 - Knowledge - INFO - [REDIS_OP] Completed: store_embedding, Key: include/wld/wld_linuxIfStats.h, Duration: 265ms
2026-01-28 11:30:12,164 - Knowledge - INFO - persist search terms embedding for include/wld/wld_linuxIfStats.h
2026-01-28 11:30:12,374 - Knowledge - INFO - process ingested knowledge for /app/data/T0015/311196/b74521f/pwhm-226177/include/wld/wld_linuxIfStats.h
2026-01-28 11:30:12,548 - Knowledge - INFO - Found code-base-name: https://github.com/kavia-common/pwhm-226177.git:kavia-main
2026-01-28 11:30:12,714 - Knowledge - INFO - Found code_base: <app.utils.kg_build.knowledge.KnowledgeCodeBase object at 0x7fcfb397d7d0>
2026-01-28 11:30:12,939 - Knowledge - INFO - Found code-base-name: https://github.com/kavia-common/pwhm-226177.git:kavia-main
2026-01-28 11:30:13,112 - Knowledge - INFO - Found code_base: <app.utils.kg_build.knowledge.KnowledgeCodeBase object at 0x7fcfb397d7d0>
2026-01-28 11:30:13,284 - Knowledge - INFO - persist ingested knowledge for /app/data/T0015/311196/b74521f/pwhm-226177/include/wld/wld_zwdfs.h
2026-01-28 11:30:13,535 - Knowledge - INFO - [MONGODB_OP] Completed: persist, Collection: file_info, Duration: 89ms
2026-01-28 11:30:13,947 - Knowledge - INFO - [REDIS_OP] Completed: store_embedding, Key: include/wld/wld_zwdfs.h, Duration: 216ms
2026-01-28 11:30:14,149 - Knowledge - INFO - persist search terms embedding for include/wld/wld_zwdfs.h
2026-01-28 11:30:14,316 - Knowledge - INFO - process ingested knowledge for /app/data/T0015/311196/b74521f/pwhm-226177/include/wld/wld_zwdfs.h
2026-01-28 11:30:14,483 - Knowledge - INFO - Found code-base-name: https://github.com/kavia-common/pwhm-226177.git:kavia-main
2026-01-28 11:30:14,641 - Knowledge - INFO - Found code_base: <app.utils.kg_build.knowledge.KnowledgeCodeBase object at 0x7fcfb397d7d0>
2026-01-28 11:30:14,901 - Knowledge - INFO - Found code-base-name: https://github.com/kavia-common/pwhm-226177.git:kavia-main
2026-01-28 11:30:15,147 - Knowledge - INFO - Found code_base: <app.utils.kg_build.knowledge.KnowledgeCodeBase object at 0x7fcfb397d7d0>
2026-01-28 11:30:15,349 - Knowledge - INFO - persist ingested knowledge for /app/data/T0015/311196/b74521f/pwhm-226177/include/wld/wld_wpaCtrlInterface.h
2026-01-28 11:30:15,590 - Knowledge - INFO - [MONGODB_OP] Completed: persist, Collection: file_info, Duration: 89ms
2026-01-28 11:30:16,024 - Knowledge - INFO - [REDIS_OP] Completed: store_embedding, Key: include/wld/wld_wpaCtrlInterface.h, Duration: 228ms
2026-01-28 11:30:16,215 - Knowledge - INFO - persist search terms embedding for include/wld/wld_wpaCtrlInterface.h
2026-01-28 11:30:16,395 - Knowledge - INFO - process ingested knowledge for /app/data/T0015/311196/b74521f/pwhm-226177/include/wld/wld_wpaCtrlInterface.h
2026-01-28 11:30:16,560 - Knowledge - INFO - Found code-base-name: https://github.com/kavia-common/pwhm-226177.git:kavia-main
2026-01-28 11:30:16,724 - Knowledge - INFO - Found code_base: <app.utils.kg_build.knowledge.KnowledgeCodeBase object at 0x7fcfb397d7d0>
2026-01-28 11:30:16,960 - Knowledge - INFO - Found code-base-name: https://github.com/kavia-common/pwhm-226177.git:kavia-main
2026-01-28 11:30:17,143 - Knowledge - INFO - Found code_base: <app.utils.kg_build.knowledge.KnowledgeCodeBase object at 0x7fcfb397d7d0>
2026-01-28 11:30:17,300 - Knowledge - INFO - persist ingested knowledge for /app/data/T0015/311196/b74521f/pwhm-226177/include_priv/nl80211/wld_nl80211_api_priv.h
2026-01-28 11:30:17,543 - Knowledge - INFO - [MONGODB_OP] Completed: persist, Collection: file_info, Duration: 70ms
2026-01-28 11:30:17,999 - Knowledge - INFO - [REDIS_OP] Completed: store_embedding, Key: include_priv/nl80211/wld_nl80211_api_priv.h, Duration: 234ms
2026-01-28 11:30:18,202 - Knowledge - INFO - persist search terms embedding for include_priv/nl80211/wld_nl80211_api_priv.h
2026-01-28 11:30:18,380 - Knowledge - INFO - process ingested knowledge for /app/data/T0015/311196/b74521f/pwhm-226177/include_priv/nl80211/wld_nl80211_api_priv.h
2026-01-28 11:30:18,545 - Knowledge - INFO - Found code-base-name: https://github.com/kavia-common/pwhm-226177.git:kavia-main
2026-01-28 11:30:18,729 - Knowledge - INFO - Found code_base: <app.utils.kg_build.knowledge.KnowledgeCodeBase object at 0x7fcfb397d7d0>
2026-01-28 11:30:19,007 - Knowledge - INFO - Found code-base-name: https://github.com/kavia-common/pwhm-226177.git:kavia-main
2026-01-28 11:30:19,183 - Knowledge - INFO - Found code_base: <app.utils.kg_build.knowledge.KnowledgeCodeBase object at 0x7fcfb397d7d0>
2026-01-28 11:30:19,391 - Knowledge - INFO - persist ingested knowledge for /app/data/T0015/311196/b74521f/pwhm-226177/scripts/debugInfo.sh
2026-01-28 11:30:19,660 - Knowledge - INFO - [MONGODB_OP] Completed: persist, Collection: file_info, Duration: 97ms
2026-01-28 11:30:20,137 - Knowledge - INFO - [REDIS_OP] Completed: store_embedding, Key: scripts/debugInfo.sh, Duration: 316ms
2026-01-28 11:30:20,318 - Knowledge - INFO - persist search terms embedding for scripts/debugInfo.sh
2026-01-28 11:30:20,489 - Knowledge - INFO - process ingested knowledge for /app/data/T0015/311196/b74521f/pwhm-226177/scripts/debugInfo.sh
2026-01-28 11:30:20,662 - Knowledge - INFO - Found code-base-name: https://github.com/kavia-common/pwhm-226177.git:kavia-main
2026-01-28 11:30:20,862 - Knowledge - INFO - Found code_base: <app.utils.kg_build.knowledge.KnowledgeCodeBase object at 0x7fcfb397d7d0>
2026-01-28 11:30:21,127 - Knowledge - INFO - Found code-base-name: https://github.com/kavia-common/pwhm-226177.git:kavia-main
2026-01-28 11:30:21,309 - Knowledge - INFO - Found code_base: <app.utils.kg_build.knowledge.KnowledgeCodeBase object at 0x7fcfb397d7d0>
2026-01-28 11:30:21,476 - Knowledge - INFO - persist ingested knowledge for /app/data/T0015/311196/b74521f/pwhm-226177/src/Plugin/wifiGen_ep.c
2026-01-28 11:30:21,729 - Knowledge - INFO - [MONGODB_OP] Completed: persist, Collection: file_info, Duration: 91ms
2026-01-28 11:30:22,113 - Knowledge - INFO - [REDIS_OP] Completed: store_embedding, Key: src/Plugin/wifiGen_ep.c, Duration: 222ms
2026-01-28 11:30:22,321 - Knowledge - INFO - persist search terms embedding for src/Plugin/wifiGen_ep.c
2026-01-28 11:30:22,538 - Knowledge - INFO - process ingested knowledge for /app/data/T0015/311196/b74521f/pwhm-226177/src/Plugin/wifiGen_ep.c
2026-01-28 11:30:22,696 - Knowledge - INFO - Found code-base-name: https://github.com/kavia-common/pwhm-226177.git:kavia-main
2026-01-28 11:30:22,853 - Knowledge - INFO - Found code_base: <app.utils.kg_build.knowledge.KnowledgeCodeBase object at 0x7fcfb397d7d0>
2026-01-28 11:30:23,118 - Knowledge - INFO - Found code-base-name: https://github.com/kavia-common/pwhm-226177.git:kavia-main
2026-01-28 11:30:23,285 - Knowledge - INFO - Found code_base: <app.utils.kg_build.knowledge.KnowledgeCodeBase object at 0x7fcfb397d7d0>
2026-01-28 11:30:23,491 - Knowledge - INFO - persist ingested knowledge for /app/data/T0015/311196/b74521f/pwhm-226177/include/wld/wld_secDmn_types.h
2026-01-28 11:30:23,770 - Knowledge - INFO - [MONGODB_OP] Completed: persist, Collection: file_info, Duration: 123ms
2026-01-28 11:30:24,211 - Knowledge - INFO - [REDIS_OP] Completed: store_embedding, Key: include/wld/wld_secDmn_types.h, Duration: 274ms
2026-01-28 11:30:24,390 - Knowledge - INFO - persist search terms embedding for include/wld/wld_secDmn_types.h
2026-01-28 11:30:24,544 - Knowledge - INFO - process ingested knowledge for /app/data/T0015/311196/b74521f/pwhm-226177/include/wld/wld_secDmn_types.h
2026-01-28 11:30:24,710 - Knowledge - INFO - Found code-base-name: https://github.com/kavia-common/pwhm-226177.git:kavia-main
2026-01-28 11:30:24,907 - Knowledge - INFO - Found code_base: <app.utils.kg_build.knowledge.KnowledgeCodeBase object at 0x7fcfb397d7d0>
2026-01-28 11:30:25,192 - Knowledge - INFO - Found code-base-name: https://github.com/kavia-common/pwhm-226177.git:kavia-main
2026-01-28 11:30:25,382 - Knowledge - INFO - Found code_base: <app.utils.kg_build.knowledge.KnowledgeCodeBase object at 0x7fcfb397d7d0>
2026-01-28 11:30:25,531 - Knowledge - INFO - persist ingested knowledge for /app/data/T0015/311196/b74521f/pwhm-226177/acl/admin/pwhm.json
2026-01-28 11:30:25,791 - Knowledge - INFO - [MONGODB_OP] Completed: persist, Collection: file_info, Duration: 91ms
2026-01-28 11:30:26,247 - Knowledge - INFO - [REDIS_OP] Completed: store_embedding, Key: acl/admin/pwhm.json, Duration: 287ms
2026-01-28 11:30:26,403 - Knowledge - INFO - persist search terms embedding for acl/admin/pwhm.json
2026-01-28 11:30:26,601 - Knowledge - INFO - process ingested knowledge for /app/data/T0015/311196/b74521f/pwhm-226177/acl/admin/pwhm.json
2026-01-28 11:30:26,785 - Knowledge - INFO - Found code-base-name: https://github.com/kavia-common/pwhm-226177.git:kavia-main
2026-01-28 11:30:26,943 - Knowledge - INFO - Found code_base: <app.utils.kg_build.knowledge.KnowledgeCodeBase object at 0x7fcfb397d7d0>
2026-01-28 11:30:27,249 - Knowledge - INFO - Found code-base-name: https://github.com/kavia-common/pwhm-226177.git:kavia-main
2026-01-28 11:30:27,420 - Knowledge - INFO - Found code_base: <app.utils.kg_build.knowledge.KnowledgeCodeBase object at 0x7fcfb397d7d0>
2026-01-28 11:30:27,591 - Knowledge - INFO - persist ingested knowledge for /app/data/T0015/311196/b74521f/pwhm-226177/src/nl80211/wld_nl80211_attr.c
2026-01-28 11:30:27,887 - Knowledge - INFO - [MONGODB_OP] Completed: persist, Collection: file_info, Duration: 115ms
2026-01-28 11:30:28,261 - Knowledge - INFO - [REDIS_OP] Completed: store_embedding, Key: src/nl80211/wld_nl80211_attr.c, Duration: 212ms
2026-01-28 11:30:28,420 - Knowledge - INFO - persist search terms embedding for src/nl80211/wld_nl80211_attr.c
2026-01-28 11:30:28,582 - Knowledge - INFO - process ingested knowledge for /app/data/T0015/311196/b74521f/pwhm-226177/src/nl80211/wld_nl80211_attr.c
2026-01-28 11:30:28,758 - Knowledge - INFO - Found code-base-name: https://github.com/kavia-common/pwhm-226177.git:kavia-main
2026-01-28 11:30:28,953 - Knowledge - INFO - Found code_base: <app.utils.kg_build.knowledge.KnowledgeCodeBase object at 0x7fcfb397d7d0>
2026-01-28 11:30:29,230 - Knowledge - INFO - Found code-base-name: https://github.com/kavia-common/pwhm-226177.git:kavia-main
2026-01-28 11:30:29,421 - Knowledge - INFO - Found code_base: <app.utils.kg_build.knowledge.KnowledgeCodeBase object at 0x7fcfb397d7d0>
2026-01-28 11:30:29,632 - Knowledge - INFO - persist ingested knowledge for /app/data/T0015/311196/b74521f/pwhm-226177/include/wld/wld_nl80211_core.h
2026-01-28 11:30:29,897 - Knowledge - INFO - [MONGODB_OP] Completed: persist, Collection: file_info, Duration: 85ms
2026-01-28 11:30:30,295 - Knowledge - INFO - [REDIS_OP] Completed: store_embedding, Key: include/wld/wld_nl80211_core.h, Duration: 235ms
2026-01-28 11:30:30,462 - Knowledge - INFO - persist search terms embedding for include/wld/wld_nl80211_core.h
2026-01-28 11:30:30,644 - Knowledge - INFO - process ingested knowledge for /app/data/T0015/311196/b74521f/pwhm-226177/include/wld/wld_nl80211_core.h
2026-01-28 11:30:30,815 - Knowledge - INFO - Found code-base-name: https://github.com/kavia-common/pwhm-226177.git:kavia-main
2026-01-28 11:30:30,977 - Knowledge - INFO - Found code_base: <app.utils.kg_build.knowledge.KnowledgeCodeBase object at 0x7fcfb397d7d0>
2026-01-28 11:30:31,235 - Knowledge - INFO - Found code-base-name: https://github.com/kavia-common/pwhm-226177.git:kavia-main
2026-01-28 11:30:31,427 - Knowledge - INFO - Found code_base: <app.utils.kg_build.knowledge.KnowledgeCodeBase object at 0x7fcfb397d7d0>
2026-01-28 11:30:31,620 - Knowledge - INFO - persist ingested knowledge for /app/data/T0015/311196/b74521f/pwhm-226177/test/testStaStats/assocNot/not_7.txt
2026-01-28 11:30:31,914 - Knowledge - INFO - [MONGODB_OP] Completed: persist, Collection: file_info, Duration: 97ms
2026-01-28 11:30:32,311 - Knowledge - INFO - [REDIS_OP] Completed: store_embedding, Key: test/testStaStats/assocNot/not_7.txt, Duration: 216ms
2026-01-28 11:30:32,482 - Knowledge - INFO - persist search terms embedding for test/testStaStats/assocNot/not_7.txt
2026-01-28 11:30:32,628 - Knowledge - INFO - process ingested knowledge for /app/data/T0015/311196/b74521f/pwhm-226177/test/testStaStats/assocNot/not_7.txt
2026-01-28 11:30:32,791 - Knowledge - INFO - Found code-base-name: https://github.com/kavia-common/pwhm-226177.git:kavia-main
2026-01-28 11:30:32,953 - Knowledge - INFO - Found code_base: <app.utils.kg_build.knowledge.KnowledgeCodeBase object at 0x7fcfb397d7d0>
2026-01-28 11:30:33,211 - Knowledge - INFO - Found code-base-name: https://github.com/kavia-common/pwhm-226177.git:kavia-main
2026-01-28 11:30:33,366 - Knowledge - INFO - Found code_base: <app.utils.kg_build.knowledge.KnowledgeCodeBase object at 0x7fcfb397d7d0>
2026-01-28 11:30:33,531 - Knowledge - INFO - persist ingested knowledge for /app/data/T0015/311196/b74521f/pwhm-226177/include/wld/wld_util.h
2026-01-28 11:30:33,834 - Knowledge - INFO - [MONGODB_OP] Completed: persist, Collection: file_info, Duration: 101ms
2026-01-28 11:30:34,300 - Knowledge - INFO - [REDIS_OP] Completed: store_embedding, Key: include/wld/wld_util.h, Duration: 292ms
2026-01-28 11:30:34,451 - Knowledge - INFO - persist search terms embedding for include/wld/wld_util.h
2026-01-28 11:30:34,633 - Knowledge - INFO - process ingested knowledge for /app/data/T0015/311196/b74521f/pwhm-226177/include/wld/wld_util.h
2026-01-28 11:30:34,811 - Knowledge - INFO - Found code-base-name: https://github.com/kavia-common/pwhm-226177.git:kavia-main
2026-01-28 11:30:34,973 - Knowledge - INFO - Found code_base: <app.utils.kg_build.knowledge.KnowledgeCodeBase object at 0x7fcfb397d7d0>
2026-01-28 11:30:35,204 - Knowledge - INFO - Found code-base-name: https://github.com/kavia-common/pwhm-226177.git:kavia-main
2026-01-28 11:30:35,349 - Knowledge - INFO - Found code_base: <app.utils.kg_build.knowledge.KnowledgeCodeBase object at 0x7fcfb397d7d0>
2026-01-28 11:30:35,510 - Knowledge - INFO - persist ingested knowledge for /app/data/T0015/311196/b74521f/pwhm-226177/include/wld/wld_apMld.h
2026-01-28 11:30:35,786 - Knowledge - INFO - [MONGODB_OP] Completed: persist, Collection: file_info, Duration: 108ms
2026-01-28 11:30:36,201 - Knowledge - INFO - [REDIS_OP] Completed: store_embedding, Key: include/wld/wld_apMld.h, Duration: 248ms
2026-01-28 11:30:36,364 - Knowledge - INFO - persist search terms embedding for include/wld/wld_apMld.h
2026-01-28 11:30:36,537 - Knowledge - INFO - process ingested knowledge for /app/data/T0015/311196/b74521f/pwhm-226177/include/wld/wld_apMld.h
2026-01-28 11:30:36,704 - Knowledge - INFO - Found code-base-name: https://github.com/kavia-common/pwhm-226177.git:kavia-main
2026-01-28 11:30:36,886 - Knowledge - INFO - Found code_base: <app.utils.kg_build.knowledge.KnowledgeCodeBase object at 0x7fcfb397d7d0>
2026-01-28 11:30:37,256 - Knowledge - INFO - Found code-base-name: https://github.com/kavia-common/pwhm-226177.git:kavia-main
2026-01-28 11:30:37,417 - Knowledge - INFO - Found code_base: <app.utils.kg_build.knowledge.KnowledgeCodeBase object at 0x7fcfb397d7d0>
2026-01-28 11:30:37,604 - Knowledge - INFO - persist ingested knowledge for /app/data/T0015/311196/b74521f/pwhm-226177/test/testStaStats/deauthNot/notif_6.txt
2026-01-28 11:30:37,916 - Knowledge - INFO - [MONGODB_OP] Completed: persist, Collection: file_info, Duration: 92ms
2026-01-28 11:30:38,337 - Knowledge - INFO - [REDIS_OP] Completed: store_embedding, Key: test/testStaStats/deauthNot/notif_6.txt, Duration: 250ms
2026-01-28 11:30:38,511 - Knowledge - INFO - persist search terms embedding for test/testStaStats/deauthNot/notif_6.txt
2026-01-28 11:30:38,683 - Knowledge - INFO - process ingested knowledge for /app/data/T0015/311196/b74521f/pwhm-226177/test/testStaStats/deauthNot/notif_6.txt
2026-01-28 11:30:38,856 - Knowledge - INFO - Found code-base-name: https://github.com/kavia-common/pwhm-226177.git:kavia-main
2026-01-28 11:30:39,021 - Knowledge - INFO - Found code_base: <app.utils.kg_build.knowledge.KnowledgeCodeBase object at 0x7fcfb397d7d0>
2026-01-28 11:30:39,305 - Knowledge - INFO - Found code-base-name: https://github.com/kavia-common/pwhm-226177.git:kavia-main
2026-01-28 11:30:39,449 - Knowledge - INFO - Found code_base: <app.utils.kg_build.knowledge.KnowledgeCodeBase object at 0x7fcfb397d7d0>
2026-01-28 11:30:39,610 - Knowledge - INFO - persist ingested knowledge for /app/data/T0015/311196/b74521f/pwhm-226177/test/testRadio11be/rad6_base.txt
2026-01-28 11:30:39,867 - Knowledge - INFO - [MONGODB_OP] Completed: persist, Collection: file_info, Duration: 96ms
2026-01-28 11:30:40,281 - Knowledge - INFO - [REDIS_OP] Completed: store_embedding, Key: test/testRadio11be/rad6_base.txt, Duration: 258ms
2026-01-28 11:30:40,444 - Knowledge - INFO - persist search terms embedding for test/testRadio11be/rad6_base.txt
2026-01-28 11:30:40,606 - Knowledge - INFO - process ingested knowledge for /app/data/T0015/311196/b74521f/pwhm-226177/test/testRadio11be/rad6_base.txt
2026-01-28 11:30:40,764 - Knowledge - INFO - Found code-base-name: https://github.com/kavia-common/pwhm-226177.git:kavia-main
2026-01-28 11:30:40,919 - Knowledge - INFO - Found code_base: <app.utils.kg_build.knowledge.KnowledgeCodeBase object at 0x7fcfb397d7d0>
2026-01-28 11:30:41,204 - Knowledge - INFO - Found code-base-name: https://github.com/kavia-common/pwhm-226177.git:kavia-main
2026-01-28 11:30:41,375 - Knowledge - INFO - Found code_base: <app.utils.kg_build.knowledge.KnowledgeCodeBase object at 0x7fcfb397d7d0>
2026-01-28 11:30:41,538 - Knowledge - INFO - persist ingested knowledge for /app/data/T0015/311196/b74521f/pwhm-226177/include/wld/wld_ap_nl80211.h
2026-01-28 11:30:41,801 - Knowledge - INFO - [MONGODB_OP] Completed: persist, Collection: file_info, Duration: 100ms
2026-01-28 11:30:42,244 - Knowledge - INFO - [REDIS_OP] Completed: store_embedding, Key: include/wld/wld_ap_nl80211.h, Duration: 296ms
2026-01-28 11:30:42,440 - Knowledge - INFO - persist search terms embedding for include/wld/wld_ap_nl80211.h
2026-01-28 11:30:42,622 - Knowledge - INFO - process ingested knowledge for /app/data/T0015/311196/b74521f/pwhm-226177/include/wld/wld_ap_nl80211.h
2026-01-28 11:30:42,794 - Knowledge - INFO - Found code-base-name: https://github.com/kavia-common/pwhm-226177.git:kavia-main
2026-01-28 11:30:42,949 - Knowledge - INFO - Found code_base: <app.utils.kg_build.knowledge.KnowledgeCodeBase object at 0x7fcfb397d7d0>
2026-01-28 11:30:43,176 - Knowledge - INFO - Found code-base-name: https://github.com/kavia-common/pwhm-226177.git:kavia-main
2026-01-28 11:30:43,361 - Knowledge - INFO - Found code_base: <app.utils.kg_build.knowledge.KnowledgeCodeBase object at 0x7fcfb397d7d0>
2026-01-28 11:30:43,547 - Knowledge - INFO - persist ingested knowledge for /app/data/T0015/311196/b74521f/pwhm-226177/test/testStaStatsWiFi7/stationStats/stats_test4.txt
2026-01-28 11:30:43,827 - Knowledge - INFO - [MONGODB_OP] Completed: persist, Collection: file_info, Duration: 103ms
2026-01-28 11:30:44,235 - Knowledge - INFO - [REDIS_OP] Completed: store_embedding, Key: test/testStaStatsWiFi7/stationStats/stats_test4.txt, Duration: 235ms
2026-01-28 11:30:44,400 - Knowledge - INFO - persist search terms embedding for test/testStaStatsWiFi7/stationStats/stats_test4.txt
2026-01-28 11:30:44,588 - Knowledge - INFO - process ingested knowledge for /app/data/T0015/311196/b74521f/pwhm-226177/test/testStaStatsWiFi7/stationStats/stats_test4.txt
2026-01-28 11:30:44,748 - Knowledge - INFO - Found code-base-name: https://github.com/kavia-common/pwhm-226177.git:kavia-main
2026-01-28 11:30:44,925 - Knowledge - INFO - Found code_base: <app.utils.kg_build.knowledge.KnowledgeCodeBase object at 0x7fcfb397d7d0>
2026-01-28 11:30:45,204 - Knowledge - INFO - Found code-base-name: https://github.com/kavia-common/pwhm-226177.git:kavia-main
2026-01-28 11:30:45,369 - Knowledge - INFO - Found code_base: <app.utils.kg_build.knowledge.KnowledgeCodeBase object at 0x7fcfb397d7d0>
2026-01-28 11:30:45,534 - Knowledge - INFO - persist ingested knowledge for /app/data/T0015/311196/b74521f/pwhm-226177/src/nl80211/wld_ssid_nl80211.c
2026-01-28 11:30:45,788 - Knowledge - INFO - [MONGODB_OP] Completed: persist, Collection: file_info, Duration: 84ms
2026-01-28 11:30:46,243 - Knowledge - INFO - [REDIS_OP] Completed: store_embedding, Key: src/nl80211/wld_ssid_nl80211.c, Duration: 309ms
2026-01-28 11:30:46,434 - Knowledge - INFO - persist search terms embedding for src/nl80211/wld_ssid_nl80211.c
2026-01-28 11:30:46,628 - Knowledge - INFO - process ingested knowledge for /app/data/T0015/311196/b74521f/pwhm-226177/src/nl80211/wld_ssid_nl80211.c
2026-01-28 11:30:46,792 - Knowledge - INFO - Found code-base-name: https://github.com/kavia-common/pwhm-226177.git:kavia-main
2026-01-28 11:30:46,950 - Knowledge - INFO - Found code_base: <app.utils.kg_build.knowledge.KnowledgeCodeBase object at 0x7fcfb397d7d0>
2026-01-28 11:30:47,245 - Knowledge - INFO - Found code-base-name: https://github.com/kavia-common/pwhm-226177.git:kavia-main
2026-01-28 11:30:47,408 - Knowledge - INFO - Found code_base: <app.utils.kg_build.knowledge.KnowledgeCodeBase object at 0x7fcfb397d7d0>
2026-01-28 11:30:47,571 - Knowledge - INFO - persist ingested knowledge for /app/data/T0015/311196/b74521f/pwhm-226177/src/Utils/wld_autoNeighAdd.c
2026-01-28 11:30:47,889 - Knowledge - INFO - [MONGODB_OP] Completed: persist, Collection: file_info, Duration: 122ms
2026-01-28 11:30:48,230 - Knowledge - INFO - [REDIS_OP] Completed: store_embedding, Key: src/Utils/wld_autoNeighAdd.c, Duration: 187ms
2026-01-28 11:30:48,402 - Knowledge - INFO - persist search terms embedding for src/Utils/wld_autoNeighAdd.c
2026-01-28 11:30:48,562 - Knowledge - INFO - process ingested knowledge for /app/data/T0015/311196/b74521f/pwhm-226177/src/Utils/wld_autoNeighAdd.c
2026-01-28 11:30:48,731 - Knowledge - INFO - Found code-base-name: https://github.com/kavia-common/pwhm-226177.git:kavia-main
2026-01-28 11:30:48,892 - Knowledge - INFO - Found code_base: <app.utils.kg_build.knowledge.KnowledgeCodeBase object at 0x7fcfb397d7d0>
2026-01-28 11:30:49,175 - Knowledge - INFO - Found code-base-name: https://github.com/kavia-common/pwhm-226177.git:kavia-main
2026-01-28 11:30:49,327 - Knowledge - INFO - Found code_base: <app.utils.kg_build.knowledge.KnowledgeCodeBase object at 0x7fcfb397d7d0>
2026-01-28 11:30:49,515 - Knowledge - INFO - persist ingested knowledge for /app/data/T0015/311196/b74521f/pwhm-226177/src/Features/persist/wld_persist_on.c
2026-01-28 11:30:49,798 - Knowledge - INFO - [MONGODB_OP] Completed: persist, Collection: file_info, Duration: 92ms
2026-01-28 11:30:50,303 - Knowledge - INFO - [REDIS_OP] Completed: store_embedding, Key: src/Features/persist/wld_persist_on.c, Duration: 340ms
2026-01-28 11:30:50,461 - Knowledge - INFO - persist search terms embedding for src/Features/persist/wld_persist_on.c
2026-01-28 11:30:50,663 - Knowledge - INFO - process ingested knowledge for /app/data/T0015/311196/b74521f/pwhm-226177/src/Features/persist/wld_persist_on.c
2026-01-28 11:30:50,828 - Knowledge - INFO - Found code-base-name: https://github.com/kavia-common/pwhm-226177.git:kavia-main
2026-01-28 11:30:50,998 - Knowledge - INFO - Found code_base: <app.utils.kg_build.knowledge.KnowledgeCodeBase object at 0x7fcfb397d7d0>
2026-01-28 11:30:51,265 - Knowledge - INFO - Found code-base-name: https://github.com/kavia-common/pwhm-226177.git:kavia-main
2026-01-28 11:30:51,441 - Knowledge - INFO - Found code_base: <app.utils.kg_build.knowledge.KnowledgeCodeBase object at 0x7fcfb397d7d0>
2026-01-28 11:30:51,598 - Knowledge - INFO - persist ingested knowledge for /app/data/T0015/311196/b74521f/pwhm-226177/src/Plugin/wifiGen_mld.c
2026-01-28 11:30:51,848 - Knowledge - INFO - [MONGODB_OP] Completed: persist, Collection: file_info, Duration: 102ms
2026-01-28 11:30:52,454 - Knowledge - INFO - [REDIS_OP] Completed: store_embedding, Key: src/Plugin/wifiGen_mld.c, Duration: 444ms
2026-01-28 11:30:52,660 - Knowledge - INFO - persist search terms embedding for src/Plugin/wifiGen_mld.c
2026-01-28 11:30:52,845 - Knowledge - INFO - process ingested knowledge for /app/data/T0015/311196/b74521f/pwhm-226177/src/Plugin/wifiGen_mld.c
2026-01-28 11:30:53,037 - Knowledge - INFO - Found code-base-name: https://github.com/kavia-common/pwhm-226177.git:kavia-main
2026-01-28 11:30:53,187 - Knowledge - INFO - Found code_base: <app.utils.kg_build.knowledge.KnowledgeCodeBase object at 0x7fcfb397d7d0>
2026-01-28 11:30:53,440 - Knowledge - INFO - Found code-base-name: https://github.com/kavia-common/pwhm-226177.git:kavia-main
2026-01-28 11:30:53,605 - Knowledge - INFO - Found code_base: <app.utils.kg_build.knowledge.KnowledgeCodeBase object at 0x7fcfb397d7d0>
2026-01-28 11:30:53,771 - Knowledge - INFO - persist ingested knowledge for /app/data/T0015/311196/b74521f/pwhm-226177/include/wld/wld_epProfile.h
2026-01-28 11:30:54,071 - Knowledge - INFO - [MONGODB_OP] Completed: persist, Collection: file_info, Duration: 96ms
2026-01-28 11:30:54,512 - Knowledge - INFO - [REDIS_OP] Completed: store_embedding, Key: include/wld/wld_epProfile.h, Duration: 266ms
2026-01-28 11:30:54,671 - Knowledge - INFO - persist search terms embedding for include/wld/wld_epProfile.h
2026-01-28 11:30:54,855 - Knowledge - INFO - process ingested knowledge for /app/data/T0015/311196/b74521f/pwhm-226177/include/wld/wld_epProfile.h
2026-01-28 11:30:55,027 - Knowledge - INFO - Found code-base-name: https://github.com/kavia-common/pwhm-226177.git:kavia-main
2026-01-28 11:30:55,193 - Knowledge - INFO - Found code_base: <app.utils.kg_build.knowledge.KnowledgeCodeBase object at 0x7fcfb397d7d0>
2026-01-28 11:30:55,424 - Knowledge - INFO - Found code-base-name: https://github.com/kavia-common/pwhm-226177.git:kavia-main
2026-01-28 11:30:55,613 - Knowledge - INFO - Found code_base: <app.utils.kg_build.knowledge.KnowledgeCodeBase object at 0x7fcfb397d7d0>
2026-01-28 11:30:55,804 - Knowledge - INFO - persist ingested knowledge for /app/data/T0015/311196/b74521f/pwhm-226177/include/wld/Utils/wld_config.h
2026-01-28 11:30:56,056 - Knowledge - INFO - [MONGODB_OP] Completed: persist, Collection: file_info, Duration: 89ms
2026-01-28 11:30:56,533 - Knowledge - INFO - [REDIS_OP] Completed: store_embedding, Key: include/wld/Utils/wld_config.h, Duration: 310ms
2026-01-28 11:30:56,716 - Knowledge - INFO - persist search terms embedding for include/wld/Utils/wld_config.h
2026-01-28 11:30:56,882 - Knowledge - INFO - process ingested knowledge for /app/data/T0015/311196/b74521f/pwhm-226177/include/wld/Utils/wld_config.h
2026-01-28 11:30:57,067 - Knowledge - INFO - Found code-base-name: https://github.com/kavia-common/pwhm-226177.git:kavia-main
2026-01-28 11:30:57,239 - Knowledge - INFO - Found code_base: <app.utils.kg_build.knowledge.KnowledgeCodeBase object at 0x7fcfb397d7d0>
2026-01-28 11:30:57,506 - Knowledge - INFO - Found code-base-name: https://github.com/kavia-common/pwhm-226177.git:kavia-main
2026-01-28 11:30:57,675 - Knowledge - INFO - Found code_base: <app.utils.kg_build.knowledge.KnowledgeCodeBase object at 0x7fcfb397d7d0>
2026-01-28 11:30:57,843 - Knowledge - INFO - persist ingested knowledge for /app/data/T0015/311196/b74521f/pwhm-226177/src/wld_mld.c
2026-01-28 11:30:58,096 - Knowledge - INFO - [MONGODB_OP] Completed: persist, Collection: file_info, Duration: 87ms
2026-01-28 11:30:58,526 - Knowledge - INFO - [REDIS_OP] Completed: store_embedding, Key: src/wld_mld.c, Duration: 203ms
2026-01-28 11:30:58,688 - Knowledge - INFO - persist search terms embedding for src/wld_mld.c
2026-01-28 11:30:58,890 - Knowledge - INFO - process ingested knowledge for /app/data/T0015/311196/b74521f/pwhm-226177/src/wld_mld.c
2026-01-28 11:30:59,059 - Knowledge - INFO - Found code-base-name: https://github.com/kavia-common/pwhm-226177.git:kavia-main
2026-01-28 11:30:59,258 - Knowledge - INFO - Found code_base: <app.utils.kg_build.knowledge.KnowledgeCodeBase object at 0x7fcfb397d7d0>
2026-01-28 11:30:59,532 - Knowledge - INFO - Found code-base-name: https://github.com/kavia-common/pwhm-226177.git:kavia-main
2026-01-28 11:30:59,730 - Knowledge - INFO - Found code_base: <app.utils.kg_build.knowledge.KnowledgeCodeBase object at 0x7fcfb397d7d0>
2026-01-28 11:30:59,905 - Knowledge - INFO - persist ingested knowledge for /app/data/T0015/311196/b74521f/pwhm-226177/include/wld/wld_nl80211_utils.h
2026-01-28 11:31:00,229 - Knowledge - INFO - [MONGODB_OP] Completed: persist, Collection: file_info, Duration: 99ms
2026-01-28 11:31:00,662 - Knowledge - INFO - [REDIS_OP] Completed: store_embedding, Key: include/wld/wld_nl80211_utils.h, Duration: 225ms
2026-01-28 11:31:00,818 - Knowledge - INFO - persist search terms embedding for include/wld/wld_nl80211_utils.h
2026-01-28 11:31:00,981 - Knowledge - INFO - process ingested knowledge for /app/data/T0015/311196/b74521f/pwhm-226177/include/wld/wld_nl80211_utils.h
2026-01-28 11:31:01,142 - Knowledge - INFO - Found code-base-name: https://github.com/kavia-common/pwhm-226177.git:kavia-main
2026-01-28 11:31:01,300 - Knowledge - INFO - Found code_base: <app.utils.kg_build.knowledge.KnowledgeCodeBase object at 0x7fcfb397d7d0>
2026-01-28 11:31:01,611 - Knowledge - INFO - Found code-base-name: https://github.com/kavia-common/pwhm-226177.git:kavia-main
2026-01-28 11:31:01,785 - Knowledge - INFO - Found code_base: <app.utils.kg_build.knowledge.KnowledgeCodeBase object at 0x7fcfb397d7d0>
2026-01-28 11:31:01,930 - Knowledge - INFO - persist ingested knowledge for /app/data/T0015/311196/b74521f/pwhm-226177/include/wld/wld_chaninfo.h
2026-01-28 11:31:02,215 - Knowledge - INFO - [MONGODB_OP] Completed: persist, Collection: file_info, Duration: 114ms
2026-01-28 11:31:02,596 - Knowledge - INFO - [REDIS_OP] Completed: store_embedding, Key: include/wld/wld_chaninfo.h, Duration: 209ms
2026-01-28 11:31:02,760 - Knowledge - INFO - persist search terms embedding for include/wld/wld_chaninfo.h
2026-01-28 11:31:02,973 - Knowledge - INFO - process ingested knowledge for /app/data/T0015/311196/b74521f/pwhm-226177/include/wld/wld_chaninfo.h
2026-01-28 11:31:03,119 - Knowledge - INFO - Found code-base-name: https://github.com/kavia-common/pwhm-226177.git:kavia-main
2026-01-28 11:31:03,267 - Knowledge - INFO - Found code_base: <app.utils.kg_build.knowledge.KnowledgeCodeBase object at 0x7fcfb397d7d0>
2026-01-28 11:31:03,550 - Knowledge - INFO - Found code-base-name: https://github.com/kavia-common/pwhm-226177.git:kavia-main
2026-01-28 11:31:03,731 - Knowledge - INFO - Found code_base: <app.utils.kg_build.knowledge.KnowledgeCodeBase object at 0x7fcfb397d7d0>
2026-01-28 11:31:03,893 - Knowledge - INFO - persist ingested knowledge for /app/data/T0015/311196/b74521f/pwhm-226177/include/wld/wld_nl80211.h
2026-01-28 11:31:04,150 - Knowledge - INFO - [MONGODB_OP] Completed: persist, Collection: file_info, Duration: 106ms
2026-01-28 11:31:04,538 - Knowledge - INFO - [REDIS_OP] Completed: store_embedding, Key: include/wld/wld_nl80211.h, Duration: 227ms
2026-01-28 11:31:04,699 - Knowledge - INFO - persist search terms embedding for include/wld/wld_nl80211.h
2026-01-28 11:31:04,877 - Knowledge - INFO - process ingested knowledge for /app/data/T0015/311196/b74521f/pwhm-226177/include/wld/wld_nl80211.h
2026-01-28 11:31:05,031 - Knowledge - INFO - Found code-base-name: https://github.com/kavia-common/pwhm-226177.git:kavia-main
2026-01-28 11:31:05,208 - Knowledge - INFO - Found code_base: <app.utils.kg_build.knowledge.KnowledgeCodeBase object at 0x7fcfb397d7d0>
2026-01-28 11:31:05,520 - Knowledge - INFO - Found code-base-name: https://github.com/kavia-common/pwhm-226177.git:kavia-main
2026-01-28 11:31:05,675 - Knowledge - INFO - Found code_base: <app.utils.kg_build.knowledge.KnowledgeCodeBase object at 0x7fcfb397d7d0>
2026-01-28 11:31:05,834 - Knowledge - INFO - persist ingested knowledge for /app/data/T0015/311196/b74521f/pwhm-226177/src/Plugin/wld_plugin.c
2026-01-28 11:31:06,129 - Knowledge - INFO - [MONGODB_OP] Completed: persist, Collection: file_info, Duration: 101ms
2026-01-28 11:31:06,612 - Knowledge - INFO - [REDIS_OP] Completed: store_embedding, Key: src/Plugin/wld_plugin.c, Duration: 295ms
2026-01-28 11:31:06,777 - Knowledge - INFO - persist search terms embedding for src/Plugin/wld_plugin.c
2026-01-28 11:31:06,935 - Knowledge - INFO - process ingested knowledge for /app/data/T0015/311196/b74521f/pwhm-226177/src/Plugin/wld_plugin.c
2026-01-28 11:31:07,146 - Knowledge - INFO - Found code-base-name: https://github.com/kavia-common/pwhm-226177.git:kavia-main
2026-01-28 11:31:07,306 - Knowledge - INFO - Found code_base: <app.utils.kg_build.knowledge.KnowledgeCodeBase object at 0x7fcfb397d7d0>
2026-01-28 11:31:07,516 - Knowledge - INFO - Found code-base-name: https://github.com/kavia-common/pwhm-226177.git:kavia-main
2026-01-28 11:31:07,687 - Knowledge - INFO - Found code_base: <app.utils.kg_build.knowledge.KnowledgeCodeBase object at 0x7fcfb397d7d0>
2026-01-28 11:31:07,856 - Knowledge - INFO - persist ingested knowledge for /app/data/T0015/311196/b74521f/pwhm-226177/test/test_wpaSupp_cfgFile/test_wpaSupp_cfgFile.c
2026-01-28 11:31:08,135 - Knowledge - INFO - [MONGODB_OP] Completed: persist, Collection: file_info, Duration: 110ms
2026-01-28 11:31:08,481 - Knowledge - INFO - [REDIS_OP] Completed: store_embedding, Key: test/test_wpaSupp_cfgFile/test_wpaSupp_cfgFile.c, Duration: 175ms
2026-01-28 11:31:08,647 - Knowledge - INFO - persist search terms embedding for test/test_wpaSupp_cfgFile/test_wpaSupp_cfgFile.c
2026-01-28 11:31:08,797 - Knowledge - INFO - process ingested knowledge for /app/data/T0015/311196/b74521f/pwhm-226177/test/test_wpaSupp_cfgFile/test_wpaSupp_cfgFile.c
2026-01-28 11:31:08,955 - Knowledge - INFO - Found code-base-name: https://github.com/kavia-common/pwhm-226177.git:kavia-main
2026-01-28 11:31:09,114 - Knowledge - INFO - Found code_base: <app.utils.kg_build.knowledge.KnowledgeCodeBase object at 0x7fcfb397d7d0>
2026-01-28 11:31:09,355 - Knowledge - INFO - Found code-base-name: https://github.com/kavia-common/pwhm-226177.git:kavia-main
2026-01-28 11:31:09,523 - Knowledge - INFO - Found code_base: <app.utils.kg_build.knowledge.KnowledgeCodeBase object at 0x7fcfb397d7d0>
2026-01-28 11:31:09,679 - Knowledge - INFO - persist ingested knowledge for /app/data/T0015/311196/b74521f/pwhm-226177/include/wld/wld_bgdfs.h
2026-01-28 11:31:09,914 - Knowledge - INFO - [MONGODB_OP] Completed: persist, Collection: file_info, Duration: 85ms
2026-01-28 11:31:10,351 - Knowledge - INFO - [REDIS_OP] Completed: store_embedding, Key: include/wld/wld_bgdfs.h, Duration: 282ms
2026-01-28 11:31:10,533 - Knowledge - INFO - persist search terms embedding for include/wld/wld_bgdfs.h
2026-01-28 11:31:10,711 - Knowledge - INFO - process ingested knowledge for /app/data/T0015/311196/b74521f/pwhm-226177/include/wld/wld_bgdfs.h
2026-01-28 11:31:10,880 - Knowledge - INFO - Found code-base-name: https://github.com/kavia-common/pwhm-226177.git:kavia-main
2026-01-28 11:31:11,047 - Knowledge - INFO - Found code_base: <app.utils.kg_build.knowledge.KnowledgeCodeBase object at 0x7fcfb397d7d0>
2026-01-28 11:31:11,280 - Knowledge - INFO - Found code-base-name: https://github.com/kavia-common/pwhm-226177.git:kavia-main
2026-01-28 11:31:11,456 - Knowledge - INFO - Found code_base: <app.utils.kg_build.knowledge.KnowledgeCodeBase object at 0x7fcfb397d7d0>
2026-01-28 11:31:11,637 - Knowledge - INFO - persist ingested knowledge for /app/data/T0015/311196/b74521f/pwhm-226177/src/Plugin/wifiGen_hapd.c
2026-01-28 11:31:11,903 - Knowledge - INFO - [MONGODB_OP] Completed: persist, Collection: file_info, Duration: 90ms
2026-01-28 11:31:12,303 - Knowledge - INFO - [REDIS_OP] Completed: store_embedding, Key: src/Plugin/wifiGen_hapd.c, Duration: 225ms
2026-01-28 11:31:12,454 - Knowledge - INFO - persist search terms embedding for src/Plugin/wifiGen_hapd.c
2026-01-28 11:31:12,622 - Knowledge - INFO - process ingested knowledge for /app/data/T0015/311196/b74521f/pwhm-226177/src/Plugin/wifiGen_hapd.c
2026-01-28 11:31:12,775 - Knowledge - INFO - Found code-base-name: https://github.com/kavia-common/pwhm-226177.git:kavia-main
2026-01-28 11:31:12,930 - Knowledge - INFO - Found code_base: <app.utils.kg_build.knowledge.KnowledgeCodeBase object at 0x7fcfb397d7d0>
2026-01-28 11:31:13,242 - Knowledge - INFO - Found code-base-name: https://github.com/kavia-common/pwhm-226177.git:kavia-main
2026-01-28 11:31:13,443 - Knowledge - INFO - Found code_base: <app.utils.kg_build.knowledge.KnowledgeCodeBase object at 0x7fcfb397d7d0>
2026-01-28 11:31:13,609 - Knowledge - INFO - persist ingested knowledge for /app/data/T0015/311196/b74521f/pwhm-226177/include/wld/wld_fsm.h
2026-01-28 11:31:13,865 - Knowledge - INFO - [MONGODB_OP] Completed: persist, Collection: file_info, Duration: 91ms
2026-01-28 11:31:14,264 - Knowledge - INFO - [REDIS_OP] Completed: store_embedding, Key: include/wld/wld_fsm.h, Duration: 197ms
2026-01-28 11:31:14,445 - Knowledge - INFO - persist search terms embedding for include/wld/wld_fsm.h
2026-01-28 11:31:14,601 - Knowledge - INFO - process ingested knowledge for /app/data/T0015/311196/b74521f/pwhm-226177/include/wld/wld_fsm.h
2026-01-28 11:31:14,757 - Knowledge - INFO - Found code-base-name: https://github.com/kavia-common/pwhm-226177.git:kavia-main
2026-01-28 11:31:14,934 - Knowledge - INFO - Found code_base: <app.utils.kg_build.knowledge.KnowledgeCodeBase object at 0x7fcfb397d7d0>
2026-01-28 11:31:15,202 - Knowledge - INFO - Found code-base-name: https://github.com/kavia-common/pwhm-226177.git:kavia-main
2026-01-28 11:31:15,383 - Knowledge - INFO - Found code_base: <app.utils.kg_build.knowledge.KnowledgeCodeBase object at 0x7fcfb397d7d0>
2026-01-28 11:31:15,549 - Knowledge - INFO - persist ingested knowledge for /app/data/T0015/311196/b74521f/pwhm-226177/include/wld/wld_wpaCtrl_api.h
2026-01-28 11:31:15,803 - Knowledge - INFO - [MONGODB_OP] Completed: persist, Collection: file_info, Duration: 89ms
2026-01-28 11:31:16,229 - Knowledge - INFO - [REDIS_OP] Completed: store_embedding, Key: include/wld/wld_wpaCtrl_api.h, Duration: 224ms
2026-01-28 11:31:16,400 - Knowledge - INFO - persist search terms embedding for include/wld/wld_wpaCtrl_api.h
2026-01-28 11:31:16,560 - Knowledge - INFO - process ingested knowledge for /app/data/T0015/311196/b74521f/pwhm-226177/include/wld/wld_wpaCtrl_api.h
2026-01-28 11:31:16,752 - Knowledge - INFO - Found code-base-name: https://github.com/kavia-common/pwhm-226177.git:kavia-main
2026-01-28 11:31:16,932 - Knowledge - INFO - Found code_base: <app.utils.kg_build.knowledge.KnowledgeCodeBase object at 0x7fcfb397d7d0>
2026-01-28 11:31:17,182 - Knowledge - INFO - Found code-base-name: https://github.com/kavia-common/pwhm-226177.git:kavia-main
2026-01-28 11:31:17,380 - Knowledge - INFO - Found code_base: <app.utils.kg_build.knowledge.KnowledgeCodeBase object at 0x7fcfb397d7d0>
2026-01-28 11:31:17,577 - Knowledge - INFO - persist ingested knowledge for /app/data/T0015/311196/b74521f/pwhm-226177/test/testHelper/wld_th_fsm.h
2026-01-28 11:31:17,865 - Knowledge - INFO - [MONGODB_OP] Completed: persist, Collection: file_info, Duration: 113ms
2026-01-28 11:31:18,239 - Knowledge - INFO - [REDIS_OP] Completed: store_embedding, Key: test/testHelper/wld_th_fsm.h, Duration: 216ms
2026-01-28 11:31:18,410 - Knowledge - INFO - persist search terms embedding for test/testHelper/wld_th_fsm.h
2026-01-28 11:31:18,619 - Knowledge - INFO - process ingested knowledge for /app/data/T0015/311196/b74521f/pwhm-226177/test/testHelper/wld_th_fsm.h
2026-01-28 11:31:18,782 - Knowledge - INFO - Found code-base-name: https://github.com/kavia-common/pwhm-226177.git:kavia-main
2026-01-28 11:31:18,994 - Knowledge - INFO - Found code_base: <app.utils.kg_build.knowledge.KnowledgeCodeBase object at 0x7fcfb397d7d0>
2026-01-28 11:31:19,274 - Knowledge - INFO - Found code-base-name: https://github.com/kavia-common/pwhm-226177.git:kavia-main
2026-01-28 11:31:19,437 - Knowledge - INFO - Found code_base: <app.utils.kg_build.knowledge.KnowledgeCodeBase object at 0x7fcfb397d7d0>
2026-01-28 11:31:19,619 - Knowledge - INFO - persist ingested knowledge for /app/data/T0015/311196/b74521f/pwhm-226177/test/wld_channel/test_wld_channel_info.c
2026-01-28 11:31:19,913 - Knowledge - INFO - [MONGODB_OP] Completed: persist, Collection: file_info, Duration: 141ms
2026-01-28 11:31:20,370 - Knowledge - INFO - [REDIS_OP] Completed: store_embedding, Key: test/wld_channel/test_wld_channel_info.c, Duration: 219ms
2026-01-28 11:31:20,539 - Knowledge - INFO - persist search terms embedding for test/wld_channel/test_wld_channel_info.c
2026-01-28 11:31:20,714 - Knowledge - INFO - process ingested knowledge for /app/data/T0015/311196/b74521f/pwhm-226177/test/wld_channel/test_wld_channel_info.c
2026-01-28 11:31:20,929 - Knowledge - INFO - Found code-base-name: https://github.com/kavia-common/pwhm-226177.git:kavia-main
2026-01-28 11:31:21,090 - Knowledge - INFO - Found code_base: <app.utils.kg_build.knowledge.KnowledgeCodeBase object at 0x7fcfb397d7d0>
2026-01-28 11:31:21,327 - Knowledge - INFO - Found code-base-name: https://github.com/kavia-common/pwhm-226177.git:kavia-main
2026-01-28 11:31:21,523 - Knowledge - INFO - Found code_base: <app.utils.kg_build.knowledge.KnowledgeCodeBase object at 0x7fcfb397d7d0>
2026-01-28 11:31:21,715 - Knowledge - INFO - persist ingested knowledge for /app/data/T0015/311196/b74521f/pwhm-226177/test/testScanSsid/ScanResults-5g-6.txt
2026-01-28 11:31:21,961 - Knowledge - INFO - [MONGODB_OP] Completed: persist, Collection: file_info, Duration: 95ms
2026-01-28 11:31:22,355 - Knowledge - INFO - [REDIS_OP] Completed: store_embedding, Key: test/testScanSsid/ScanResults-5g-6.txt, Duration: 227ms
2026-01-28 11:31:22,542 - Knowledge - INFO - persist search terms embedding for test/testScanSsid/ScanResults-5g-6.txt
2026-01-28 11:31:22,745 - Knowledge - INFO - process ingested knowledge for /app/data/T0015/311196/b74521f/pwhm-226177/test/testScanSsid/ScanResults-5g-6.txt
2026-01-28 11:31:22,917 - Knowledge - INFO - Found code-base-name: https://github.com/kavia-common/pwhm-226177.git:kavia-main
2026-01-28 11:31:23,079 - Knowledge - INFO - Found code_base: <app.utils.kg_build.knowledge.KnowledgeCodeBase object at 0x7fcfb397d7d0>
2026-01-28 11:31:23,358 - Knowledge - INFO - Found code-base-name: https://github.com/kavia-common/pwhm-226177.git:kavia-main
2026-01-28 11:31:23,522 - Knowledge - INFO - Found code_base: <app.utils.kg_build.knowledge.KnowledgeCodeBase object at 0x7fcfb397d7d0>
2026-01-28 11:31:23,689 - Knowledge - INFO - persist ingested knowledge for /app/data/T0015/311196/b74521f/pwhm-226177/CHANGELOG.md
2026-01-28 11:31:23,994 - Knowledge - INFO - [MONGODB_OP] Completed: persist, Collection: file_info, Duration: 89ms
2026-01-28 11:31:24,425 - Knowledge - INFO - [REDIS_OP] Completed: store_embedding, Key: CHANGELOG.md, Duration: 273ms
2026-01-28 11:31:24,607 - Knowledge - INFO - persist search terms embedding for CHANGELOG.md
2026-01-28 11:31:24,771 - Knowledge - INFO - process ingested knowledge for /app/data/T0015/311196/b74521f/pwhm-226177/CHANGELOG.md
2026-01-28 11:31:24,937 - Knowledge - INFO - Found code-base-name: https://github.com/kavia-common/pwhm-226177.git:kavia-main
2026-01-28 11:31:25,096 - Knowledge - INFO - Found code_base: <app.utils.kg_build.knowledge.KnowledgeCodeBase object at 0x7fcfb397d7d0>
2026-01-28 11:31:25,380 - Knowledge - INFO - Found code-base-name: https://github.com/kavia-common/pwhm-226177.git:kavia-main
2026-01-28 11:31:25,536 - Knowledge - INFO - Found code_base: <app.utils.kg_build.knowledge.KnowledgeCodeBase object at 0x7fcfb397d7d0>
2026-01-28 11:31:25,701 - Knowledge - INFO - persist ingested knowledge for /app/data/T0015/311196/b74521f/pwhm-226177/test/test_channel5G/test_channel5G.c
2026-01-28 11:31:26,014 - Knowledge - INFO - [MONGODB_OP] Completed: persist, Collection: file_info, Duration: 108ms
2026-01-28 11:31:26,443 - Knowledge - INFO - [REDIS_OP] Completed: store_embedding, Key: test/test_channel5G/test_channel5G.c, Duration: 267ms
2026-01-28 11:31:26,603 - Knowledge - INFO - persist search terms embedding for test/test_channel5G/test_channel5G.c
2026-01-28 11:31:26,771 - Knowledge - INFO - process ingested knowledge for /app/data/T0015/311196/b74521f/pwhm-226177/test/test_channel5G/test_channel5G.c
2026-01-28 11:31:26,976 - Knowledge - INFO - Found code-base-name: https://github.com/kavia-common/pwhm-226177.git:kavia-main
2026-01-28 11:31:27,159 - Knowledge - INFO - Found code_base: <app.utils.kg_build.knowledge.KnowledgeCodeBase object at 0x7fcfb397d7d0>
2026-01-28 11:31:27,455 - Knowledge - INFO - Found code-base-name: https://github.com/kavia-common/pwhm-226177.git:kavia-main
2026-01-28 11:31:27,647 - Knowledge - INFO - Found code_base: <app.utils.kg_build.knowledge.KnowledgeCodeBase object at 0x7fcfb397d7d0>
2026-01-28 11:31:27,808 - Knowledge - INFO - persist ingested knowledge for /app/data/T0015/311196/b74521f/pwhm-226177/scripts/wld.sh
2026-01-28 11:31:28,110 - Knowledge - INFO - [MONGODB_OP] Completed: persist, Collection: file_info, Duration: 141ms
2026-01-28 11:31:28,485 - Knowledge - INFO - [REDIS_OP] Completed: store_embedding, Key: scripts/wld.sh, Duration: 215ms
2026-01-28 11:31:28,629 - Knowledge - INFO - persist search terms embedding for scripts/wld.sh
2026-01-28 11:31:28,804 - Knowledge - INFO - process ingested knowledge for /app/data/T0015/311196/b74521f/pwhm-226177/scripts/wld.sh
2026-01-28 11:31:29,021 - Knowledge - INFO - Found code-base-name: https://github.com/kavia-common/pwhm-226177.git:kavia-main
2026-01-28 11:31:29,228 - Knowledge - INFO - Found code_base: <app.utils.kg_build.knowledge.KnowledgeCodeBase object at 0x7fcfb397d7d0>
2026-01-28 11:31:29,510 - Knowledge - INFO - Found code-base-name: https://github.com/kavia-common/pwhm-226177.git:kavia-main
2026-01-28 11:31:29,671 - Knowledge - INFO - Found code_base: <app.utils.kg_build.knowledge.KnowledgeCodeBase object at 0x7fcfb397d7d0>
2026-01-28 11:31:29,884 - Knowledge - INFO - persist ingested knowledge for /app/data/T0015/311196/b74521f/pwhm-226177/test/testRadio11be/rad2_base.txt
2026-01-28 11:31:30,145 - Knowledge - INFO - [MONGODB_OP] Completed: persist, Collection: file_info, Duration: 104ms
2026-01-28 11:31:30,591 - Knowledge - INFO - [REDIS_OP] Completed: store_embedding, Key: test/testRadio11be/rad2_base.txt, Duration: 293ms
2026-01-28 11:31:30,756 - Knowledge - INFO - persist search terms embedding for test/testRadio11be/rad2_base.txt
2026-01-28 11:31:30,915 - Knowledge - INFO - process ingested knowledge for /app/data/T0015/311196/b74521f/pwhm-226177/test/testRadio11be/rad2_base.txt
2026-01-28 11:31:31,065 - Knowledge - INFO - Found code-base-name: https://github.com/kavia-common/pwhm-226177.git:kavia-main
2026-01-28 11:31:31,264 - Knowledge - INFO - Found code_base: <app.utils.kg_build.knowledge.KnowledgeCodeBase object at 0x7fcfb397d7d0>
2026-01-28 11:31:31,524 - Knowledge - INFO - Found code-base-name: https://github.com/kavia-common/pwhm-226177.git:kavia-main
2026-01-28 11:31:31,710 - Knowledge - INFO - Found code_base: <app.utils.kg_build.knowledge.KnowledgeCodeBase object at 0x7fcfb397d7d0>
2026-01-28 11:31:31,903 - Knowledge - INFO - persist ingested knowledge for /app/data/T0015/311196/b74521f/pwhm-226177/include/wld/wld_rad_hostapd_api.h
2026-01-28 11:31:32,209 - Knowledge - INFO - [MONGODB_OP] Completed: persist, Collection: file_info, Duration: 97ms
2026-01-28 11:31:32,675 - Knowledge - INFO - [REDIS_OP] Completed: store_embedding, Key: include/wld/wld_rad_hostapd_api.h, Duration: 294ms
2026-01-28 11:31:32,866 - Knowledge - INFO - persist search terms embedding for include/wld/wld_rad_hostapd_api.h
2026-01-28 11:31:33,047 - Knowledge - INFO - process ingested knowledge for /app/data/T0015/311196/b74521f/pwhm-226177/include/wld/wld_rad_hostapd_api.h
2026-01-28 11:31:33,255 - Knowledge - INFO - Found code-base-name: https://github.com/kavia-common/pwhm-226177.git:kavia-main
2026-01-28 11:31:33,431 - Knowledge - INFO - Found code_base: <app.utils.kg_build.knowledge.KnowledgeCodeBase object at 0x7fcfb397d7d0>
2026-01-28 11:31:33,674 - Knowledge - INFO - Found code-base-name: https://github.com/kavia-common/pwhm-226177.git:kavia-main
2026-01-28 11:31:33,877 - Knowledge - INFO - Found code_base: <app.utils.kg_build.knowledge.KnowledgeCodeBase object at 0x7fcfb397d7d0>
2026-01-28 11:31:34,039 - Knowledge - INFO - persist ingested knowledge for /app/data/T0015/311196/b74521f/pwhm-226177/src/ChannelManagement/wld_channel_info.c
2026-01-28 11:31:34,279 - Knowledge - INFO - [MONGODB_OP] Completed: persist, Collection: file_info, Duration: 86ms
2026-01-28 11:31:34,708 - Knowledge - INFO - [REDIS_OP] Completed: store_embedding, Key: src/ChannelManagement/wld_channel_info.c, Duration: 222ms
2026-01-28 11:31:34,870 - Knowledge - INFO - persist search terms embedding for src/ChannelManagement/wld_channel_info.c
2026-01-28 11:31:35,043 - Knowledge - INFO - process ingested knowledge for /app/data/T0015/311196/b74521f/pwhm-226177/src/ChannelManagement/wld_channel_info.c
2026-01-28 11:31:35,262 - Knowledge - INFO - Found code-base-name: https://github.com/kavia-common/pwhm-226177.git:kavia-main
2026-01-28 11:31:35,446 - Knowledge - INFO - Found code_base: <app.utils.kg_build.knowledge.KnowledgeCodeBase object at 0x7fcfb397d7d0>
2026-01-28 11:31:35,691 - Knowledge - INFO - Found code-base-name: https://github.com/kavia-common/pwhm-226177.git:kavia-main
2026-01-28 11:31:35,863 - Knowledge - INFO - Found code_base: <app.utils.kg_build.knowledge.KnowledgeCodeBase object at 0x7fcfb397d7d0>
2026-01-28 11:31:36,071 - Knowledge - INFO - persist ingested knowledge for /app/data/T0015/311196/b74521f/pwhm-226177/include_priv/nl80211/wld_secDmnGrp_priv.h
2026-01-28 11:31:36,323 - Knowledge - INFO - [MONGODB_OP] Completed: persist, Collection: file_info, Duration: 88ms
2026-01-28 11:31:36,813 - Knowledge - INFO - [REDIS_OP] Completed: store_embedding, Key: include_priv/nl80211/wld_secDmnGrp_priv.h, Duration: 265ms
2026-01-28 11:31:37,016 - Knowledge - INFO - persist search terms embedding for include_priv/nl80211/wld_secDmnGrp_priv.h
2026-01-28 11:31:37,230 - Knowledge - INFO - process ingested knowledge for /app/data/T0015/311196/b74521f/pwhm-226177/include_priv/nl80211/wld_secDmnGrp_priv.h
2026-01-28 11:31:37,416 - Knowledge - INFO - Found code-base-name: https://github.com/kavia-common/pwhm-226177.git:kavia-main
2026-01-28 11:31:37,588 - Knowledge - INFO - Found code_base: <app.utils.kg_build.knowledge.KnowledgeCodeBase object at 0x7fcfb397d7d0>
2026-01-28 11:31:37,850 - Knowledge - INFO - Found code-base-name: https://github.com/kavia-common/pwhm-226177.git:kavia-main
2026-01-28 11:31:38,009 - Knowledge - INFO - Found code_base: <app.utils.kg_build.knowledge.KnowledgeCodeBase object at 0x7fcfb397d7d0>
2026-01-28 11:31:38,175 - Knowledge - INFO - persist ingested knowledge for /app/data/T0015/311196/b74521f/pwhm-226177/src/RadMgt/wld_rad_scan.c
2026-01-28 11:31:38,443 - Knowledge - INFO - [MONGODB_OP] Completed: persist, Collection: file_info, Duration: 95ms
2026-01-28 11:31:38,829 - Knowledge - INFO - [REDIS_OP] Completed: store_embedding, Key: src/RadMgt/wld_rad_scan.c, Duration: 208ms
2026-01-28 11:31:38,977 - Knowledge - INFO - persist search terms embedding for src/RadMgt/wld_rad_scan.c
2026-01-28 11:31:39,140 - Knowledge - INFO - process ingested knowledge for /app/data/T0015/311196/b74521f/pwhm-226177/src/RadMgt/wld_rad_scan.c
2026-01-28 11:31:39,299 - Knowledge - INFO - Found code-base-name: https://github.com/kavia-common/pwhm-226177.git:kavia-main
2026-01-28 11:31:39,446 - Knowledge - INFO - Found code_base: <app.utils.kg_build.knowledge.KnowledgeCodeBase object at 0x7fcfb397d7d0>
2026-01-28 11:31:39,727 - Knowledge - INFO - Found code-base-name: https://github.com/kavia-common/pwhm-226177.git:kavia-main
2026-01-28 11:31:39,920 - Knowledge - INFO - Found code_base: <app.utils.kg_build.knowledge.KnowledgeCodeBase object at 0x7fcfb397d7d0>
2026-01-28 11:31:40,092 - Knowledge - INFO - persist ingested knowledge for /app/data/T0015/311196/b74521f/pwhm-226177/include/wld/wld_hostapd_cfgFile.h
2026-01-28 11:31:40,363 - Knowledge - INFO - [MONGODB_OP] Completed: persist, Collection: file_info, Duration: 110ms
2026-01-28 11:31:40,736 - Knowledge - INFO - [REDIS_OP] Completed: store_embedding, Key: include/wld/wld_hostapd_cfgFile.h, Duration: 204ms
2026-01-28 11:31:40,966 - Knowledge - INFO - persist search terms embedding for include/wld/wld_hostapd_cfgFile.h
2026-01-28 11:31:41,180 - Knowledge - INFO - process ingested knowledge for /app/data/T0015/311196/b74521f/pwhm-226177/include/wld/wld_hostapd_cfgFile.h
2026-01-28 11:31:41,348 - Knowledge - INFO - Found code-base-name: https://github.com/kavia-common/pwhm-226177.git:kavia-main
2026-01-28 11:31:41,512 - Knowledge - INFO - Found code_base: <app.utils.kg_build.knowledge.KnowledgeCodeBase object at 0x7fcfb397d7d0>
2026-01-28 11:31:41,798 - Knowledge - INFO - Found code-base-name: https://github.com/kavia-common/pwhm-226177.git:kavia-main
2026-01-28 11:31:41,962 - Knowledge - INFO - Found code_base: <app.utils.kg_build.knowledge.KnowledgeCodeBase object at 0x7fcfb397d7d0>
2026-01-28 11:31:42,148 - Knowledge - INFO - persist ingested knowledge for /app/data/T0015/311196/b74521f/pwhm-226177/test/testStaStats/history2.txt
2026-01-28 11:31:42,425 - Knowledge - INFO - [MONGODB_OP] Completed: persist, Collection: file_info, Duration: 105ms
2026-01-28 11:31:43,014 - Knowledge - INFO - [REDIS_OP] Completed: store_embedding, Key: test/testStaStats/history2.txt, Duration: 422ms
2026-01-28 11:31:43,189 - Knowledge - INFO - persist search terms embedding for test/testStaStats/history2.txt
2026-01-28 11:31:43,373 - Knowledge - INFO - process ingested knowledge for /app/data/T0015/311196/b74521f/pwhm-226177/test/testStaStats/history2.txt
2026-01-28 11:31:43,553 - Knowledge - INFO - Found code-base-name: https://github.com/kavia-common/pwhm-226177.git:kavia-main
2026-01-28 11:31:43,746 - Knowledge - INFO - Found code_base: <app.utils.kg_build.knowledge.KnowledgeCodeBase object at 0x7fcfb397d7d0>
2026-01-28 11:31:43,987 - Knowledge - INFO - Found code-base-name: https://github.com/kavia-common/pwhm-226177.git:kavia-main
2026-01-28 11:31:44,171 - Knowledge - INFO - Found code_base: <app.utils.kg_build.knowledge.KnowledgeCodeBase object at 0x7fcfb397d7d0>
2026-01-28 11:31:44,351 - Knowledge - INFO - persist ingested knowledge for /app/data/T0015/311196/b74521f/pwhm-226177/test/testHelper/wld_th_sensing.c
2026-01-28 11:31:44,661 - Knowledge - INFO - [MONGODB_OP] Completed: persist, Collection: file_info, Duration: 106ms
2026-01-28 11:31:45,123 - Knowledge - INFO - [REDIS_OP] Completed: store_embedding, Key: test/testHelper/wld_th_sensing.c, Duration: 262ms
2026-01-28 11:31:45,273 - Knowledge - INFO - persist search terms embedding for test/testHelper/wld_th_sensing.c
2026-01-28 11:31:45,437 - Knowledge - INFO - process ingested knowledge for /app/data/T0015/311196/b74521f/pwhm-226177/test/testHelper/wld_th_sensing.c
2026-01-28 11:31:45,646 - Knowledge - INFO - Found code-base-name: https://github.com/kavia-common/pwhm-226177.git:kavia-main
2026-01-28 11:31:45,805 - Knowledge - INFO - Found code_base: <app.utils.kg_build.knowledge.KnowledgeCodeBase object at 0x7fcfb397d7d0>
2026-01-28 11:31:46,101 - Knowledge - INFO - Found code-base-name: https://github.com/kavia-common/pwhm-226177.git:kavia-main
2026-01-28 11:31:46,276 - Knowledge - INFO - Found code_base: <app.utils.kg_build.knowledge.KnowledgeCodeBase object at 0x7fcfb397d7d0>
2026-01-28 11:31:46,427 - Knowledge - INFO - persist ingested knowledge for /app/data/T0015/311196/b74521f/pwhm-226177/src/Utils/wld_linuxWExtUtils.c
2026-01-28 11:31:46,723 - Knowledge - INFO - [MONGODB_OP] Completed: persist, Collection: file_info, Duration: 122ms
2026-01-28 11:31:47,251 - Knowledge - INFO - [REDIS_OP] Completed: store_embedding, Key: src/Utils/wld_linuxWExtUtils.c, Duration: 347ms
2026-01-28 11:31:47,416 - Knowledge - INFO - persist search terms embedding for src/Utils/wld_linuxWExtUtils.c
2026-01-28 11:31:47,618 - Knowledge - INFO - process ingested knowledge for /app/data/T0015/311196/b74521f/pwhm-226177/src/Utils/wld_linuxWExtUtils.c
2026-01-28 11:31:47,791 - Knowledge - INFO - Found code-base-name: https://github.com/kavia-common/pwhm-226177.git:kavia-main
2026-01-28 11:31:47,991 - Knowledge - INFO - Found code_base: <app.utils.kg_build.knowledge.KnowledgeCodeBase object at 0x7fcfb397d7d0>
2026-01-28 11:31:48,226 - Knowledge - INFO - Found code-base-name: https://github.com/kavia-common/pwhm-226177.git:kavia-main
2026-01-28 11:31:48,375 - Knowledge - INFO - Found code_base: <app.utils.kg_build.knowledge.KnowledgeCodeBase object at 0x7fcfb397d7d0>
2026-01-28 11:31:48,554 - Knowledge - INFO - persist ingested knowledge for /app/data/T0015/311196/b74521f/pwhm-226177/src/wld_statsmon.c
2026-01-28 11:31:48,800 - Knowledge - INFO - [MONGODB_OP] Completed: persist, Collection: file_info, Duration: 88ms
2026-01-28 11:31:49,229 - Knowledge - INFO - [REDIS_OP] Completed: store_embedding, Key: src/wld_statsmon.c, Duration: 256ms
2026-01-28 11:31:49,388 - Knowledge - INFO - persist search terms embedding for src/wld_statsmon.c
2026-01-28 11:31:49,558 - Knowledge - INFO - process ingested knowledge for /app/data/T0015/311196/b74521f/pwhm-226177/src/wld_statsmon.c
2026-01-28 11:31:49,754 - Knowledge - INFO - Found code-base-name: https://github.com/kavia-common/pwhm-226177.git:kavia-main
2026-01-28 11:31:49,907 - Knowledge - INFO - Found code_base: <app.utils.kg_build.knowledge.KnowledgeCodeBase object at 0x7fcfb397d7d0>
2026-01-28 11:31:50,168 - Knowledge - INFO - Found code-base-name: https://github.com/kavia-common/pwhm-226177.git:kavia-main
2026-01-28 11:31:50,324 - Knowledge - INFO - Found code_base: <app.utils.kg_build.knowledge.KnowledgeCodeBase object at 0x7fcfb397d7d0>
2026-01-28 11:31:50,502 - Knowledge - INFO - persist ingested knowledge for /app/data/T0015/311196/b74521f/pwhm-226177/src/RadMgt/wld_rad_delayMgr.c
2026-01-28 11:31:50,771 - Knowledge - INFO - [MONGODB_OP] Completed: persist, Collection: file_info, Duration: 100ms
2026-01-28 11:31:51,236 - Knowledge - INFO - [REDIS_OP] Completed: store_embedding, Key: src/RadMgt/wld_rad_delayMgr.c, Duration: 249ms
2026-01-28 11:31:51,405 - Knowledge - INFO - persist search terms embedding for src/RadMgt/wld_rad_delayMgr.c
2026-01-28 11:31:51,615 - Knowledge - INFO - process ingested knowledge for /app/data/T0015/311196/b74521f/pwhm-226177/src/RadMgt/wld_rad_delayMgr.c
2026-01-28 11:31:51,782 - Knowledge - INFO - Found code-base-name: https://github.com/kavia-common/pwhm-226177.git:kavia-main
2026-01-28 11:31:51,937 - Knowledge - INFO - Found code_base: <app.utils.kg_build.knowledge.KnowledgeCodeBase object at 0x7fcfb397d7d0>
2026-01-28 11:31:52,175 - Knowledge - INFO - Found code-base-name: https://github.com/kavia-common/pwhm-226177.git:kavia-main
2026-01-28 11:31:52,345 - Knowledge - INFO - Found code_base: <app.utils.kg_build.knowledge.KnowledgeCodeBase object at 0x7fcfb397d7d0>
2026-01-28 11:31:52,528 - Knowledge - INFO - persist ingested knowledge for /app/data/T0015/311196/b74521f/pwhm-226177/include/wld/wld_chanmgt.h
2026-01-28 11:31:52,780 - Knowledge - INFO - [MONGODB_OP] Completed: persist, Collection: file_info, Duration: 88ms
2026-01-28 11:31:53,205 - Knowledge - INFO - [REDIS_OP] Completed: store_embedding, Key: include/wld/wld_chanmgt.h, Duration: 216ms
2026-01-28 11:31:53,357 - Knowledge - INFO - persist search terms embedding for include/wld/wld_chanmgt.h
2026-01-28 11:31:53,534 - Knowledge - INFO - process ingested knowledge for /app/data/T0015/311196/b74521f/pwhm-226177/include/wld/wld_chanmgt.h
2026-01-28 11:31:53,728 - Knowledge - INFO - Found code-base-name: https://github.com/kavia-common/pwhm-226177.git:kavia-main
2026-01-28 11:31:53,891 - Knowledge - INFO - Found code_base: <app.utils.kg_build.knowledge.KnowledgeCodeBase object at 0x7fcfb397d7d0>
2026-01-28 11:31:54,140 - Knowledge - INFO - Found code-base-name: https://github.com/kavia-common/pwhm-226177.git:kavia-main
2026-01-28 11:31:54,302 - Knowledge - INFO - Found code_base: <app.utils.kg_build.knowledge.KnowledgeCodeBase object at 0x7fcfb397d7d0>
2026-01-28 11:31:54,497 - Knowledge - INFO - persist ingested knowledge for /app/data/T0015/311196/b74521f/pwhm-226177/test/testHelper/wld_th_vap.c
2026-01-28 11:31:54,786 - Knowledge - INFO - [MONGODB_OP] Completed: persist, Collection: file_info, Duration: 106ms
2026-01-28 11:31:55,254 - Knowledge - INFO - [REDIS_OP] Completed: store_embedding, Key: test/testHelper/wld_th_vap.c, Duration: 287ms
2026-01-28 11:31:55,413 - Knowledge - INFO - persist search terms embedding for test/testHelper/wld_th_vap.c
2026-01-28 11:31:55,610 - Knowledge - INFO - process ingested knowledge for /app/data/T0015/311196/b74521f/pwhm-226177/test/testHelper/wld_th_vap.c
2026-01-28 11:31:55,780 - Knowledge - INFO - Found code-base-name: https://github.com/kavia-common/pwhm-226177.git:kavia-main
2026-01-28 11:31:55,972 - Knowledge - INFO - Found code_base: <app.utils.kg_build.knowledge.KnowledgeCodeBase object at 0x7fcfb397d7d0>
2026-01-28 11:31:56,207 - Knowledge - INFO - Found code-base-name: https://github.com/kavia-common/pwhm-226177.git:kavia-main
2026-01-28 11:31:56,415 - Knowledge - INFO - Found code_base: <app.utils.kg_build.knowledge.KnowledgeCodeBase object at 0x7fcfb397d7d0>
2026-01-28 11:31:56,593 - Knowledge - INFO - persist ingested knowledge for /app/data/T0015/311196/b74521f/pwhm-226177/src/nl80211/wld_wpaCtrlGSock.c
2026-01-28 11:31:56,892 - Knowledge - INFO - [MONGODB_OP] Completed: persist, Collection: file_info, Duration: 104ms
2026-01-28 11:31:57,246 - Knowledge - INFO - [REDIS_OP] Completed: store_embedding, Key: src/nl80211/wld_wpaCtrlGSock.c, Duration: 171ms
2026-01-28 11:31:57,427 - Knowledge - INFO - persist search terms embedding for src/nl80211/wld_wpaCtrlGSock.c
2026-01-28 11:31:57,633 - Knowledge - INFO - process ingested knowledge for /app/data/T0015/311196/b74521f/pwhm-226177/src/nl80211/wld_wpaCtrlGSock.c
2026-01-28 11:31:57,804 - Knowledge - INFO - Found code-base-name: https://github.com/kavia-common/pwhm-226177.git:kavia-main
2026-01-28 11:31:57,961 - Knowledge - INFO - Found code_base: <app.utils.kg_build.knowledge.KnowledgeCodeBase object at 0x7fcfb397d7d0>
2026-01-28 11:31:58,194 - Knowledge - INFO - Found code-base-name: https://github.com/kavia-common/pwhm-226177.git:kavia-main
2026-01-28 11:31:58,366 - Knowledge - INFO - Found code_base: <app.utils.kg_build.knowledge.KnowledgeCodeBase object at 0x7fcfb397d7d0>
2026-01-28 11:31:58,526 - Knowledge - INFO - persist ingested knowledge for /app/data/T0015/311196/b74521f/pwhm-226177/include/wld/wld_epMld.h
2026-01-28 11:31:58,799 - Knowledge - INFO - [MONGODB_OP] Completed: persist, Collection: file_info, Duration: 94ms
2026-01-28 11:31:59,205 - Knowledge - INFO - [REDIS_OP] Completed: store_embedding, Key: include/wld/wld_epMld.h, Duration: 258ms
2026-01-28 11:31:59,379 - Knowledge - INFO - persist search terms embedding for include/wld/wld_epMld.h
2026-01-28 11:31:59,547 - Knowledge - INFO - process ingested knowledge for /app/data/T0015/311196/b74521f/pwhm-226177/include/wld/wld_epMld.h
2026-01-28 11:31:59,756 - Knowledge - INFO - Found code-base-name: https://github.com/kavia-common/pwhm-226177.git:kavia-main
2026-01-28 11:31:59,966 - Knowledge - INFO - Found code_base: <app.utils.kg_build.knowledge.KnowledgeCodeBase object at 0x7fcfb397d7d0>
2026-01-28 11:32:00,273 - Knowledge - INFO - Found code-base-name: https://github.com/kavia-common/pwhm-226177.git:kavia-main
2026-01-28 11:32:00,434 - Knowledge - INFO - Found code_base: <app.utils.kg_build.knowledge.KnowledgeCodeBase object at 0x7fcfb397d7d0>
2026-01-28 11:32:00,613 - Knowledge - INFO - persist ingested knowledge for /app/data/T0015/311196/b74521f/pwhm-226177/src/ApMgt/wld_ap_rrm.c
2026-01-28 11:32:00,881 - Knowledge - INFO - [MONGODB_OP] Completed: persist, Collection: file_info, Duration: 104ms
2026-01-28 11:32:01,305 - Knowledge - INFO - [REDIS_OP] Completed: store_embedding, Key: src/ApMgt/wld_ap_rrm.c, Duration: 222ms
2026-01-28 11:32:01,466 - Knowledge - INFO - persist search terms embedding for src/ApMgt/wld_ap_rrm.c
2026-01-28 11:32:01,679 - Knowledge - INFO - process ingested knowledge for /app/data/T0015/311196/b74521f/pwhm-226177/src/ApMgt/wld_ap_rrm.c
2026-01-28 11:32:01,842 - Knowledge - INFO - Found code-base-name: https://github.com/kavia-common/pwhm-226177.git:kavia-main
2026-01-28 11:32:02,020 - Knowledge - INFO - Found code_base: <app.utils.kg_build.knowledge.KnowledgeCodeBase object at 0x7fcfb397d7d0>
2026-01-28 11:32:02,248 - Knowledge - INFO - Found code-base-name: https://github.com/kavia-common/pwhm-226177.git:kavia-main
2026-01-28 11:32:02,445 - Knowledge - INFO - Found code_base: <app.utils.kg_build.knowledge.KnowledgeCodeBase object at 0x7fcfb397d7d0>
2026-01-28 11:32:02,599 - Knowledge - INFO - persist ingested knowledge for /app/data/T0015/311196/b74521f/pwhm-226177/include/wld/wld_nl80211_types.h
2026-01-28 11:32:02,880 - Knowledge - INFO - [MONGODB_OP] Completed: persist, Collection: file_info, Duration: 88ms
2026-01-28 11:32:03,359 - Knowledge - INFO - [REDIS_OP] Completed: store_embedding, Key: include/wld/wld_nl80211_types.h, Duration: 248ms
2026-01-28 11:32:03,511 - Knowledge - INFO - persist search terms embedding for include/wld/wld_nl80211_types.h
2026-01-28 11:32:03,697 - Knowledge - INFO - process ingested knowledge for /app/data/T0015/311196/b74521f/pwhm-226177/include/wld/wld_nl80211_types.h
2026-01-28 11:32:03,871 - Knowledge - INFO - Found code-base-name: https://github.com/kavia-common/pwhm-226177.git:kavia-main
2026-01-28 11:32:04,040 - Knowledge - INFO - Found code_base: <app.utils.kg_build.knowledge.KnowledgeCodeBase object at 0x7fcfb397d7d0>
2026-01-28 11:32:04,365 - Knowledge - INFO - Found code-base-name: https://github.com/kavia-common/pwhm-226177.git:kavia-main
2026-01-28 11:32:04,561 - Knowledge - INFO - Found code_base: <app.utils.kg_build.knowledge.KnowledgeCodeBase object at 0x7fcfb397d7d0>
2026-01-28 11:32:04,733 - Knowledge - INFO - persist ingested knowledge for /app/data/T0015/311196/b74521f/pwhm-226177/src/Utils/wld_extMod.c
2026-01-28 11:32:05,056 - Knowledge - INFO - [MONGODB_OP] Completed: persist, Collection: file_info, Duration: 121ms
2026-01-28 11:32:05,677 - Knowledge - INFO - [REDIS_OP] Completed: store_embedding, Key: src/Utils/wld_extMod.c, Duration: 403ms
2026-01-28 11:32:05,880 - Knowledge - INFO - persist search terms embedding for src/Utils/wld_extMod.c
2026-01-28 11:32:06,094 - Knowledge - INFO - process ingested knowledge for /app/data/T0015/311196/b74521f/pwhm-226177/src/Utils/wld_extMod.c
2026-01-28 11:32:06,299 - Knowledge - INFO - Found code-base-name: https://github.com/kavia-common/pwhm-226177.git:kavia-main
2026-01-28 11:32:06,484 - Knowledge - INFO - Found code_base: <app.utils.kg_build.knowledge.KnowledgeCodeBase object at 0x7fcfb397d7d0>
2026-01-28 11:32:06,784 - Knowledge - INFO - Found code-base-name: https://github.com/kavia-common/pwhm-226177.git:kavia-main
2026-01-28 11:32:06,973 - Knowledge - INFO - Found code_base: <app.utils.kg_build.knowledge.KnowledgeCodeBase object at 0x7fcfb397d7d0>
2026-01-28 11:32:07,143 - Knowledge - INFO - persist ingested knowledge for /app/data/T0015/311196/b74521f/pwhm-226177/include/wld/wld_wpaSupp_cfgManager.h
2026-01-28 11:32:07,465 - Knowledge - INFO - [MONGODB_OP] Completed: persist, Collection: file_info, Duration: 158ms
2026-01-28 11:32:07,911 - Knowledge - INFO - [REDIS_OP] Completed: store_embedding, Key: include/wld/wld_wpaSupp_cfgManager.h, Duration: 276ms
2026-01-28 11:32:08,084 - Knowledge - INFO - persist search terms embedding for include/wld/wld_wpaSupp_cfgManager.h
2026-01-28 11:32:08,302 - Knowledge - INFO - process ingested knowledge for /app/data/T0015/311196/b74521f/pwhm-226177/include/wld/wld_wpaSupp_cfgManager.h
2026-01-28 11:32:08,499 - Knowledge - INFO - Found code-base-name: https://github.com/kavia-common/pwhm-226177.git:kavia-main
2026-01-28 11:32:08,661 - Knowledge - INFO - Found code_base: <app.utils.kg_build.knowledge.KnowledgeCodeBase object at 0x7fcfb397d7d0>
2026-01-28 11:32:08,923 - Knowledge - INFO - Found code-base-name: https://github.com/kavia-common/pwhm-226177.git:kavia-main
2026-01-28 11:32:09,138 - Knowledge - INFO - Found code_base: <app.utils.kg_build.knowledge.KnowledgeCodeBase object at 0x7fcfb397d7d0>
2026-01-28 11:32:09,305 - Knowledge - INFO - persist ingested knowledge for /app/data/T0015/311196/b74521f/pwhm-226177/include/wld/wld_ep_nl80211.h
2026-01-28 11:32:09,564 - Knowledge - INFO - [MONGODB_OP] Completed: persist, Collection: file_info, Duration: 94ms
2026-01-28 11:32:09,974 - Knowledge - INFO - [REDIS_OP] Completed: store_embedding, Key: include/wld/wld_ep_nl80211.h, Duration: 242ms
2026-01-28 11:32:10,134 - Knowledge - INFO - persist search terms embedding for include/wld/wld_ep_nl80211.h
2026-01-28 11:32:10,302 - Knowledge - INFO - process ingested knowledge for /app/data/T0015/311196/b74521f/pwhm-226177/include/wld/wld_ep_nl80211.h
2026-01-28 11:32:10,474 - Knowledge - INFO - Found code-base-name: https://github.com/kavia-common/pwhm-226177.git:kavia-main
2026-01-28 11:32:10,632 - Knowledge - INFO - Found code_base: <app.utils.kg_build.knowledge.KnowledgeCodeBase object at 0x7fcfb397d7d0>
2026-01-28 11:32:10,861 - Knowledge - INFO - Found code-base-name: https://github.com/kavia-common/pwhm-226177.git:kavia-main
2026-01-28 11:32:11,021 - Knowledge - INFO - Found code_base: <app.utils.kg_build.knowledge.KnowledgeCodeBase object at 0x7fcfb397d7d0>
2026-01-28 11:32:11,172 - Knowledge - INFO - persist ingested knowledge for /app/data/T0015/311196/b74521f/pwhm-226177/test/testHelper/wld_th_radio.c
2026-01-28 11:32:11,431 - Knowledge - INFO - [MONGODB_OP] Completed: persist, Collection: file_info, Duration: 86ms
2026-01-28 11:32:11,791 - Knowledge - INFO - [REDIS_OP] Completed: store_embedding, Key: test/testHelper/wld_th_radio.c, Duration: 200ms
2026-01-28 11:32:11,965 - Knowledge - INFO - persist search terms embedding for test/testHelper/wld_th_radio.c
2026-01-28 11:32:12,179 - Knowledge - INFO - process ingested knowledge for /app/data/T0015/311196/b74521f/pwhm-226177/test/testHelper/wld_th_radio.c
2026-01-28 11:32:12,362 - Knowledge - INFO - Found code-base-name: https://github.com/kavia-common/pwhm-226177.git:kavia-main
2026-01-28 11:32:12,556 - Knowledge - INFO - Found code_base: <app.utils.kg_build.knowledge.KnowledgeCodeBase object at 0x7fcfb397d7d0>
2026-01-28 11:32:12,800 - Knowledge - INFO - Found code-base-name: https://github.com/kavia-common/pwhm-226177.git:kavia-main
2026-01-28 11:32:12,988 - Knowledge - INFO - Found code_base: <app.utils.kg_build.knowledge.KnowledgeCodeBase object at 0x7fcfb397d7d0>
2026-01-28 11:32:13,186 - Knowledge - INFO - persist ingested knowledge for /app/data/T0015/311196/b74521f/pwhm-226177/test/testStaStats/assocNot/not_3.txt
2026-01-28 11:32:13,435 - Knowledge - INFO - [MONGODB_OP] Completed: persist, Collection: file_info, Duration: 93ms
2026-01-28 11:32:13,844 - Knowledge - INFO - [REDIS_OP] Completed: store_embedding, Key: test/testStaStats/assocNot/not_3.txt, Duration: 214ms
2026-01-28 11:32:14,006 - Knowledge - INFO - persist search terms embedding for test/testStaStats/assocNot/not_3.txt
2026-01-28 11:32:14,198 - Knowledge - INFO - process ingested knowledge for /app/data/T0015/311196/b74521f/pwhm-226177/test/testStaStats/assocNot/not_3.txt
2026-01-28 11:32:14,377 - Knowledge - INFO - Found code-base-name: https://github.com/kavia-common/pwhm-226177.git:kavia-main
2026-01-28 11:32:14,530 - Knowledge - INFO - Found code_base: <app.utils.kg_build.knowledge.KnowledgeCodeBase object at 0x7fcfb397d7d0>
2026-01-28 11:32:14,782 - Knowledge - INFO - Found code-base-name: https://github.com/kavia-common/pwhm-226177.git:kavia-main
2026-01-28 11:32:15,029 - Knowledge - INFO - Found code_base: <app.utils.kg_build.knowledge.KnowledgeCodeBase object at 0x7fcfb397d7d0>
2026-01-28 11:32:15,191 - Knowledge - INFO - persist ingested knowledge for /app/data/T0015/311196/b74521f/pwhm-226177/test/testStaStats/data2.txt
2026-01-28 11:32:15,475 - Knowledge - INFO - [MONGODB_OP] Completed: persist, Collection: file_info, Duration: 125ms
2026-01-28 11:32:16,069 - Knowledge - INFO - [REDIS_OP] Completed: store_embedding, Key: test/testStaStats/data2.txt, Duration: 420ms
2026-01-28 11:32:16,245 - Knowledge - INFO - persist search terms embedding for test/testStaStats/data2.txt
2026-01-28 11:32:16,433 - Knowledge - INFO - process ingested knowledge for /app/data/T0015/311196/b74521f/pwhm-226177/test/testStaStats/data2.txt
2026-01-28 11:32:16,603 - Knowledge - INFO - Found code-base-name: https://github.com/kavia-common/pwhm-226177.git:kavia-main
2026-01-28 11:32:16,801 - Knowledge - INFO - Found code_base: <app.utils.kg_build.knowledge.KnowledgeCodeBase object at 0x7fcfb397d7d0>
2026-01-28 11:32:17,026 - Knowledge - INFO - Found code-base-name: https://github.com/kavia-common/pwhm-226177.git:kavia-main
2026-01-28 11:32:17,204 - Knowledge - INFO - Found code_base: <app.utils.kg_build.knowledge.KnowledgeCodeBase object at 0x7fcfb397d7d0>
2026-01-28 11:32:17,434 - Knowledge - INFO - persist ingested knowledge for /app/data/T0015/311196/b74521f/pwhm-226177/include/wld/wld_nl80211_events.h
2026-01-28 11:32:17,693 - Knowledge - INFO - [MONGODB_OP] Completed: persist, Collection: file_info, Duration: 84ms
2026-01-28 11:32:18,104 - Knowledge - INFO - [REDIS_OP] Completed: store_embedding, Key: include/wld/wld_nl80211_events.h, Duration: 247ms
2026-01-28 11:32:18,261 - Knowledge - INFO - persist search terms embedding for include/wld/wld_nl80211_events.h
2026-01-28 11:32:18,471 - Knowledge - INFO - process ingested knowledge for /app/data/T0015/311196/b74521f/pwhm-226177/include/wld/wld_nl80211_events.h
2026-01-28 11:32:18,654 - Knowledge - INFO - Found code-base-name: https://github.com/kavia-common/pwhm-226177.git:kavia-main
2026-01-28 11:32:18,856 - Knowledge - INFO - Found code_base: <app.utils.kg_build.knowledge.KnowledgeCodeBase object at 0x7fcfb397d7d0>
2026-01-28 11:32:19,132 - Knowledge - INFO - Found code-base-name: https://github.com/kavia-common/pwhm-226177.git:kavia-main
2026-01-28 11:32:19,310 - Knowledge - INFO - Found code_base: <app.utils.kg_build.knowledge.KnowledgeCodeBase object at 0x7fcfb397d7d0>
2026-01-28 11:32:19,475 - Knowledge - INFO - persist ingested knowledge for /app/data/T0015/311196/b74521f/pwhm-226177/test/testStaStats/deauthNot/notif_2.txt
2026-01-28 11:32:19,753 - Knowledge - INFO - [MONGODB_OP] Completed: persist, Collection: file_info, Duration: 107ms
2026-01-28 11:32:20,225 - Knowledge - INFO - [REDIS_OP] Completed: store_embedding, Key: test/testStaStats/deauthNot/notif_2.txt, Duration: 261ms
2026-01-28 11:32:20,397 - Knowledge - INFO - persist search terms embedding for test/testStaStats/deauthNot/notif_2.txt
2026-01-28 11:32:20,613 - Knowledge - INFO - process ingested knowledge for /app/data/T0015/311196/b74521f/pwhm-226177/test/testStaStats/deauthNot/notif_2.txt
2026-01-28 11:32:20,814 - Knowledge - INFO - Found code-base-name: https://github.com/kavia-common/pwhm-226177.git:kavia-main
2026-01-28 11:32:21,002 - Knowledge - INFO - Found code_base: <app.utils.kg_build.knowledge.KnowledgeCodeBase object at 0x7fcfb397d7d0>
2026-01-28 11:32:21,259 - Knowledge - INFO - Found code-base-name: https://github.com/kavia-common/pwhm-226177.git:kavia-main
2026-01-28 11:32:21,448 - Knowledge - INFO - Found code_base: <app.utils.kg_build.knowledge.KnowledgeCodeBase object at 0x7fcfb397d7d0>
2026-01-28 11:32:21,622 - Knowledge - INFO - persist ingested knowledge for /app/data/T0015/311196/b74521f/pwhm-226177/test/testStaStats/stationStats/stats_data4.txt
2026-01-28 11:32:21,871 - Knowledge - INFO - [MONGODB_OP] Completed: persist, Collection: file_info, Duration: 86ms
2026-01-28 11:32:22,271 - Knowledge - INFO - [REDIS_OP] Completed: store_embedding, Key: test/testStaStats/stationStats/stats_data4.txt, Duration: 226ms
2026-01-28 11:32:22,484 - Knowledge - INFO - persist search terms embedding for test/testStaStats/stationStats/stats_data4.txt
2026-01-28 11:32:22,653 - Knowledge - INFO - process ingested knowledge for /app/data/T0015/311196/b74521f/pwhm-226177/test/testStaStats/stationStats/stats_data4.txt
2026-01-28 11:32:22,856 - Knowledge - INFO - Found code-base-name: https://github.com/kavia-common/pwhm-226177.git:kavia-main
2026-01-28 11:32:23,036 - Knowledge - INFO - Found code_base: <app.utils.kg_build.knowledge.KnowledgeCodeBase object at 0x7fcfb397d7d0>
2026-01-28 11:32:23,254 - Knowledge - INFO - Found code-base-name: https://github.com/kavia-common/pwhm-226177.git:kavia-main
2026-01-28 11:32:23,422 - Knowledge - INFO - Found code_base: <app.utils.kg_build.knowledge.KnowledgeCodeBase object at 0x7fcfb397d7d0>
2026-01-28 11:32:23,627 - Knowledge - INFO - persist ingested knowledge for /app/data/T0015/311196/b74521f/pwhm-226177/include_priv/Plugin/wifiGen_wpaSupp.h
2026-01-28 11:32:23,907 - Knowledge - INFO - [MONGODB_OP] Completed: persist, Collection: file_info, Duration: 93ms
2026-01-28 11:32:24,381 - Knowledge - INFO - [REDIS_OP] Completed: store_embedding, Key: include_priv/Plugin/wifiGen_wpaSupp.h, Duration: 269ms
2026-01-28 11:32:24,584 - Knowledge - INFO - persist search terms embedding for include_priv/Plugin/wifiGen_wpaSupp.h
2026-01-28 11:32:24,764 - Knowledge - INFO - process ingested knowledge for /app/data/T0015/311196/b74521f/pwhm-226177/include_priv/Plugin/wifiGen_wpaSupp.h
2026-01-28 11:32:24,955 - Knowledge - INFO - Found code-base-name: https://github.com/kavia-common/pwhm-226177.git:kavia-main
2026-01-28 11:32:25,123 - Knowledge - INFO - Found code_base: <app.utils.kg_build.knowledge.KnowledgeCodeBase object at 0x7fcfb397d7d0>
2026-01-28 11:32:25,385 - Knowledge - INFO - Found code-base-name: https://github.com/kavia-common/pwhm-226177.git:kavia-main
2026-01-28 11:32:25,551 - Knowledge - INFO - Found code_base: <app.utils.kg_build.knowledge.KnowledgeCodeBase object at 0x7fcfb397d7d0>
2026-01-28 11:32:25,722 - Knowledge - INFO - persist ingested knowledge for /app/data/T0015/311196/b74521f/pwhm-226177/src/wld.c
2026-01-28 11:32:26,036 - Knowledge - INFO - [MONGODB_OP] Completed: persist, Collection: file_info, Duration: 93ms
2026-01-28 11:32:26,425 - Knowledge - INFO - [REDIS_OP] Completed: store_embedding, Key: src/wld.c, Duration: 215ms
2026-01-28 11:32:26,616 - Knowledge - INFO - persist search terms embedding for src/wld.c
2026-01-28 11:32:26,780 - Knowledge - INFO - process ingested knowledge for /app/data/T0015/311196/b74521f/pwhm-226177/src/wld.c
2026-01-28 11:32:26,938 - Knowledge - INFO - Found code-base-name: https://github.com/kavia-common/pwhm-226177.git:kavia-main
2026-01-28 11:32:27,137 - Knowledge - INFO - Found code_base: <app.utils.kg_build.knowledge.KnowledgeCodeBase object at 0x7fcfb397d7d0>
2026-01-28 11:32:27,388 - Knowledge - INFO - Found code-base-name: https://github.com/kavia-common/pwhm-226177.git:kavia-main
2026-01-28 11:32:27,546 - Knowledge - INFO - Found code_base: <app.utils.kg_build.knowledge.KnowledgeCodeBase object at 0x7fcfb397d7d0>
2026-01-28 11:32:27,699 - Knowledge - INFO - persist ingested knowledge for /app/data/T0015/311196/b74521f/pwhm-226177/test/testStaStats/deauthNot/notif_11.txt
2026-01-28 11:32:27,941 - Knowledge - INFO - [MONGODB_OP] Completed: persist, Collection: file_info, Duration: 89ms
2026-01-28 11:32:28,410 - Knowledge - INFO - [REDIS_OP] Completed: store_embedding, Key: test/testStaStats/deauthNot/notif_11.txt, Duration: 295ms
2026-01-28 11:32:28,579 - Knowledge - INFO - persist search terms embedding for test/testStaStats/deauthNot/notif_11.txt
2026-01-28 11:32:28,755 - Knowledge - INFO - process ingested knowledge for /app/data/T0015/311196/b74521f/pwhm-226177/test/testStaStats/deauthNot/notif_11.txt
2026-01-28 11:32:28,944 - Knowledge - INFO - Found code-base-name: https://github.com/kavia-common/pwhm-226177.git:kavia-main
2026-01-28 11:32:29,155 - Knowledge - INFO - Found code_base: <app.utils.kg_build.knowledge.KnowledgeCodeBase object at 0x7fcfb397d7d0>
2026-01-28 11:32:29,402 - Knowledge - INFO - Found code-base-name: https://github.com/kavia-common/pwhm-226177.git:kavia-main
2026-01-28 11:32:29,586 - Knowledge - INFO - Found code_base: <app.utils.kg_build.knowledge.KnowledgeCodeBase object at 0x7fcfb397d7d0>
2026-01-28 11:32:29,747 - Knowledge - INFO - persist ingested knowledge for /app/data/T0015/311196/b74521f/pwhm-226177/src/nl80211/wld_wpaSupp_parser.c
2026-01-28 11:32:30,036 - Knowledge - INFO - [MONGODB_OP] Completed: persist, Collection: file_info, Duration: 99ms
2026-01-28 11:32:30,427 - Knowledge - INFO - [REDIS_OP] Completed: store_embedding, Key: src/nl80211/wld_wpaSupp_parser.c, Duration: 213ms
2026-01-28 11:32:30,604 - Knowledge - INFO - persist search terms embedding for src/nl80211/wld_wpaSupp_parser.c
2026-01-28 11:32:30,784 - Knowledge - INFO - process ingested knowledge for /app/data/T0015/311196/b74521f/pwhm-226177/src/nl80211/wld_wpaSupp_parser.c
2026-01-28 11:32:30,989 - Knowledge - INFO - Found code-base-name: https://github.com/kavia-common/pwhm-226177.git:kavia-main
2026-01-28 11:32:31,144 - Knowledge - INFO - Found code_base: <app.utils.kg_build.knowledge.KnowledgeCodeBase object at 0x7fcfb397d7d0>
2026-01-28 11:32:31,376 - Knowledge - INFO - Found code-base-name: https://github.com/kavia-common/pwhm-226177.git:kavia-main
2026-01-28 11:32:31,537 - Knowledge - INFO - Found code_base: <app.utils.kg_build.knowledge.KnowledgeCodeBase object at 0x7fcfb397d7d0>
2026-01-28 11:32:31,726 - Knowledge - INFO - persist ingested knowledge for /app/data/T0015/311196/b74521f/pwhm-226177/src/nl80211/wld_nl80211_debug.c
2026-01-28 11:32:31,980 - Knowledge - INFO - [MONGODB_OP] Completed: persist, Collection: file_info, Duration: 88ms
2026-01-28 11:32:32,364 - Knowledge - INFO - [REDIS_OP] Completed: store_embedding, Key: src/nl80211/wld_nl80211_debug.c, Duration: 218ms
2026-01-28 11:32:32,534 - Knowledge - INFO - persist search terms embedding for src/nl80211/wld_nl80211_debug.c
2026-01-28 11:32:32,742 - Knowledge - INFO - process ingested knowledge for /app/data/T0015/311196/b74521f/pwhm-226177/src/nl80211/wld_nl80211_debug.c
2026-01-28 11:32:32,898 - Knowledge - INFO - Found code-base-name: https://github.com/kavia-common/pwhm-226177.git:kavia-main
2026-01-28 11:32:33,064 - Knowledge - INFO - Found code_base: <app.utils.kg_build.knowledge.KnowledgeCodeBase object at 0x7fcfb397d7d0>
2026-01-28 11:32:33,394 - Knowledge - INFO - Found code-base-name: https://github.com/kavia-common/pwhm-226177.git:kavia-main
2026-01-28 11:32:33,585 - Knowledge - INFO - Found code_base: <app.utils.kg_build.knowledge.KnowledgeCodeBase object at 0x7fcfb397d7d0>
2026-01-28 11:32:33,747 - Knowledge - INFO - persist ingested knowledge for /app/data/T0015/311196/b74521f/pwhm-226177/src/RadMgt/wld_rad_evtHandler.c
2026-01-28 11:32:34,059 - Knowledge - INFO - [MONGODB_OP] Completed: persist, Collection: file_info, Duration: 137ms
2026-01-28 11:32:34,536 - Knowledge - INFO - [REDIS_OP] Completed: store_embedding, Key: src/RadMgt/wld_rad_evtHandler.c, Duration: 293ms
2026-01-28 11:32:34,693 - Knowledge - INFO - persist search terms embedding for src/RadMgt/wld_rad_evtHandler.c
2026-01-28 11:32:34,869 - Knowledge - INFO - process ingested knowledge for /app/data/T0015/311196/b74521f/pwhm-226177/src/RadMgt/wld_rad_evtHandler.c
2026-01-28 11:32:35,052 - Knowledge - INFO - Found code-base-name: https://github.com/kavia-common/pwhm-226177.git:kavia-main
2026-01-28 11:32:35,262 - Knowledge - INFO - Found code_base: <app.utils.kg_build.knowledge.KnowledgeCodeBase object at 0x7fcfb397d7d0>
2026-01-28 11:32:35,573 - Knowledge - INFO - Found code-base-name: https://github.com/kavia-common/pwhm-226177.git:kavia-main
2026-01-28 11:32:35,786 - Knowledge - INFO - Found code_base: <app.utils.kg_build.knowledge.KnowledgeCodeBase object at 0x7fcfb397d7d0>
2026-01-28 11:32:35,948 - Knowledge - INFO - persist ingested knowledge for /app/data/T0015/311196/b74521f/pwhm-226177/src/Plugin/wifiGen.c
2026-01-28 11:32:36,193 - Knowledge - INFO - [MONGODB_OP] Completed: persist, Collection: file_info, Duration: 92ms
2026-01-28 11:32:36,750 - Knowledge - INFO - [REDIS_OP] Completed: store_embedding, Key: src/Plugin/wifiGen.c, Duration: 375ms
2026-01-28 11:32:36,927 - Knowledge - INFO - persist search terms embedding for src/Plugin/wifiGen.c
2026-01-28 11:32:37,095 - Knowledge - INFO - process ingested knowledge for /app/data/T0015/311196/b74521f/pwhm-226177/src/Plugin/wifiGen.c
2026-01-28 11:32:37,299 - Knowledge - INFO - Found code-base-name: https://github.com/kavia-common/pwhm-226177.git:kavia-main
2026-01-28 11:32:37,473 - Knowledge - INFO - Found code_base: <app.utils.kg_build.knowledge.KnowledgeCodeBase object at 0x7fcfb397d7d0>
2026-01-28 11:32:37,737 - Knowledge - INFO - Found code-base-name: https://github.com/kavia-common/pwhm-226177.git:kavia-main
2026-01-28 11:32:37,910 - Knowledge - INFO - Found code_base: <app.utils.kg_build.knowledge.KnowledgeCodeBase object at 0x7fcfb397d7d0>
2026-01-28 11:32:38,112 - Knowledge - INFO - persist ingested knowledge for /app/data/T0015/311196/b74521f/pwhm-226177/include/wld/wld_wps.h
2026-01-28 11:32:38,381 - Knowledge - INFO - [MONGODB_OP] Completed: persist, Collection: file_info, Duration: 108ms
2026-01-28 11:32:38,813 - Knowledge - INFO - [REDIS_OP] Completed: store_embedding, Key: include/wld/wld_wps.h, Duration: 244ms
2026-01-28 11:32:38,975 - Knowledge - INFO - persist search terms embedding for include/wld/wld_wps.h
2026-01-28 11:32:39,128 - Knowledge - INFO - process ingested knowledge for /app/data/T0015/311196/b74521f/pwhm-226177/include/wld/wld_wps.h
2026-01-28 11:32:39,300 - Knowledge - INFO - Found code-base-name: https://github.com/kavia-common/pwhm-226177.git:kavia-main
2026-01-28 11:32:39,458 - Knowledge - INFO - Found code_base: <app.utils.kg_build.knowledge.KnowledgeCodeBase object at 0x7fcfb397d7d0>
2026-01-28 11:32:39,736 - Knowledge - INFO - Found code-base-name: https://github.com/kavia-common/pwhm-226177.git:kavia-main
2026-01-28 11:32:39,895 - Knowledge - INFO - Found code_base: <app.utils.kg_build.knowledge.KnowledgeCodeBase object at 0x7fcfb397d7d0>
2026-01-28 11:32:40,063 - Knowledge - INFO - persist ingested knowledge for /app/data/T0015/311196/b74521f/pwhm-226177/include/wld/wld_secDmn.h
2026-01-28 11:32:40,326 - Knowledge - INFO - [MONGODB_OP] Completed: persist, Collection: file_info, Duration: 93ms
2026-01-28 11:32:40,740 - Knowledge - INFO - [REDIS_OP] Completed: store_embedding, Key: include/wld/wld_secDmn.h, Duration: 252ms
2026-01-28 11:32:40,897 - Knowledge - INFO - persist search terms embedding for include/wld/wld_secDmn.h
2026-01-28 11:32:41,071 - Knowledge - INFO - process ingested knowledge for /app/data/T0015/311196/b74521f/pwhm-226177/include/wld/wld_secDmn.h
2026-01-28 11:32:41,311 - Knowledge - INFO - Found code-base-name: https://github.com/kavia-common/pwhm-226177.git:kavia-main
2026-01-28 11:32:41,549 - Knowledge - INFO - Found code_base: <app.utils.kg_build.knowledge.KnowledgeCodeBase object at 0x7fcfb397d7d0>
2026-01-28 11:32:41,772 - Knowledge - INFO - Found code-base-name: https://github.com/kavia-common/pwhm-226177.git:kavia-main
2026-01-28 11:32:41,940 - Knowledge - INFO - Found code_base: <app.utils.kg_build.knowledge.KnowledgeCodeBase object at 0x7fcfb397d7d0>
2026-01-28 11:32:42,112 - Knowledge - INFO - persist ingested knowledge for /app/data/T0015/311196/b74521f/pwhm-226177/src/wld_endpoint.c
2026-01-28 11:32:42,378 - Knowledge - INFO - [MONGODB_OP] Completed: persist, Collection: file_info, Duration: 81ms
2026-01-28 11:32:42,997 - Knowledge - INFO - [REDIS_OP] Completed: store_embedding, Key: src/wld_endpoint.c, Duration: 431ms
2026-01-28 11:32:43,199 - Knowledge - INFO - persist search terms embedding for src/wld_endpoint.c
2026-01-28 11:32:43,372 - Knowledge - INFO - process ingested knowledge for /app/data/T0015/311196/b74521f/pwhm-226177/src/wld_endpoint.c
2026-01-28 11:32:43,569 - Knowledge - INFO - Found code-base-name: https://github.com/kavia-common/pwhm-226177.git:kavia-main
2026-01-28 11:32:43,780 - Knowledge - INFO - Found code_base: <app.utils.kg_build.knowledge.KnowledgeCodeBase object at 0x7fcfb397d7d0>
2026-01-28 11:32:44,013 - Knowledge - INFO - Found code-base-name: https://github.com/kavia-common/pwhm-226177.git:kavia-main
2026-01-28 11:32:44,188 - Knowledge - INFO - Found code_base: <app.utils.kg_build.knowledge.KnowledgeCodeBase object at 0x7fcfb397d7d0>
2026-01-28 11:32:44,344 - Knowledge - INFO - persist ingested knowledge for /app/data/T0015/311196/b74521f/pwhm-226177/src/nl80211/wld_rad_nl80211.c
2026-01-28 11:32:44,579 - Knowledge - INFO - [MONGODB_OP] Completed: persist, Collection: file_info, Duration: 83ms
2026-01-28 11:32:45,032 - Knowledge - INFO - [REDIS_OP] Completed: store_embedding, Key: src/nl80211/wld_rad_nl80211.c, Duration: 259ms
2026-01-28 11:32:45,200 - Knowledge - INFO - persist search terms embedding for src/nl80211/wld_rad_nl80211.c
2026-01-28 11:32:45,358 - Knowledge - INFO - process ingested knowledge for /app/data/T0015/311196/b74521f/pwhm-226177/src/nl80211/wld_rad_nl80211.c
2026-01-28 11:32:45,572 - Knowledge - INFO - Found code-base-name: https://github.com/kavia-common/pwhm-226177.git:kavia-main
2026-01-28 11:32:45,733 - Knowledge - INFO - Found code_base: <app.utils.kg_build.knowledge.KnowledgeCodeBase object at 0x7fcfb397d7d0>
2026-01-28 11:32:45,966 - Knowledge - INFO - Found code-base-name: https://github.com/kavia-common/pwhm-226177.git:kavia-main
2026-01-28 11:32:46,125 - Knowledge - INFO - Found code_base: <app.utils.kg_build.knowledge.KnowledgeCodeBase object at 0x7fcfb397d7d0>
2026-01-28 11:32:46,339 - Knowledge - INFO - persist ingested knowledge for /app/data/T0015/311196/b74521f/pwhm-226177/src/ApMgt/wld_ap_rssiMonitor.c
2026-01-28 11:32:46,591 - Knowledge - INFO - [MONGODB_OP] Completed: persist, Collection: file_info, Duration: 86ms
2026-01-28 11:32:47,075 - Knowledge - INFO - [REDIS_OP] Completed: store_embedding, Key: src/ApMgt/wld_ap_rssiMonitor.c, Duration: 305ms
2026-01-28 11:32:47,241 - Knowledge - INFO - persist search terms embedding for src/ApMgt/wld_ap_rssiMonitor.c
2026-01-28 11:32:47,412 - Knowledge - INFO - process ingested knowledge for /app/data/T0015/311196/b74521f/pwhm-226177/src/ApMgt/wld_ap_rssiMonitor.c
2026-01-28 11:32:47,616 - Knowledge - INFO - Found code-base-name: https://github.com/kavia-common/pwhm-226177.git:kavia-main
2026-01-28 11:32:47,773 - Knowledge - INFO - Found code_base: <app.utils.kg_build.knowledge.KnowledgeCodeBase object at 0x7fcfb397d7d0>
2026-01-28 11:32:48,051 - Knowledge - INFO - Found code-base-name: https://github.com/kavia-common/pwhm-226177.git:kavia-main
2026-01-28 11:32:48,244 - Knowledge - INFO - Found code_base: <app.utils.kg_build.knowledge.KnowledgeCodeBase object at 0x7fcfb397d7d0>
2026-01-28 11:32:48,412 - Knowledge - INFO - persist ingested knowledge for /app/data/T0015/311196/b74521f/pwhm-226177/src/nl80211/wld_hostapd_ap_api.c
2026-01-28 11:32:48,691 - Knowledge - INFO - [MONGODB_OP] Completed: persist, Collection: file_info, Duration: 87ms
2026-01-28 11:32:49,140 - Knowledge - INFO - [REDIS_OP] Completed: store_embedding, Key: src/nl80211/wld_hostapd_ap_api.c, Duration: 259ms
2026-01-28 11:32:49,327 - Knowledge - INFO - persist search terms embedding for src/nl80211/wld_hostapd_ap_api.c
2026-01-28 11:32:49,491 - Knowledge - INFO - process ingested knowledge for /app/data/T0015/311196/b74521f/pwhm-226177/src/nl80211/wld_hostapd_ap_api.c
2026-01-28 11:32:49,660 - Knowledge - INFO - Loaded 303 files from persisted knowledge
2026-01-28 11:32:49,864 - Knowledge - INFO - load persisted knowledge: end
2026-01-28 11:32:50,049 - Knowledge - INFO - Redis support added with prefix knowledge:b74521f:
2026-01-28 11:32:50,559 - Knowledge - INFO - Starting knowledge initialization for ID: WGmaw2-b74521f
2026-01-28 11:32:50,725 - Knowledge - INFO - 🔍 Checking Redis for build_id: b74521f
2026-01-28 11:32:50,898 - Knowledge - INFO - 🔍 Full session ID: WGmaw2-b74521f
2026-01-28 11:32:51,062 - Knowledge - INFO - 🔍 Redis prefix will be: knowledge:b74521f:
2026-01-28 11:32:51,217 - Knowledge - INFO - 🔍 Using attached load_from_redis() method
2026-01-28 11:32:51,396 - Knowledge - INFO - 🔍 Attempting to load knowledge from Redis...
2026-01-28 11:32:51,557 - Knowledge - INFO - 🔍 Using derived instance_id for Redis lookup: b74521f
2026-01-28 11:32:51,728 - Knowledge - WARNING - ❌ No Redis cache found
2026-01-28 11:32:51,933 - Knowledge - INFO - 📁 Loading knowledge from disk...
2026-01-28 11:32:52,158 - Knowledge - INFO - load persisted docinfo: begin
2026-01-28 11:32:52,367 - Knowledge - INFO - load persisted docinfo: end
2026-01-28 11:32:52,550 - Knowledge - INFO - 🔍 _load_persisted_knowledge called - checking for Redis optimization
2026-01-28 11:32:52,752 - Knowledge - INFO - ✅ load_from_redis method found - attempting Redis load
2026-01-28 11:32:52,919 - Knowledge - INFO - 🔍 Attempting to load knowledge from Redis...
2026-01-28 11:32:53,137 - Knowledge - INFO - 🔍 Using derived instance_id for Redis lookup: b74521f
2026-01-28 11:32:53,382 - Knowledge - WARNING - ❌ No Redis cache found
2026-01-28 11:32:53,549 - Knowledge - INFO - ❌ Redis load returned False - falling back to file loading
2026-01-28 11:32:53,727 - Knowledge - INFO - load persisted knowledge: begin
2026-01-28 11:32:56,850 - Knowledge - INFO - Persisted knowledge files in /app/data/T0015/311196/b74521f/pwhm-226177/.knowledge have been renamed to use .json
2026-01-28 11:32:57,021 - Knowledge - INFO - Found code-base-name: https://github.com/kavia-common/pwhm-226177.git:kavia-main
2026-01-28 11:32:57,216 - Knowledge - INFO - Found code_base: <app.utils.kg_build.knowledge.KnowledgeCodeBase object at 0x7fcfb397d7d0>
2026-01-28 11:32:57,387 - Knowledge - INFO - process ingested knowledge for /app/data/T0015/311196/b74521f/pwhm-226177/test/testStaStats/deauthNot/notif_12.txt
2026-01-28 11:32:57,562 - Knowledge - INFO - Found code-base-name: https://github.com/kavia-common/pwhm-226177.git:kavia-main
2026-01-28 11:32:57,716 - Knowledge - INFO - Found code_base: <app.utils.kg_build.knowledge.KnowledgeCodeBase object at 0x7fcfb397d7d0>
2026-01-28 11:32:57,946 - Knowledge - INFO - process ingested knowledge for /app/data/T0015/311196/b74521f/pwhm-226177/src/wld_epMld.c
2026-01-28 11:32:58,119 - Knowledge - INFO - Found code-base-name: https://github.com/kavia-common/pwhm-226177.git:kavia-main
2026-01-28 11:32:58,280 - Knowledge - INFO - Found code_base: <app.utils.kg_build.knowledge.KnowledgeCodeBase object at 0x7fcfb397d7d0>
2026-01-28 11:32:58,493 - Knowledge - INFO - process ingested knowledge for /app/data/T0015/311196/b74521f/pwhm-226177/include/wld/wld_rad_delayMgr.h
2026-01-28 11:32:58,678 - Knowledge - INFO - Found code-base-name: https://github.com/kavia-common/pwhm-226177.git:kavia-main
2026-01-28 11:32:58,881 - Knowledge - INFO - Found code_base: <app.utils.kg_build.knowledge.KnowledgeCodeBase object at 0x7fcfb397d7d0>
2026-01-28 11:32:59,072 - Knowledge - INFO - process ingested knowledge for /app/data/T0015/311196/b74521f/pwhm-226177/test/testRadio11be/rad2_cap.txt
2026-01-28 11:32:59,236 - Knowledge - INFO - Found code-base-name: https://github.com/kavia-common/pwhm-226177.git:kavia-main
2026-01-28 11:32:59,437 - Knowledge - INFO - Found code_base: <app.utils.kg_build.knowledge.KnowledgeCodeBase object at 0x7fcfb397d7d0>
2026-01-28 11:32:59,654 - Knowledge - INFO - process ingested knowledge for /app/data/T0015/311196/b74521f/pwhm-226177/test/wld_hostapd/test_wld_hostapd.c
2026-01-28 11:32:59,832 - Knowledge - INFO - Found code-base-name: https://github.com/kavia-common/pwhm-226177.git:kavia-main
2026-01-28 11:32:59,990 - Knowledge - INFO - Found code_base: <app.utils.kg_build.knowledge.KnowledgeCodeBase object at 0x7fcfb397d7d0>
2026-01-28 11:33:00,175 - Knowledge - INFO - process ingested knowledge for /app/data/T0015/311196/b74521f/pwhm-226177/test/testStaStats/deauthNot/notif_3.txt
2026-01-28 11:33:00,378 - Knowledge - INFO - Found code-base-name: https://github.com/kavia-common/pwhm-226177.git:kavia-main
2026-01-28 11:33:00,568 - Knowledge - INFO - Found code_base: <app.utils.kg_build.knowledge.KnowledgeCodeBase object at 0x7fcfb397d7d0>
2026-01-28 11:33:00,811 - Knowledge - INFO - process ingested knowledge for /app/data/T0015/311196/b74521f/pwhm-226177/src/nl80211/wld_hostapd_cfgManager.c
2026-01-28 11:33:00,978 - Knowledge - INFO - Found code-base-name: https://github.com/kavia-common/pwhm-226177.git:kavia-main
2026-01-28 11:33:01,178 - Knowledge - INFO - Found code_base: <app.utils.kg_build.knowledge.KnowledgeCodeBase object at 0x7fcfb397d7d0>
2026-01-28 11:33:01,357 - Knowledge - INFO - process ingested knowledge for /app/data/T0015/311196/b74521f/pwhm-226177/test/testWiFiObjReference/test_wifiObjReference.c
2026-01-28 11:33:01,535 - Knowledge - INFO - Found code-base-name: https://github.com/kavia-common/pwhm-226177.git:kavia-main
2026-01-28 11:33:01,731 - Knowledge - INFO - Found code_base: <app.utils.kg_build.knowledge.KnowledgeCodeBase object at 0x7fcfb397d7d0>
2026-01-28 11:33:01,937 - Knowledge - INFO - process ingested knowledge for /app/data/T0015/311196/b74521f/pwhm-226177/test/testStaStats/assocNot/not_4.txt
2026-01-28 11:33:02,093 - Knowledge - INFO - Found code-base-name: https://github.com/kavia-common/pwhm-226177.git:kavia-main
2026-01-28 11:33:02,271 - Knowledge - INFO - Found code_base: <app.utils.kg_build.knowledge.KnowledgeCodeBase object at 0x7fcfb397d7d0>
2026-01-28 11:33:02,444 - Knowledge - INFO - process ingested knowledge for /app/data/T0015/311196/b74521f/pwhm-226177/src/nl80211/wld_wpaCtrlConnection.c
2026-01-28 11:33:02,649 - Knowledge - INFO - Found code-base-name: https://github.com/kavia-common/pwhm-226177.git:kavia-main
2026-01-28 11:33:02,798 - Knowledge - INFO - Found code_base: <app.utils.kg_build.knowledge.KnowledgeCodeBase object at 0x7fcfb397d7d0>
2026-01-28 11:33:02,986 - Knowledge - INFO - process ingested knowledge for /app/data/T0015/311196/b74521f/pwhm-226177/test/testStaStats/data3.txt
2026-01-28 11:33:03,153 - Knowledge - INFO - Found code-base-name: https://github.com/kavia-common/pwhm-226177.git:kavia-main
2026-01-28 11:33:03,310 - Knowledge - INFO - Found code_base: <app.utils.kg_build.knowledge.KnowledgeCodeBase object at 0x7fcfb397d7d0>
2026-01-28 11:33:03,510 - Knowledge - INFO - process ingested knowledge for /app/data/T0015/311196/b74521f/pwhm-226177/src/EpMgt/wld_epProfile.c
2026-01-28 11:33:03,693 - Knowledge - INFO - Found code-base-name: https://github.com/kavia-common/pwhm-226177.git:kavia-main
2026-01-28 11:33:03,856 - Knowledge - INFO - Found code_base: <app.utils.kg_build.knowledge.KnowledgeCodeBase object at 0x7fcfb397d7d0>
2026-01-28 11:33:04,013 - Knowledge - INFO - process ingested knowledge for /app/data/T0015/311196/b74521f/pwhm-226177/src/nl80211/wld_wpaSupp_ep_api.c
2026-01-28 11:33:04,204 - Knowledge - INFO - Found code-base-name: https://github.com/kavia-common/pwhm-226177.git:kavia-main
2026-01-28 11:33:04,423 - Knowledge - INFO - Found code_base: <app.utils.kg_build.knowledge.KnowledgeCodeBase object at 0x7fcfb397d7d0>
2026-01-28 11:33:04,593 - Knowledge - INFO - process ingested knowledge for /app/data/T0015/311196/b74521f/pwhm-226177/include_priv/Plugin/wifiGen.h
2026-01-28 11:33:04,763 - Knowledge - INFO - Found code-base-name: https://github.com/kavia-common/pwhm-226177.git:kavia-main
2026-01-28 11:33:04,930 - Knowledge - INFO - Found code_base: <app.utils.kg_build.knowledge.KnowledgeCodeBase object at 0x7fcfb397d7d0>
2026-01-28 11:33:05,099 - Knowledge - INFO - process ingested knowledge for /app/data/T0015/311196/b74521f/pwhm-226177/test/testStaStatsWiFi7/test_staStatsWiFi7.c
2026-01-28 11:33:05,300 - Knowledge - INFO - Found code-base-name: https://github.com/kavia-common/pwhm-226177.git:kavia-main
2026-01-28 11:33:05,491 - Knowledge - INFO - Found code_base: <app.utils.kg_build.knowledge.KnowledgeCodeBase object at 0x7fcfb397d7d0>
2026-01-28 11:33:05,678 - Knowledge - INFO - process ingested knowledge for /app/data/T0015/311196/b74521f/pwhm-226177/src/wld_wps.c
2026-01-28 11:33:05,839 - Knowledge - INFO - Found code-base-name: https://github.com/kavia-common/pwhm-226177.git:kavia-main
2026-01-28 11:33:05,999 - Knowledge - INFO - Found code_base: <app.utils.kg_build.knowledge.KnowledgeCodeBase object at 0x7fcfb397d7d0>
2026-01-28 11:33:06,170 - Knowledge - INFO - process ingested knowledge for /app/data/T0015/311196/b74521f/pwhm-226177/test/testStaStats/history3.txt
2026-01-28 11:33:06,401 - Knowledge - INFO - Found code-base-name: https://github.com/kavia-common/pwhm-226177.git:kavia-main
2026-01-28 11:33:06,604 - Knowledge - INFO - Found code_base: <app.utils.kg_build.knowledge.KnowledgeCodeBase object at 0x7fcfb397d7d0>
2026-01-28 11:33:06,789 - Knowledge - INFO - process ingested knowledge for /app/data/T0015/311196/b74521f/pwhm-226177/include/wld/Utils/wld_autoCommitRadData.h
2026-01-28 11:33:06,991 - Knowledge - INFO - Found code-base-name: https://github.com/kavia-common/pwhm-226177.git:kavia-main
2026-01-28 11:33:07,171 - Knowledge - INFO - Found code_base: <app.utils.kg_build.knowledge.KnowledgeCodeBase object at 0x7fcfb397d7d0>
2026-01-28 11:33:07,334 - Knowledge - INFO - process ingested knowledge for /app/data/T0015/311196/b74521f/pwhm-226177/include/wld/wld_rad_evtHandler.h
2026-01-28 11:33:07,497 - Knowledge - INFO - Found code-base-name: https://github.com/kavia-common/pwhm-226177.git:kavia-main
2026-01-28 11:33:07,649 - Knowledge - INFO - Found code_base: <app.utils.kg_build.knowledge.KnowledgeCodeBase object at 0x7fcfb397d7d0>
2026-01-28 11:33:07,814 - Knowledge - INFO - process ingested knowledge for /app/data/T0015/311196/b74521f/pwhm-226177/test/wld_staticPuncturing/test_wld_staticPuncturing.c
2026-01-28 11:33:08,009 - Knowledge - INFO - Found code-base-name: https://github.com/kavia-common/pwhm-226177.git:kavia-main
2026-01-28 11:33:08,193 - Knowledge - INFO - Found code_base: <app.utils.kg_build.knowledge.KnowledgeCodeBase object at 0x7fcfb397d7d0>
2026-01-28 11:33:08,377 - Knowledge - INFO - process ingested knowledge for /app/data/T0015/311196/b74521f/pwhm-226177/src/RadMgt/wld_rad_fsm.c
2026-01-28 11:33:08,548 - Knowledge - INFO - Found code-base-name: https://github.com/kavia-common/pwhm-226177.git:kavia-main
2026-01-28 11:33:08,756 - Knowledge - INFO - Found code_base: <app.utils.kg_build.knowledge.KnowledgeCodeBase object at 0x7fcfb397d7d0>
2026-01-28 11:33:08,994 - Knowledge - INFO - process ingested knowledge for /app/data/T0015/311196/b74521f/pwhm-226177/test/testMacFiltering/test_macFiltering.c
2026-01-28 11:33:09,159 - Knowledge - INFO - Found code-base-name: https://github.com/kavia-common/pwhm-226177.git:kavia-main
2026-01-28 11:33:09,323 - Knowledge - INFO - Found code_base: <app.utils.kg_build.knowledge.KnowledgeCodeBase object at 0x7fcfb397d7d0>
2026-01-28 11:33:09,484 - Knowledge - INFO - process ingested knowledge for /app/data/T0015/311196/b74521f/pwhm-226177/include/wld/wld_ssid.h
2026-01-28 11:33:09,639 - Knowledge - INFO - Found code-base-name: https://github.com/kavia-common/pwhm-226177.git:kavia-main
2026-01-28 11:33:09,835 - Knowledge - INFO - Found code_base: <app.utils.kg_build.knowledge.KnowledgeCodeBase object at 0x7fcfb397d7d0>
2026-01-28 11:33:10,033 - Knowledge - INFO - process ingested knowledge for /app/data/T0015/311196/b74521f/pwhm-226177/include_priv/nl80211/wld_wpaCtrlGSock_priv.h
2026-01-28 11:33:10,193 - Knowledge - INFO - Found code-base-name: https://github.com/kavia-common/pwhm-226177.git:kavia-main
2026-01-28 11:33:10,359 - Knowledge - INFO - Found code_base: <app.utils.kg_build.knowledge.KnowledgeCodeBase object at 0x7fcfb397d7d0>
2026-01-28 11:33:10,554 - Knowledge - INFO - process ingested knowledge for /app/data/T0015/311196/b74521f/pwhm-226177/include/wld/wld_secDmnGrp.h
2026-01-28 11:33:10,719 - Knowledge - INFO - Found code-base-name: https://github.com/kavia-common/pwhm-226177.git:kavia-main
2026-01-28 11:33:10,876 - Knowledge - INFO - Found code_base: <app.utils.kg_build.knowledge.KnowledgeCodeBase object at 0x7fcfb397d7d0>
2026-01-28 11:33:11,031 - Knowledge - INFO - process ingested knowledge for /app/data/T0015/311196/b74521f/pwhm-226177/include/wld/wld_tinyRoam.h
2026-01-28 11:33:11,267 - Knowledge - INFO - Found code-base-name: https://github.com/kavia-common/pwhm-226177.git:kavia-main
2026-01-28 11:33:11,435 - Knowledge - INFO - Found code_base: <app.utils.kg_build.knowledge.KnowledgeCodeBase object at 0x7fcfb397d7d0>
2026-01-28 11:33:11,606 - Knowledge - INFO - process ingested knowledge for /app/data/T0015/311196/b74521f/pwhm-226177/test/wld_sensing/test_wld_sensing.c
2026-01-28 11:33:11,782 - Knowledge - INFO - Found code-base-name: https://github.com/kavia-common/pwhm-226177.git:kavia-main
2026-01-28 11:33:11,972 - Knowledge - INFO - Found code_base: <app.utils.kg_build.knowledge.KnowledgeCodeBase object at 0x7fcfb397d7d0>
2026-01-28 11:33:12,154 - Knowledge - INFO - process ingested knowledge for /app/data/T0015/311196/b74521f/pwhm-226177/test/testHelper/wld_th_mockVendor.c
2026-01-28 11:33:12,342 - Knowledge - INFO - Found code-base-name: https://github.com/kavia-common/pwhm-226177.git:kavia-main
2026-01-28 11:33:12,539 - Knowledge - INFO - Found code_base: <app.utils.kg_build.knowledge.KnowledgeCodeBase object at 0x7fcfb397d7d0>
2026-01-28 11:33:12,711 - Knowledge - INFO - process ingested knowledge for /app/data/T0015/311196/b74521f/pwhm-226177/src/nl80211/wld_wpaCtrlMngr.c
2026-01-28 11:33:12,876 - Knowledge - INFO - Found code-base-name: https://github.com/kavia-common/pwhm-226177.git:kavia-main
2026-01-28 11:33:13,055 - Knowledge - INFO - Found code_base: <app.utils.kg_build.knowledge.KnowledgeCodeBase object at 0x7fcfb397d7d0>
2026-01-28 11:33:13,240 - Knowledge - INFO - process ingested knowledge for /app/data/T0015/311196/b74521f/pwhm-226177/src/Plugin/wifiGen_fsm.c
2026-01-28 11:33:13,398 - Knowledge - INFO - Found code-base-name: https://github.com/kavia-common/pwhm-226177.git:kavia-main
2026-01-28 11:33:13,587 - Knowledge - INFO - Found code_base: <app.utils.kg_build.knowledge.KnowledgeCodeBase object at 0x7fcfb397d7d0>
2026-01-28 11:33:13,744 - Knowledge - INFO - process ingested knowledge for /app/data/T0015/311196/b74521f/pwhm-226177/test/testRadio11be/rad6_cap.txt
2026-01-28 11:33:13,944 - Knowledge - INFO - Found code-base-name: https://github.com/kavia-common/pwhm-226177.git:kavia-main
2026-01-28 11:33:14,137 - Knowledge - INFO - Found code_base: <app.utils.kg_build.knowledge.KnowledgeCodeBase object at 0x7fcfb397d7d0>
2026-01-28 11:33:14,302 - Knowledge - INFO - process ingested knowledge for /app/data/T0015/311196/b74521f/pwhm-226177/src/RadMgt/wld_rad_stamon.c
2026-01-28 11:33:14,470 - Knowledge - INFO - Found code-base-name: https://github.com/kavia-common/pwhm-226177.git:kavia-main
2026-01-28 11:33:14,635 - Knowledge - INFO - Found code_base: <app.utils.kg_build.knowledge.KnowledgeCodeBase object at 0x7fcfb397d7d0>
2026-01-28 11:33:14,813 - Knowledge - INFO - process ingested knowledge for /app/data/T0015/311196/b74521f/pwhm-226177/include/wld/wld_channel_lib.h
2026-01-28 11:33:15,009 - Knowledge - INFO - Found code-base-name: https://github.com/kavia-common/pwhm-226177.git:kavia-main
2026-01-28 11:33:15,176 - Knowledge - INFO - Found code_base: <app.utils.kg_build.knowledge.KnowledgeCodeBase object at 0x7fcfb397d7d0>
2026-01-28 11:33:15,383 - Knowledge - INFO - process ingested knowledge for /app/data/T0015/311196/b74521f/pwhm-226177/include/wld/wld_wpaSupp_cfgFile.h
2026-01-28 11:33:15,562 - Knowledge - INFO - Found code-base-name: https://github.com/kavia-common/pwhm-226177.git:kavia-main
2026-01-28 11:33:15,722 - Knowledge - INFO - Found code_base: <app.utils.kg_build.knowledge.KnowledgeCodeBase object at 0x7fcfb397d7d0>
2026-01-28 11:33:15,904 - Knowledge - INFO - process ingested knowledge for /app/data/T0015/311196/b74521f/pwhm-226177/test/testScanSsid/ScanResults-5g-3.txt
2026-01-28 11:33:16,096 - Knowledge - INFO - Found code-base-name: https://github.com/kavia-common/pwhm-226177.git:kavia-main
2026-01-28 11:33:16,297 - Knowledge - INFO - Found code_base: <app.utils.kg_build.knowledge.KnowledgeCodeBase object at 0x7fcfb397d7d0>
2026-01-28 11:33:16,507 - Knowledge - INFO - process ingested knowledge for /app/data/T0015/311196/b74521f/pwhm-226177/include_priv/Plugin/wifiGen_events.h
2026-01-28 11:33:16,707 - Knowledge - INFO - Found code-base-name: https://github.com/kavia-common/pwhm-226177.git:kavia-main
2026-01-28 11:33:16,865 - Knowledge - INFO - Found code_base: <app.utils.kg_build.knowledge.KnowledgeCodeBase object at 0x7fcfb397d7d0>
2026-01-28 11:33:17,019 - Knowledge - INFO - process ingested knowledge for /app/data/T0015/311196/b74521f/pwhm-226177/src/Utils/wld_config.c
2026-01-28 11:33:17,196 - Knowledge - INFO - Found code-base-name: https://github.com/kavia-common/pwhm-226177.git:kavia-main
2026-01-28 11:33:17,409 - Knowledge - INFO - Found code_base: <app.utils.kg_build.knowledge.KnowledgeCodeBase object at 0x7fcfb397d7d0>
2026-01-28 11:33:17,596 - Knowledge - INFO - process ingested knowledge for /app/data/T0015/311196/b74521f/pwhm-226177/src/EpMgt/wld_epMgmt.c
2026-01-28 11:33:17,935 - Knowledge - INFO - Found code-base-name: https://github.com/kavia-common/pwhm-226177.git:kavia-main
2026-01-28 11:33:18,123 - Knowledge - INFO - Found code_base: <app.utils.kg_build.knowledge.KnowledgeCodeBase object at 0x7fcfb397d7d0>
2026-01-28 11:33:18,298 - Knowledge - INFO - process ingested knowledge for /app/data/T0015/311196/b74521f/pwhm-226177/test/testStaStats/deauthNot/notif_7.txt
2026-01-28 11:33:18,480 - Knowledge - INFO - Found code-base-name: https://github.com/kavia-common/pwhm-226177.git:kavia-main
2026-01-28 11:33:18,646 - Knowledge - INFO - Found code_base: <app.utils.kg_build.knowledge.KnowledgeCodeBase object at 0x7fcfb397d7d0>
2026-01-28 11:33:18,822 - Knowledge - INFO - process ingested knowledge for /app/data/T0015/311196/b74521f/pwhm-226177/test/wld_chanMgt/test_wld_rad_chanMgt.c
2026-01-28 11:33:18,984 - Knowledge - INFO - Found code-base-name: https://github.com/kavia-common/pwhm-226177.git:kavia-main
2026-01-28 11:33:19,149 - Knowledge - INFO - Found code_base: <app.utils.kg_build.knowledge.KnowledgeCodeBase object at 0x7fcfb397d7d0>
2026-01-28 11:33:19,335 - Knowledge - INFO - process ingested knowledge for /app/data/T0015/311196/b74521f/pwhm-226177/include_priv/Plugin/wifiGen_ep.h
2026-01-28 11:33:19,510 - Knowledge - INFO - Found code-base-name: https://github.com/kavia-common/pwhm-226177.git:kavia-main
2026-01-28 11:33:19,679 - Knowledge - INFO - Found code_base: <app.utils.kg_build.knowledge.KnowledgeCodeBase object at 0x7fcfb397d7d0>
2026-01-28 11:33:19,854 - Knowledge - INFO - process ingested knowledge for /app/data/T0015/311196/b74521f/pwhm-226177/test/testRadioStatus/test_radioStatus.c
2026-01-28 11:33:20,034 - Knowledge - INFO - Found code-base-name: https://github.com/kavia-common/pwhm-226177.git:kavia-main
2026-01-28 11:33:20,234 - Knowledge - INFO - Found code_base: <app.utils.kg_build.knowledge.KnowledgeCodeBase object at 0x7fcfb397d7d0>
2026-01-28 11:33:20,392 - Knowledge - INFO - process ingested knowledge for /app/data/T0015/311196/b74521f/pwhm-226177/src/nl80211/wld_wpaCtrl_events.c
2026-01-28 11:33:20,605 - Knowledge - INFO - Found code-base-name: https://github.com/kavia-common/pwhm-226177.git:kavia-main
2026-01-28 11:33:20,763 - Knowledge - INFO - Found code_base: <app.utils.kg_build.knowledge.KnowledgeCodeBase object at 0x7fcfb397d7d0>
2026-01-28 11:33:20,955 - Knowledge - INFO - process ingested knowledge for /app/data/T0015/311196/b74521f/pwhm-226177/test/testStaStats/assocNot/not_8.txt
2026-01-28 11:33:21,137 - Knowledge - INFO - Found code-base-name: https://github.com/kavia-common/pwhm-226177.git:kavia-main
2026-01-28 11:33:21,319 - Knowledge - INFO - Found code_base: <app.utils.kg_build.knowledge.KnowledgeCodeBase object at 0x7fcfb397d7d0>
2026-01-28 11:33:21,494 - Knowledge - INFO - process ingested knowledge for /app/data/T0015/311196/b74521f/pwhm-226177/include/wld/wld_nl80211_api.h
2026-01-28 11:33:21,736 - Knowledge - INFO - Found code-base-name: https://github.com/kavia-common/pwhm-226177.git:kavia-main
2026-01-28 11:33:21,933 - Knowledge - INFO - Found code_base: <app.utils.kg_build.knowledge.KnowledgeCodeBase object at 0x7fcfb397d7d0>
2026-01-28 11:33:22,082 - Knowledge - INFO - process ingested knowledge for /app/data/T0015/311196/b74521f/pwhm-226177/test/testHelper/wld_th_radio.h
2026-01-28 11:33:22,278 - Knowledge - INFO - Found code-base-name: https://github.com/kavia-common/pwhm-226177.git:kavia-main
2026-01-28 11:33:22,460 - Knowledge - INFO - Found code_base: <app.utils.kg_build.knowledge.KnowledgeCodeBase object at 0x7fcfb397d7d0>
2026-01-28 11:33:22,627 - Knowledge - INFO - process ingested knowledge for /app/data/T0015/311196/b74521f/pwhm-226177/include/wld/wld_radio.h
2026-01-28 11:33:22,791 - Knowledge - INFO - Found code-base-name: https://github.com/kavia-common/pwhm-226177.git:kavia-main
2026-01-28 11:33:22,961 - Knowledge - INFO - Found code_base: <app.utils.kg_build.knowledge.KnowledgeCodeBase object at 0x7fcfb397d7d0>
2026-01-28 11:33:23,113 - Knowledge - INFO - process ingested knowledge for /app/data/T0015/311196/b74521f/pwhm-226177/test/fta/test_fta.c
2026-01-28 11:33:23,305 - Knowledge - INFO - Found code-base-name: https://github.com/kavia-common/pwhm-226177.git:kavia-main
2026-01-28 11:33:23,474 - Knowledge - INFO - Found code_base: <app.utils.kg_build.knowledge.KnowledgeCodeBase object at 0x7fcfb397d7d0>
2026-01-28 11:33:23,653 - Knowledge - INFO - process ingested knowledge for /app/data/T0015/311196/b74521f/pwhm-226177/src/ApMgt/wld_apMgmt.c
2026-01-28 11:33:23,811 - Knowledge - INFO - Found code-base-name: https://github.com/kavia-common/pwhm-226177.git:kavia-main
2026-01-28 11:33:23,975 - Knowledge - INFO - Found code_base: <app.utils.kg_build.knowledge.KnowledgeCodeBase object at 0x7fcfb397d7d0>
2026-01-28 11:33:24,183 - Knowledge - INFO - process ingested knowledge for /app/data/T0015/311196/b74521f/pwhm-226177/test/bStaMLD/test_bStaMLD.c
2026-01-28 11:33:24,357 - Knowledge - INFO - Found code-base-name: https://github.com/kavia-common/pwhm-226177.git:kavia-main
2026-01-28 11:33:24,508 - Knowledge - INFO - Found code_base: <app.utils.kg_build.knowledge.KnowledgeCodeBase object at 0x7fcfb397d7d0>
2026-01-28 11:33:24,671 - Knowledge - INFO - process ingested knowledge for /app/data/T0015/311196/b74521f/pwhm-226177/include/wld/wld_rad_macCfg.h
2026-01-28 11:33:24,845 - Knowledge - INFO - Found code-base-name: https://github.com/kavia-common/pwhm-226177.git:kavia-main
2026-01-28 11:33:25,012 - Knowledge - INFO - Found code_base: <app.utils.kg_build.knowledge.KnowledgeCodeBase object at 0x7fcfb397d7d0>
2026-01-28 11:33:25,175 - Knowledge - INFO - process ingested knowledge for /app/data/T0015/311196/b74521f/pwhm-226177/src/Plugin/wifiGen_zwdfs.c
2026-01-28 11:33:25,350 - Knowledge - INFO - Found code-base-name: https://github.com/kavia-common/pwhm-226177.git:kavia-main
2026-01-28 11:33:25,508 - Knowledge - INFO - Found code_base: <app.utils.kg_build.knowledge.KnowledgeCodeBase object at 0x7fcfb397d7d0>
2026-01-28 11:33:25,701 - Knowledge - INFO - process ingested knowledge for /app/data/T0015/311196/b74521f/pwhm-226177/test/testStaStats/test_staStats.c
2026-01-28 11:33:25,879 - Knowledge - INFO - Found code-base-name: https://github.com/kavia-common/pwhm-226177.git:kavia-main
2026-01-28 11:33:26,079 - Knowledge - INFO - Found code_base: <app.utils.kg_build.knowledge.KnowledgeCodeBase object at 0x7fcfb397d7d0>
2026-01-28 11:33:26,229 - Knowledge - INFO - process ingested knowledge for /app/data/T0015/311196/b74521f/pwhm-226177/src/Utils/wld_linuxIfStats.c
2026-01-28 11:33:26,402 - Knowledge - INFO - Found code-base-name: https://github.com/kavia-common/pwhm-226177.git:kavia-main
2026-01-28 11:33:26,594 - Knowledge - INFO - Found code_base: <app.utils.kg_build.knowledge.KnowledgeCodeBase object at 0x7fcfb397d7d0>
2026-01-28 11:33:26,750 - Knowledge - INFO - process ingested knowledge for /app/data/T0015/311196/b74521f/pwhm-226177/test/testStaStats/assocNot/not_0.txt
2026-01-28 11:33:26,925 - Knowledge - INFO - Found code-base-name: https://github.com/kavia-common/pwhm-226177.git:kavia-main
2026-01-28 11:33:27,104 - Knowledge - INFO - Found code_base: <app.utils.kg_build.knowledge.KnowledgeCodeBase object at 0x7fcfb397d7d0>
2026-01-28 11:33:27,324 - Knowledge - INFO - process ingested knowledge for /app/data/T0015/311196/b74521f/pwhm-226177/include_priv/Plugin/wld_plugin.h
2026-01-28 11:33:27,529 - Knowledge - INFO - Found code-base-name: https://github.com/kavia-common/pwhm-226177.git:kavia-main
2026-01-28 11:33:27,693 - Knowledge - INFO - Found code_base: <app.utils.kg_build.knowledge.KnowledgeCodeBase object at 0x7fcfb397d7d0>
2026-01-28 11:33:27,846 - Knowledge - INFO - process ingested knowledge for /app/data/T0015/311196/b74521f/pwhm-226177/include/wld/wld_bStaMld.h
2026-01-28 11:33:28,074 - Knowledge - INFO - Found code-base-name: https://github.com/kavia-common/pwhm-226177.git:kavia-main
2026-01-28 11:33:28,239 - Knowledge - INFO - Found code_base: <app.utils.kg_build.knowledge.KnowledgeCodeBase object at 0x7fcfb397d7d0>
2026-01-28 11:33:28,399 - Knowledge - INFO - process ingested knowledge for /app/data/T0015/311196/b74521f/pwhm-226177/include_priv/nl80211/wld_ssid_nl80211_priv.h
2026-01-28 11:33:28,605 - Knowledge - INFO - Found code-base-name: https://github.com/kavia-common/pwhm-226177.git:kavia-main
2026-01-28 11:33:28,769 - Knowledge - INFO - Found code_base: <app.utils.kg_build.knowledge.KnowledgeCodeBase object at 0x7fcfb397d7d0>
2026-01-28 11:33:28,937 - Knowledge - INFO - process ingested knowledge for /app/data/T0015/311196/b74521f/pwhm-226177/include_priv/Plugin/wifiGen_hapd.h
2026-01-28 11:33:29,095 - Knowledge - INFO - Found code-base-name: https://github.com/kavia-common/pwhm-226177.git:kavia-main
2026-01-28 11:33:29,279 - Knowledge - INFO - Found code_base: <app.utils.kg_build.knowledge.KnowledgeCodeBase object at 0x7fcfb397d7d0>
2026-01-28 11:33:29,444 - Knowledge - INFO - process ingested knowledge for /app/data/T0015/311196/b74521f/pwhm-226177/include/wld/Utils/wld_dmnMgt.h
2026-01-28 11:33:29,618 - Knowledge - INFO - Found code-base-name: https://github.com/kavia-common/pwhm-226177.git:kavia-main
2026-01-28 11:33:29,820 - Knowledge - INFO - Found code_base: <app.utils.kg_build.knowledge.KnowledgeCodeBase object at 0x7fcfb397d7d0>
2026-01-28 11:33:29,992 - Knowledge - INFO - process ingested knowledge for /app/data/T0015/311196/b74521f/pwhm-226177/src/ApMgt/wld_ap_neighbours.c
2026-01-28 11:33:30,155 - Knowledge - INFO - Found code-base-name: https://github.com/kavia-common/pwhm-226177.git:kavia-main
2026-01-28 11:33:30,319 - Knowledge - INFO - Found code_base: <app.utils.kg_build.knowledge.KnowledgeCodeBase object at 0x7fcfb397d7d0>
2026-01-28 11:33:30,502 - Knowledge - INFO - process ingested knowledge for /app/data/T0015/311196/b74521f/pwhm-226177/test/testStaStatsWiFi7/stationStats/stats_test5.txt
2026-01-28 11:33:30,705 - Knowledge - INFO - Found code-base-name: https://github.com/kavia-common/pwhm-226177.git:kavia-main
2026-01-28 11:33:30,883 - Knowledge - INFO - Found code_base: <app.utils.kg_build.knowledge.KnowledgeCodeBase object at 0x7fcfb397d7d0>
2026-01-28 11:33:31,050 - Knowledge - INFO - process ingested knowledge for /app/data/T0015/311196/b74521f/pwhm-226177/src/wld_util.c
2026-01-28 11:33:31,222 - Knowledge - INFO - Found code-base-name: https://github.com/kavia-common/pwhm-226177.git:kavia-main
2026-01-28 11:33:31,401 - Knowledge - INFO - Found code_base: <app.utils.kg_build.knowledge.KnowledgeCodeBase object at 0x7fcfb397d7d0>
2026-01-28 11:33:31,575 - Knowledge - INFO - process ingested knowledge for /app/data/T0015/311196/b74521f/pwhm-226177/test/testNeighborAp/test_neighborAp.c
2026-01-28 11:33:31,787 - Knowledge - INFO - Found code-base-name: https://github.com/kavia-common/pwhm-226177.git:kavia-main
2026-01-28 11:33:31,966 - Knowledge - INFO - Found code_base: <app.utils.kg_build.knowledge.KnowledgeCodeBase object at 0x7fcfb397d7d0>
2026-01-28 11:33:32,121 - Knowledge - INFO - process ingested knowledge for /app/data/T0015/311196/b74521f/pwhm-226177/src/Plugin/wifiGen_radIfMgt.c
2026-01-28 11:33:32,315 - Knowledge - INFO - Found code-base-name: https://github.com/kavia-common/pwhm-226177.git:kavia-main
2026-01-28 11:33:32,483 - Knowledge - INFO - Found code_base: <app.utils.kg_build.knowledge.KnowledgeCodeBase object at 0x7fcfb397d7d0>
2026-01-28 11:33:32,648 - Knowledge - INFO - process ingested knowledge for /app/data/T0015/311196/b74521f/pwhm-226177/src/ChannelManagement/wld_channel.c
2026-01-28 11:33:32,840 - Knowledge - INFO - Found code-base-name: https://github.com/kavia-common/pwhm-226177.git:kavia-main
2026-01-28 11:33:33,010 - Knowledge - INFO - Found code_base: <app.utils.kg_build.knowledge.KnowledgeCodeBase object at 0x7fcfb397d7d0>
2026-01-28 11:33:33,166 - Knowledge - INFO - process ingested knowledge for /app/data/T0015/311196/b74521f/pwhm-226177/test/testHelper/wld_th_vap.h
2026-01-28 11:33:33,314 - Knowledge - INFO - Found code-base-name: https://github.com/kavia-common/pwhm-226177.git:kavia-main
2026-01-28 11:33:33,495 - Knowledge - INFO - Found code_base: <app.utils.kg_build.knowledge.KnowledgeCodeBase object at 0x7fcfb397d7d0>
2026-01-28 11:33:33,649 - Knowledge - INFO - process ingested knowledge for /app/data/T0015/311196/b74521f/pwhm-226177/test/testHelper/wld_th_sensing.h
2026-01-28 11:33:33,869 - Knowledge - INFO - Found code-base-name: https://github.com/kavia-common/pwhm-226177.git:kavia-main
2026-01-28 11:33:34,050 - Knowledge - INFO - Found code_base: <app.utils.kg_build.knowledge.KnowledgeCodeBase object at 0x7fcfb397d7d0>
2026-01-28 11:33:34,265 - Knowledge - INFO - process ingested knowledge for /app/data/T0015/311196/b74521f/pwhm-226177/include_priv/Plugin/wifiGen_mld.h
2026-01-28 11:33:34,432 - Knowledge - INFO - Found code-base-name: https://github.com/kavia-common/pwhm-226177.git:kavia-main
2026-01-28 11:33:34,588 - Knowledge - INFO - Found code_base: <app.utils.kg_build.knowledge.KnowledgeCodeBase object at 0x7fcfb397d7d0>
2026-01-28 11:33:34,743 - Knowledge - INFO - process ingested knowledge for /app/data/T0015/311196/b74521f/pwhm-226177/include/wld/wld_sensing.h
2026-01-28 11:33:34,918 - Knowledge - INFO - Found code-base-name: https://github.com/kavia-common/pwhm-226177.git:kavia-main
2026-01-28 11:33:35,075 - Knowledge - INFO - Found code_base: <app.utils.kg_build.knowledge.KnowledgeCodeBase object at 0x7fcfb397d7d0>
2026-01-28 11:33:35,274 - Knowledge - INFO - process ingested knowledge for /app/data/T0015/311196/b74521f/pwhm-226177/src/wld_apMld.c
2026-01-28 11:33:35,458 - Knowledge - INFO - Found code-base-name: https://github.com/kavia-common/pwhm-226177.git:kavia-main
2026-01-28 11:33:35,628 - Knowledge - INFO - Found code_base: <app.utils.kg_build.knowledge.KnowledgeCodeBase object at 0x7fcfb397d7d0>
2026-01-28 11:33:35,863 - Knowledge - INFO - process ingested knowledge for /app/data/T0015/311196/b74521f/pwhm-226177/src/wld_functionTable.c
2026-01-28 11:33:36,055 - Knowledge - INFO - Found code-base-name: https://github.com/kavia-common/pwhm-226177.git:kavia-main
2026-01-28 11:33:36,226 - Knowledge - INFO - Found code_base: <app.utils.kg_build.knowledge.KnowledgeCodeBase object at 0x7fcfb397d7d0>
2026-01-28 11:33:36,408 - Knowledge - INFO - process ingested knowledge for /app/data/T0015/311196/b74521f/pwhm-226177/src/nl80211/wld_wpaSupp_cfgFile.c
2026-01-28 11:33:36,607 - Knowledge - INFO - Found code-base-name: https://github.com/kavia-common/pwhm-226177.git:kavia-main
2026-01-28 11:33:36,772 - Knowledge - INFO - Found code_base: <app.utils.kg_build.knowledge.KnowledgeCodeBase object at 0x7fcfb397d7d0>
2026-01-28 11:33:36,946 - Knowledge - INFO - process ingested knowledge for /app/data/T0015/311196/b74521f/pwhm-226177/include/wld/wld_wpaSupp_ep_api.h
2026-01-28 11:33:37,140 - Knowledge - INFO - Found code-base-name: https://github.com/kavia-common/pwhm-226177.git:kavia-main
2026-01-28 11:33:37,300 - Knowledge - INFO - Found code_base: <app.utils.kg_build.knowledge.KnowledgeCodeBase object at 0x7fcfb397d7d0>
2026-01-28 11:33:37,501 - Knowledge - INFO - process ingested knowledge for /app/data/T0015/311196/b74521f/pwhm-226177/src/ApMgt/wld_ap_bss_transfer.c
2026-01-28 11:33:37,678 - Knowledge - INFO - Found code-base-name: https://github.com/kavia-common/pwhm-226177.git:kavia-main
2026-01-28 11:33:37,873 - Knowledge - INFO - Found code_base: <app.utils.kg_build.knowledge.KnowledgeCodeBase object at 0x7fcfb397d7d0>
2026-01-28 11:33:38,053 - Knowledge - INFO - process ingested knowledge for /app/data/T0015/311196/b74521f/pwhm-226177/include/wld/Utils/wld_autoNeighAdd.h
2026-01-28 11:33:38,192 - Knowledge - INFO - Found code-base-name: https://github.com/kavia-common/pwhm-226177.git:kavia-main
2026-01-28 11:33:38,397 - Knowledge - INFO - Found code_base: <app.utils.kg_build.knowledge.KnowledgeCodeBase object at 0x7fcfb397d7d0>
2026-01-28 11:33:38,560 - Knowledge - INFO - process ingested knowledge for /app/data/T0015/311196/b74521f/pwhm-226177/test/test_defines.mk
2026-01-28 11:33:38,717 - Knowledge - INFO - Found code-base-name: https://github.com/kavia-common/pwhm-226177.git:kavia-main
2026-01-28 11:33:38,924 - Knowledge - INFO - Found code_base: <app.utils.kg_build.knowledge.KnowledgeCodeBase object at 0x7fcfb397d7d0>
2026-01-28 11:33:39,079 - Knowledge - INFO - process ingested knowledge for /app/data/T0015/311196/b74521f/pwhm-226177/include/wld/wld_hostapd_cfgManager.h
2026-01-28 11:33:39,250 - Knowledge - INFO - Found code-base-name: https://github.com/kavia-common/pwhm-226177.git:kavia-main
2026-01-28 11:33:39,413 - Knowledge - INFO - Found code_base: <app.utils.kg_build.knowledge.KnowledgeCodeBase object at 0x7fcfb397d7d0>
2026-01-28 11:33:39,618 - Knowledge - INFO - process ingested knowledge for /app/data/T0015/311196/b74521f/pwhm-226177/test/testScanSsid/ScanResults-5g-1.txt
2026-01-28 11:33:39,783 - Knowledge - INFO - Found code-base-name: https://github.com/kavia-common/pwhm-226177.git:kavia-main
2026-01-28 11:33:39,946 - Knowledge - INFO - Found code_base: <app.utils.kg_build.knowledge.KnowledgeCodeBase object at 0x7fcfb397d7d0>
2026-01-28 11:33:40,114 - Knowledge - INFO - process ingested knowledge for /app/data/T0015/311196/b74521f/pwhm-226177/include_priv/nl80211/wld_nl80211_core_priv.h
2026-01-28 11:33:40,276 - Knowledge - INFO - Found code-base-name: https://github.com/kavia-common/pwhm-226177.git:kavia-main
2026-01-28 11:33:40,424 - Knowledge - INFO - Found code_base: <app.utils.kg_build.knowledge.KnowledgeCodeBase object at 0x7fcfb397d7d0>
2026-01-28 11:33:40,639 - Knowledge - INFO - process ingested knowledge for /app/data/T0015/311196/b74521f/pwhm-226177/test/wld_daemon/test_wld_daemon.c
2026-01-28 11:33:40,824 - Knowledge - INFO - Found code-base-name: https://github.com/kavia-common/pwhm-226177.git:kavia-main
2026-01-28 11:33:40,983 - Knowledge - INFO - Found code_base: <app.utils.kg_build.knowledge.KnowledgeCodeBase object at 0x7fcfb397d7d0>
2026-01-28 11:33:41,178 - Knowledge - INFO - process ingested knowledge for /app/data/T0015/311196/b74521f/pwhm-226177/include/wld/wld_mld.h
2026-01-28 11:33:41,382 - Knowledge - INFO - Found code-base-name: https://github.com/kavia-common/pwhm-226177.git:kavia-main
2026-01-28 11:33:41,539 - Knowledge - INFO - Found code_base: <app.utils.kg_build.knowledge.KnowledgeCodeBase object at 0x7fcfb397d7d0>
2026-01-28 11:33:41,716 - Knowledge - INFO - process ingested knowledge for /app/data/T0015/311196/b74521f/pwhm-226177/test/testStaStats/deauthNot/notif_5.txt
2026-01-28 11:33:41,878 - Knowledge - INFO - Found code-base-name: https://github.com/kavia-common/pwhm-226177.git:kavia-main
2026-01-28 11:33:42,057 - Knowledge - INFO - Found code_base: <app.utils.kg_build.knowledge.KnowledgeCodeBase object at 0x7fcfb397d7d0>
2026-01-28 11:33:42,213 - Knowledge - INFO - process ingested knowledge for /app/data/T0015/311196/b74521f/pwhm-226177/src/nl80211/wld_nl80211_api.c
2026-01-28 11:33:42,409 - Knowledge - INFO - Found code-base-name: https://github.com/kavia-common/pwhm-226177.git:kavia-main
2026-01-28 11:33:42,663 - Knowledge - INFO - Found code_base: <app.utils.kg_build.knowledge.KnowledgeCodeBase object at 0x7fcfb397d7d0>
2026-01-28 11:33:42,858 - Knowledge - INFO - process ingested knowledge for /app/data/T0015/311196/b74521f/pwhm-226177/test/epMld/test_epMld.c
2026-01-28 11:33:43,054 - Knowledge - INFO - Found code-base-name: https://github.com/kavia-common/pwhm-226177.git:kavia-main
2026-01-28 11:33:43,231 - Knowledge - INFO - Found code_base: <app.utils.kg_build.knowledge.KnowledgeCodeBase object at 0x7fcfb397d7d0>
2026-01-28 11:33:43,415 - Knowledge - INFO - process ingested knowledge for /app/data/T0015/311196/b74521f/pwhm-226177/include/wld/wld_channel_types.h
2026-01-28 11:33:43,575 - Knowledge - INFO - Found code-base-name: https://github.com/kavia-common/pwhm-226177.git:kavia-main
2026-01-28 11:33:43,769 - Knowledge - INFO - Found code_base: <app.utils.kg_build.knowledge.KnowledgeCodeBase object at 0x7fcfb397d7d0>
2026-01-28 11:33:43,952 - Knowledge - INFO - process ingested knowledge for /app/data/T0015/311196/b74521f/pwhm-226177/include_priv/nl80211/wld_wpaCtrlInterface_priv.h
2026-01-28 11:33:44,117 - Knowledge - INFO - Found code-base-name: https://github.com/kavia-common/pwhm-226177.git:kavia-main
2026-01-28 11:33:44,327 - Knowledge - INFO - Found code_base: <app.utils.kg_build.knowledge.KnowledgeCodeBase object at 0x7fcfb397d7d0>
2026-01-28 11:33:44,501 - Knowledge - INFO - process ingested knowledge for /app/data/T0015/311196/b74521f/pwhm-226177/test/testStaStats/assocNot/not_6.txt
2026-01-28 11:33:44,653 - Knowledge - INFO - Found code-base-name: https://github.com/kavia-common/pwhm-226177.git:kavia-main
2026-01-28 11:33:44,864 - Knowledge - INFO - Found code_base: <app.utils.kg_build.knowledge.KnowledgeCodeBase object at 0x7fcfb397d7d0>
2026-01-28 11:33:45,026 - Knowledge - INFO - process ingested knowledge for /app/data/T0015/311196/b74521f/pwhm-226177/src/Utils/wld_daemon.c
2026-01-28 11:33:45,215 - Knowledge - INFO - Found code-base-name: https://github.com/kavia-common/pwhm-226177.git:kavia-main
2026-01-28 11:33:45,389 - Knowledge - INFO - Found code_base: <app.utils.kg_build.knowledge.KnowledgeCodeBase object at 0x7fcfb397d7d0>
2026-01-28 11:33:45,552 - Knowledge - INFO - process ingested knowledge for /app/data/T0015/311196/b74521f/pwhm-226177/src/wld_radioOperatingStandards.c
2026-01-28 11:33:45,747 - Knowledge - INFO - Found code-base-name: https://github.com/kavia-common/pwhm-226177.git:kavia-main
2026-01-28 11:33:45,933 - Knowledge - INFO - Found code_base: <app.utils.kg_build.knowledge.KnowledgeCodeBase object at 0x7fcfb397d7d0>
2026-01-28 11:33:46,124 - Knowledge - INFO - process ingested knowledge for /app/data/T0015/311196/b74521f/pwhm-226177/src/wld_accesspoint.c
2026-01-28 11:33:46,278 - Knowledge - INFO - Found code-base-name: https://github.com/kavia-common/pwhm-226177.git:kavia-main
2026-01-28 11:33:46,443 - Knowledge - INFO - Found code_base: <app.utils.kg_build.knowledge.KnowledgeCodeBase object at 0x7fcfb397d7d0>
2026-01-28 11:33:46,615 - Knowledge - INFO - process ingested knowledge for /app/data/T0015/311196/b74521f/pwhm-226177/test/testStaStatsWiFi7/stationStats/stats_test3.txt
2026-01-28 11:33:46,777 - Knowledge - INFO - Found code-base-name: https://github.com/kavia-common/pwhm-226177.git:kavia-main
2026-01-28 11:33:46,948 - Knowledge - INFO - Found code_base: <app.utils.kg_build.knowledge.KnowledgeCodeBase object at 0x7fcfb397d7d0>
2026-01-28 11:33:47,121 - Knowledge - INFO - process ingested knowledge for /app/data/T0015/311196/b74521f/pwhm-226177/test/testBgDfs/test_BgDfs.c
2026-01-28 11:33:47,281 - Knowledge - INFO - Found code-base-name: https://github.com/kavia-common/pwhm-226177.git:kavia-main
2026-01-28 11:33:47,423 - Knowledge - INFO - Found code_base: <app.utils.kg_build.knowledge.KnowledgeCodeBase object at 0x7fcfb397d7d0>
2026-01-28 11:33:47,587 - Knowledge - INFO - process ingested knowledge for /app/data/T0015/311196/b74521f/pwhm-226177/include/wld/wld_types.h
2026-01-28 11:33:47,751 - Knowledge - INFO - Found code-base-name: https://github.com/kavia-common/pwhm-226177.git:kavia-main
2026-01-28 11:33:47,934 - Knowledge - INFO - Found code_base: <app.utils.kg_build.knowledge.KnowledgeCodeBase object at 0x7fcfb397d7d0>
2026-01-28 11:33:48,116 - Knowledge - INFO - process ingested knowledge for /app/data/T0015/311196/b74521f/pwhm-226177/test/testHelper/wld_th_types.h
2026-01-28 11:33:48,323 - Knowledge - INFO - Found code-base-name: https://github.com/kavia-common/pwhm-226177.git:kavia-main
2026-01-28 11:33:48,523 - Knowledge - INFO - Found code_base: <app.utils.kg_build.knowledge.KnowledgeCodeBase object at 0x7fcfb397d7d0>
2026-01-28 11:33:48,720 - Knowledge - INFO - process ingested knowledge for /app/data/T0015/311196/b74521f/pwhm-226177/test/testRadio11be/rad5_base.txt
2026-01-28 11:33:48,886 - Knowledge - INFO - Found code-base-name: https://github.com/kavia-common/pwhm-226177.git:kavia-main
2026-01-28 11:33:49,048 - Knowledge - INFO - Found code_base: <app.utils.kg_build.knowledge.KnowledgeCodeBase object at 0x7fcfb397d7d0>
2026-01-28 11:33:49,210 - Knowledge - INFO - process ingested knowledge for /app/data/T0015/311196/b74521f/pwhm-226177/src/VendorModule/wld_vendorModule_mgr.c
2026-01-28 11:33:49,376 - Knowledge - INFO - Found code-base-name: https://github.com/kavia-common/pwhm-226177.git:kavia-main
2026-01-28 11:33:49,572 - Knowledge - INFO - Found code_base: <app.utils.kg_build.knowledge.KnowledgeCodeBase object at 0x7fcfb397d7d0>
2026-01-28 11:33:49,768 - Knowledge - INFO - process ingested knowledge for /app/data/T0015/311196/b74521f/pwhm-226177/test/testHelper/wld_th_ep.h
2026-01-28 11:33:49,940 - Knowledge - INFO - Found code-base-name: https://github.com/kavia-common/pwhm-226177.git:kavia-main
2026-01-28 11:33:50,086 - Knowledge - INFO - Found code_base: <app.utils.kg_build.knowledge.KnowledgeCodeBase object at 0x7fcfb397d7d0>
2026-01-28 11:33:50,280 - Knowledge - INFO - process ingested knowledge for /app/data/T0015/311196/b74521f/pwhm-226177/test/testapMLD/test_apmld.c
2026-01-28 11:33:50,440 - Knowledge - INFO - Found code-base-name: https://github.com/kavia-common/pwhm-226177.git:kavia-main
2026-01-28 11:33:50,613 - Knowledge - INFO - Found code_base: <app.utils.kg_build.knowledge.KnowledgeCodeBase object at 0x7fcfb397d7d0>
2026-01-28 11:33:50,776 - Knowledge - INFO - process ingested knowledge for /app/data/T0015/311196/b74521f/pwhm-226177/test/testStaStats/history1.txt
2026-01-28 11:33:50,960 - Knowledge - INFO - Found code-base-name: https://github.com/kavia-common/pwhm-226177.git:kavia-main
2026-01-28 11:33:51,162 - Knowledge - INFO - Found code_base: <app.utils.kg_build.knowledge.KnowledgeCodeBase object at 0x7fcfb397d7d0>
2026-01-28 11:33:51,352 - Knowledge - INFO - process ingested knowledge for /app/data/T0015/311196/b74521f/pwhm-226177/src/EpMgt/wld_tinyRoam_bus.c
2026-01-28 11:33:51,519 - Knowledge - INFO - Found code-base-name: https://github.com/kavia-common/pwhm-226177.git:kavia-main
2026-01-28 11:33:51,668 - Knowledge - INFO - Found code_base: <app.utils.kg_build.knowledge.KnowledgeCodeBase object at 0x7fcfb397d7d0>
2026-01-28 11:33:51,860 - Knowledge - INFO - process ingested knowledge for /app/data/T0015/311196/b74521f/pwhm-226177/src/Utils/wld_monitor.c
2026-01-28 11:33:52,013 - Knowledge - INFO - Found code-base-name: https://github.com/kavia-common/pwhm-226177.git:kavia-main
2026-01-28 11:33:52,201 - Knowledge - INFO - Found code_base: <app.utils.kg_build.knowledge.KnowledgeCodeBase object at 0x7fcfb397d7d0>
2026-01-28 11:33:52,416 - Knowledge - INFO - process ingested knowledge for /app/data/T0015/311196/b74521f/pwhm-226177/test/wld_nl80211/test_wld_nl80211.c
2026-01-28 11:33:52,625 - Knowledge - INFO - Found code-base-name: https://github.com/kavia-common/pwhm-226177.git:kavia-main
2026-01-28 11:33:52,783 - Knowledge - INFO - Found code_base: <app.utils.kg_build.knowledge.KnowledgeCodeBase object at 0x7fcfb397d7d0>
2026-01-28 11:33:52,986 - Knowledge - INFO - process ingested knowledge for /app/data/T0015/311196/b74521f/pwhm-226177/include/wld/wld_wpaCtrl_events.h
2026-01-28 11:33:53,164 - Knowledge - INFO - Found code-base-name: https://github.com/kavia-common/pwhm-226177.git:kavia-main
2026-01-28 11:33:53,341 - Knowledge - INFO - Found code_base: <app.utils.kg_build.knowledge.KnowledgeCodeBase object at 0x7fcfb397d7d0>
2026-01-28 11:33:53,500 - Knowledge - INFO - process ingested knowledge for /app/data/T0015/311196/b74521f/pwhm-226177/test/testEnableSync/test_enableSync.c
2026-01-28 11:33:53,686 - Knowledge - INFO - Found code-base-name: https://github.com/kavia-common/pwhm-226177.git:kavia-main
2026-01-28 11:33:53,870 - Knowledge - INFO - Found code_base: <app.utils.kg_build.knowledge.KnowledgeCodeBase object at 0x7fcfb397d7d0>
2026-01-28 11:33:54,048 - Knowledge - INFO - process ingested knowledge for /app/data/T0015/311196/b74521f/pwhm-226177/include/wld/wld_wpaCtrlMngr.h
2026-01-28 11:33:54,214 - Knowledge - INFO - Found code-base-name: https://github.com/kavia-common/pwhm-226177.git:kavia-main
2026-01-28 11:33:54,405 - Knowledge - INFO - Found code_base: <app.utils.kg_build.knowledge.KnowledgeCodeBase object at 0x7fcfb397d7d0>
2026-01-28 11:33:54,589 - Knowledge - INFO - process ingested knowledge for /app/data/T0015/311196/b74521f/pwhm-226177/test/testScanSsid/ScanResults-5g-5.txt
2026-01-28 11:33:54,772 - Knowledge - INFO - Found code-base-name: https://github.com/kavia-common/pwhm-226177.git:kavia-main
2026-01-28 11:33:54,942 - Knowledge - INFO - Found code_base: <app.utils.kg_build.knowledge.KnowledgeCodeBase object at 0x7fcfb397d7d0>
2026-01-28 11:33:55,117 - Knowledge - INFO - process ingested knowledge for /app/data/T0015/311196/b74521f/pwhm-226177/test/wld_fsm/test_wld_fsm.c
2026-01-28 11:33:55,256 - Knowledge - INFO - Found code-base-name: https://github.com/kavia-common/pwhm-226177.git:kavia-main
2026-01-28 11:33:55,415 - Knowledge - INFO - Found code_base: <app.utils.kg_build.knowledge.KnowledgeCodeBase object at 0x7fcfb397d7d0>
2026-01-28 11:33:55,592 - Knowledge - INFO - process ingested knowledge for /app/data/T0015/311196/b74521f/pwhm-226177/include_priv/Plugin/wifiGen_rad.h
2026-01-28 11:33:55,757 - Knowledge - INFO - Found code-base-name: https://github.com/kavia-common/pwhm-226177.git:kavia-main
2026-01-28 11:33:55,911 - Knowledge - INFO - Found code_base: <app.utils.kg_build.knowledge.KnowledgeCodeBase object at 0x7fcfb397d7d0>
2026-01-28 11:33:56,076 - Knowledge - INFO - process ingested knowledge for /app/data/T0015/311196/b74521f/pwhm-226177/src/Utils/wld_autoCommitMgr.c
2026-01-28 11:33:56,243 - Knowledge - INFO - Found code-base-name: https://github.com/kavia-common/pwhm-226177.git:kavia-main
2026-01-28 11:33:56,457 - Knowledge - INFO - Found code_base: <app.utils.kg_build.knowledge.KnowledgeCodeBase object at 0x7fcfb397d7d0>
2026-01-28 11:33:56,654 - Knowledge - INFO - process ingested knowledge for /app/data/T0015/311196/b74521f/pwhm-226177/test/testHelper/wld_th_dm.h
2026-01-28 11:33:56,833 - Knowledge - INFO - Found code-base-name: https://github.com/kavia-common/pwhm-226177.git:kavia-main
2026-01-28 11:33:56,987 - Knowledge - INFO - Found code_base: <app.utils.kg_build.knowledge.KnowledgeCodeBase object at 0x7fcfb397d7d0>
2026-01-28 11:33:57,191 - Knowledge - INFO - process ingested knowledge for /app/data/T0015/311196/b74521f/pwhm-226177/include/wld/wld_extMod.h
2026-01-28 11:33:57,392 - Knowledge - INFO - Found code-base-name: https://github.com/kavia-common/pwhm-226177.git:kavia-main
2026-01-28 11:33:57,551 - Knowledge - INFO - Found code_base: <app.utils.kg_build.knowledge.KnowledgeCodeBase object at 0x7fcfb397d7d0>
2026-01-28 11:33:57,744 - Knowledge - INFO - process ingested knowledge for /app/data/T0015/311196/b74521f/pwhm-226177/include/wld/wld.h
2026-01-28 11:33:57,915 - Knowledge - INFO - Found code-base-name: https://github.com/kavia-common/pwhm-226177.git:kavia-main
2026-01-28 11:33:58,087 - Knowledge - INFO - Found code_base: <app.utils.kg_build.knowledge.KnowledgeCodeBase object at 0x7fcfb397d7d0>
2026-01-28 11:33:58,291 - Knowledge - INFO - process ingested knowledge for /app/data/T0015/311196/b74521f/pwhm-226177/src/wld_assocdev.c
2026-01-28 11:33:58,518 - Knowledge - INFO - Found code-base-name: https://github.com/kavia-common/pwhm-226177.git:kavia-main
2026-01-28 11:33:58,701 - Knowledge - INFO - Found code_base: <app.utils.kg_build.knowledge.KnowledgeCodeBase object at 0x7fcfb397d7d0>
2026-01-28 11:33:58,897 - Knowledge - INFO - process ingested knowledge for /app/data/T0015/311196/b74521f/pwhm-226177/test/testStaStats/deauthNot/notif_9.txt
2026-01-28 11:33:59,058 - Knowledge - INFO - Found code-base-name: https://github.com/kavia-common/pwhm-226177.git:kavia-main
2026-01-28 11:33:59,209 - Knowledge - INFO - Found code_base: <app.utils.kg_build.knowledge.KnowledgeCodeBase object at 0x7fcfb397d7d0>
2026-01-28 11:33:59,382 - Knowledge - INFO - process ingested knowledge for /app/data/T0015/311196/b74521f/pwhm-226177/test/testHelper/wld_th_fsm.c
2026-01-28 11:33:59,556 - Knowledge - INFO - Found code-base-name: https://github.com/kavia-common/pwhm-226177.git:kavia-main
2026-01-28 11:33:59,730 - Knowledge - INFO - Found code_base: <app.utils.kg_build.knowledge.KnowledgeCodeBase object at 0x7fcfb397d7d0>
2026-01-28 11:33:59,928 - Knowledge - INFO - process ingested knowledge for /app/data/T0015/311196/b74521f/pwhm-226177/include/wld/wld_endpoint.h
2026-01-28 11:34:00,098 - Knowledge - INFO - Found code-base-name: https://github.com/kavia-common/pwhm-226177.git:kavia-main
2026-01-28 11:34:00,267 - Knowledge - INFO - Found code_base: <app.utils.kg_build.knowledge.KnowledgeCodeBase object at 0x7fcfb397d7d0>
2026-01-28 11:34:00,431 - Knowledge - INFO - process ingested knowledge for /app/data/T0015/311196/b74521f/pwhm-226177/src/nl80211/wld_secDmnGrp.c
2026-01-28 11:34:00,591 - Knowledge - INFO - Found code-base-name: https://github.com/kavia-common/pwhm-226177.git:kavia-main
2026-01-28 11:34:00,766 - Knowledge - INFO - Found code_base: <app.utils.kg_build.knowledge.KnowledgeCodeBase object at 0x7fcfb397d7d0>
2026-01-28 11:34:00,967 - Knowledge - INFO - process ingested knowledge for /app/data/T0015/311196/b74521f/pwhm-226177/include_priv/Plugin/wifiGen_vap.h
2026-01-28 11:34:01,168 - Knowledge - INFO - Found code-base-name: https://github.com/kavia-common/pwhm-226177.git:kavia-main
2026-01-28 11:34:01,318 - Knowledge - INFO - Found code_base: <app.utils.kg_build.knowledge.KnowledgeCodeBase object at 0x7fcfb397d7d0>
2026-01-28 11:34:01,533 - Knowledge - INFO - process ingested knowledge for /app/data/T0015/311196/b74521f/pwhm-226177/test/startStop/test_startStop.c
2026-01-28 11:34:01,722 - Knowledge - INFO - Found code-base-name: https://github.com/kavia-common/pwhm-226177.git:kavia-main
2026-01-28 11:34:01,936 - Knowledge - INFO - Found code_base: <app.utils.kg_build.knowledge.KnowledgeCodeBase object at 0x7fcfb397d7d0>
2026-01-28 11:34:02,124 - Knowledge - INFO - process ingested knowledge for /app/data/T0015/311196/b74521f/pwhm-226177/include/wld/wld_wpaCtrl_types.h
2026-01-28 11:34:02,300 - Knowledge - INFO - Found code-base-name: https://github.com/kavia-common/pwhm-226177.git:kavia-main
2026-01-28 11:34:02,461 - Knowledge - INFO - Found code_base: <app.utils.kg_build.knowledge.KnowledgeCodeBase object at 0x7fcfb397d7d0>
2026-01-28 11:34:02,621 - Knowledge - INFO - process ingested knowledge for /app/data/T0015/311196/b74521f/pwhm-226177/include_priv/VendorModule/wld_vendorModule_priv.h
2026-01-28 11:34:02,792 - Knowledge - INFO - Found code-base-name: https://github.com/kavia-common/pwhm-226177.git:kavia-main
2026-01-28 11:34:03,034 - Knowledge - INFO - Found code_base: <app.utils.kg_build.knowledge.KnowledgeCodeBase object at 0x7fcfb397d7d0>
2026-01-28 11:34:03,194 - Knowledge - INFO - process ingested knowledge for /app/data/T0015/311196/b74521f/pwhm-226177/test/wld_util/test_wld_util.c
2026-01-28 11:34:03,367 - Knowledge - INFO - Found code-base-name: https://github.com/kavia-common/pwhm-226177.git:kavia-main
2026-01-28 11:34:03,572 - Knowledge - INFO - Found code_base: <app.utils.kg_build.knowledge.KnowledgeCodeBase object at 0x7fcfb397d7d0>
2026-01-28 11:34:03,745 - Knowledge - INFO - process ingested knowledge for /app/data/T0015/311196/b74521f/pwhm-226177/makefile.inc
2026-01-28 11:34:03,923 - Knowledge - INFO - Found code-base-name: https://github.com/kavia-common/pwhm-226177.git:kavia-main
2026-01-28 11:34:04,118 - Knowledge - INFO - Found code_base: <app.utils.kg_build.knowledge.KnowledgeCodeBase object at 0x7fcfb397d7d0>
2026-01-28 11:34:04,274 - Knowledge - INFO - process ingested knowledge for /app/data/T0015/311196/b74521f/pwhm-226177/include_priv/nl80211/wld_nl80211_parser.h
2026-01-28 11:34:04,455 - Knowledge - INFO - Found code-base-name: https://github.com/kavia-common/pwhm-226177.git:kavia-main
2026-01-28 11:34:04,617 - Knowledge - INFO - Found code_base: <app.utils.kg_build.knowledge.KnowledgeCodeBase object at 0x7fcfb397d7d0>
2026-01-28 11:34:04,781 - Knowledge - INFO - process ingested knowledge for /app/data/T0015/311196/b74521f/pwhm-226177/src/Plugin/wifiGen_wpaSupp.c
2026-01-28 11:34:04,969 - Knowledge - INFO - Found code-base-name: https://github.com/kavia-common/pwhm-226177.git:kavia-main
2026-01-28 11:34:05,131 - Knowledge - INFO - Found code_base: <app.utils.kg_build.knowledge.KnowledgeCodeBase object at 0x7fcfb397d7d0>
2026-01-28 11:34:05,357 - Knowledge - INFO - process ingested knowledge for /app/data/T0015/311196/b74521f/pwhm-226177/test/testStaStats/stationStats/stats_data3.txt
2026-01-28 11:34:05,541 - Knowledge - INFO - Found code-base-name: https://github.com/kavia-common/pwhm-226177.git:kavia-main
2026-01-28 11:34:05,703 - Knowledge - INFO - Found code_base: <app.utils.kg_build.knowledge.KnowledgeCodeBase object at 0x7fcfb397d7d0>
2026-01-28 11:34:05,909 - Knowledge - INFO - process ingested knowledge for /app/data/T0015/311196/b74521f/pwhm-226177/test/testRadio11be/test_radio11be.c
2026-01-28 11:34:06,102 - Knowledge - INFO - Found code-base-name: https://github.com/kavia-common/pwhm-226177.git:kavia-main
2026-01-28 11:34:06,268 - Knowledge - INFO - Found code_base: <app.utils.kg_build.knowledge.KnowledgeCodeBase object at 0x7fcfb397d7d0>
2026-01-28 11:34:06,515 - Knowledge - INFO - process ingested knowledge for /app/data/T0015/311196/b74521f/pwhm-226177/test/testStaStats/deauthNot/notif_1.txt
2026-01-28 11:34:06,684 - Knowledge - INFO - Found code-base-name: https://github.com/kavia-common/pwhm-226177.git:kavia-main
2026-01-28 11:34:06,843 - Knowledge - INFO - Found code_base: <app.utils.kg_build.knowledge.KnowledgeCodeBase object at 0x7fcfb397d7d0>
2026-01-28 11:34:07,010 - Knowledge - INFO - process ingested knowledge for /app/data/T0015/311196/b74521f/pwhm-226177/include/wld/wld_nl80211_compat.h
2026-01-28 11:34:07,180 - Knowledge - INFO - Found code-base-name: https://github.com/kavia-common/pwhm-226177.git:kavia-main
2026-01-28 11:34:07,333 - Knowledge - INFO - Found code_base: <app.utils.kg_build.knowledge.KnowledgeCodeBase object at 0x7fcfb397d7d0>
2026-01-28 11:34:07,543 - Knowledge - INFO - process ingested knowledge for /app/data/T0015/311196/b74521f/pwhm-226177/include_priv/nl80211/wld_nl80211_scan_priv.h
2026-01-28 11:34:07,712 - Knowledge - INFO - Found code-base-name: https://github.com/kavia-common/pwhm-226177.git:kavia-main
2026-01-28 11:34:07,884 - Knowledge - INFO - Found code_base: <app.utils.kg_build.knowledge.KnowledgeCodeBase object at 0x7fcfb397d7d0>
2026-01-28 11:34:08,081 - Knowledge - INFO - process ingested knowledge for /app/data/T0015/311196/b74521f/pwhm-226177/include/wld/wld_vendorModule_mgr.h
2026-01-28 11:34:08,245 - Knowledge - INFO - Found code-base-name: https://github.com/kavia-common/pwhm-226177.git:kavia-main
2026-01-28 11:34:08,436 - Knowledge - INFO - Found code_base: <app.utils.kg_build.knowledge.KnowledgeCodeBase object at 0x7fcfb397d7d0>
2026-01-28 11:34:08,585 - Knowledge - INFO - process ingested knowledge for /app/data/T0015/311196/b74521f/pwhm-226177/include/wld/wld_common.h
2026-01-28 11:34:08,750 - Knowledge - INFO - Found code-base-name: https://github.com/kavia-common/pwhm-226177.git:kavia-main
2026-01-28 11:34:08,911 - Knowledge - INFO - Found code_base: <app.utils.kg_build.knowledge.KnowledgeCodeBase object at 0x7fcfb397d7d0>
2026-01-28 11:34:09,106 - Knowledge - INFO - process ingested knowledge for /app/data/T0015/311196/b74521f/pwhm-226177/test/testStaStats/probeUpdate.txt
2026-01-28 11:34:09,310 - Knowledge - INFO - Found code-base-name: https://github.com/kavia-common/pwhm-226177.git:kavia-main
2026-01-28 11:34:09,484 - Knowledge - INFO - Found code_base: <app.utils.kg_build.knowledge.KnowledgeCodeBase object at 0x7fcfb397d7d0>
2026-01-28 11:34:09,668 - Knowledge - INFO - process ingested knowledge for /app/data/T0015/311196/b74521f/pwhm-226177/src/Utils/wld_linuxIfUtils.c
2026-01-28 11:34:09,847 - Knowledge - INFO - Found code-base-name: https://github.com/kavia-common/pwhm-226177.git:kavia-main
2026-01-28 11:34:10,028 - Knowledge - INFO - Found code_base: <app.utils.kg_build.knowledge.KnowledgeCodeBase object at 0x7fcfb397d7d0>
2026-01-28 11:34:10,180 - Knowledge - INFO - process ingested knowledge for /app/data/T0015/311196/b74521f/pwhm-226177/test/test_targets.mk
2026-01-28 11:34:10,393 - Knowledge - INFO - Found code-base-name: https://github.com/kavia-common/pwhm-226177.git:kavia-main
2026-01-28 11:34:10,583 - Knowledge - INFO - Found code_base: <app.utils.kg_build.knowledge.KnowledgeCodeBase object at 0x7fcfb397d7d0>
2026-01-28 11:34:10,753 - Knowledge - INFO - process ingested knowledge for /app/data/T0015/311196/b74521f/pwhm-226177/src/ApMgt/wld_ap_security.c
2026-01-28 11:34:10,993 - Knowledge - INFO - Found code-base-name: https://github.com/kavia-common/pwhm-226177.git:kavia-main
2026-01-28 11:34:11,161 - Knowledge - INFO - Found code_base: <app.utils.kg_build.knowledge.KnowledgeCodeBase object at 0x7fcfb397d7d0>
2026-01-28 11:34:11,318 - Knowledge - INFO - process ingested knowledge for /app/data/T0015/311196/b74521f/pwhm-226177/include/wld/wld_statsmon.h
2026-01-28 11:34:11,532 - Knowledge - INFO - Found code-base-name: https://github.com/kavia-common/pwhm-226177.git:kavia-main
2026-01-28 11:34:11,751 - Knowledge - INFO - Found code_base: <app.utils.kg_build.knowledge.KnowledgeCodeBase object at 0x7fcfb397d7d0>
2026-01-28 11:34:11,923 - Knowledge - INFO - process ingested knowledge for /app/data/T0015/311196/b74521f/pwhm-226177/test/testScanSsid/test_scanSsid.c
2026-01-28 11:34:12,097 - Knowledge - INFO - Found code-base-name: https://github.com/kavia-common/pwhm-226177.git:kavia-main
2026-01-28 11:34:12,276 - Knowledge - INFO - Found code_base: <app.utils.kg_build.knowledge.KnowledgeCodeBase object at 0x7fcfb397d7d0>
2026-01-28 11:34:12,440 - Knowledge - INFO - process ingested knowledge for /app/data/T0015/311196/b74521f/pwhm-226177/test/testStaStats/assocNot/not_2.txt
2026-01-28 11:34:12,643 - Knowledge - INFO - Found code-base-name: https://github.com/kavia-common/pwhm-226177.git:kavia-main
2026-01-28 11:34:12,804 - Knowledge - INFO - Found code_base: <app.utils.kg_build.knowledge.KnowledgeCodeBase object at 0x7fcfb397d7d0>
2026-01-28 11:34:12,990 - Knowledge - INFO - process ingested knowledge for /app/data/T0015/311196/b74521f/pwhm-226177/include/wld/wld_channel.h
2026-01-28 11:34:13,143 - Knowledge - INFO - Found code-base-name: https://github.com/kavia-common/pwhm-226177.git:kavia-main
2026-01-28 11:34:13,300 - Knowledge - INFO - Found code_base: <app.utils.kg_build.knowledge.KnowledgeCodeBase object at 0x7fcfb397d7d0>
2026-01-28 11:34:13,472 - Knowledge - INFO - process ingested knowledge for /app/data/T0015/311196/b74521f/pwhm-226177/test/testFullScan/test_fullScan.c
2026-01-28 11:34:13,629 - Knowledge - INFO - Found code-base-name: https://github.com/kavia-common/pwhm-226177.git:kavia-main
2026-01-28 11:34:13,799 - Knowledge - INFO - Found code_base: <app.utils.kg_build.knowledge.KnowledgeCodeBase object at 0x7fcfb397d7d0>
2026-01-28 11:34:13,958 - Knowledge - INFO - process ingested knowledge for /app/data/T0015/311196/b74521f/pwhm-226177/test/testStaStats/data1.txt
2026-01-28 11:34:14,155 - Knowledge - INFO - Found code-base-name: https://github.com/kavia-common/pwhm-226177.git:kavia-main
2026-01-28 11:34:14,311 - Knowledge - INFO - Found code_base: <app.utils.kg_build.knowledge.KnowledgeCodeBase object at 0x7fcfb397d7d0>
2026-01-28 11:34:14,547 - Knowledge - INFO - process ingested knowledge for /app/data/T0015/311196/b74521f/pwhm-226177/include/wld/wld_linuxWExtUtils.h
2026-01-28 11:34:14,703 - Knowledge - INFO - Found code-base-name: https://github.com/kavia-common/pwhm-226177.git:kavia-main
2026-01-28 11:34:14,881 - Knowledge - INFO - Found code_base: <app.utils.kg_build.knowledge.KnowledgeCodeBase object at 0x7fcfb397d7d0>
2026-01-28 11:34:15,055 - Knowledge - INFO - process ingested knowledge for /app/data/T0015/311196/b74521f/pwhm-226177/include/wld/wld_ap_rssiMonitor.h
2026-01-28 11:34:15,217 - Knowledge - INFO - Found code-base-name: https://github.com/kavia-common/pwhm-226177.git:kavia-main
2026-01-28 11:34:15,399 - Knowledge - INFO - Found code_base: <app.utils.kg_build.knowledge.KnowledgeCodeBase object at 0x7fcfb397d7d0>
2026-01-28 11:34:15,562 - Knowledge - INFO - process ingested knowledge for /app/data/T0015/311196/b74521f/pwhm-226177/test/testStaStats/staUpdate.txt
2026-01-28 11:34:15,771 - Knowledge - INFO - Found code-base-name: https://github.com/kavia-common/pwhm-226177.git:kavia-main
2026-01-28 11:34:15,971 - Knowledge - INFO - Found code_base: <app.utils.kg_build.knowledge.KnowledgeCodeBase object at 0x7fcfb397d7d0>
2026-01-28 11:34:16,170 - Knowledge - INFO - process ingested knowledge for /app/data/T0015/311196/b74521f/pwhm-226177/scripts/Plugin/wld_gen.sh
2026-01-28 11:34:16,384 - Knowledge - INFO - Found code-base-name: https://github.com/kavia-common/pwhm-226177.git:kavia-main
2026-01-28 11:34:16,539 - Knowledge - INFO - Found code_base: <app.utils.kg_build.knowledge.KnowledgeCodeBase object at 0x7fcfb397d7d0>
2026-01-28 11:34:16,708 - Knowledge - INFO - process ingested knowledge for /app/data/T0015/311196/b74521f/pwhm-226177/include_priv/nl80211/wld_nl80211_events_priv.h
2026-01-28 11:34:16,896 - Knowledge - INFO - Found code-base-name: https://github.com/kavia-common/pwhm-226177.git:kavia-main
2026-01-28 11:34:17,070 - Knowledge - INFO - Found code_base: <app.utils.kg_build.knowledge.KnowledgeCodeBase object at 0x7fcfb397d7d0>
2026-01-28 11:34:17,229 - Knowledge - INFO - process ingested knowledge for /app/data/T0015/311196/b74521f/pwhm-226177/test/testStaStats/deauthNot/notif_10.txt
2026-01-28 11:34:17,384 - Knowledge - INFO - Found code-base-name: https://github.com/kavia-common/pwhm-226177.git:kavia-main
2026-01-28 11:34:17,593 - Knowledge - INFO - Found code_base: <app.utils.kg_build.knowledge.KnowledgeCodeBase object at 0x7fcfb397d7d0>
2026-01-28 11:34:17,751 - Knowledge - INFO - process ingested knowledge for /app/data/T0015/311196/b74521f/pwhm-226177/src/Utils/wld_eventing.c
2026-01-28 11:34:17,915 - Knowledge - INFO - Found code-base-name: https://github.com/kavia-common/pwhm-226177.git:kavia-main
2026-01-28 11:34:18,066 - Knowledge - INFO - Found code_base: <app.utils.kg_build.knowledge.KnowledgeCodeBase object at 0x7fcfb397d7d0>
2026-01-28 11:34:18,241 - Knowledge - INFO - process ingested knowledge for /app/data/T0015/311196/b74521f/pwhm-226177/include_priv/nl80211/wld_wpaSupp_cfgManager_priv.h
2026-01-28 11:34:18,468 - Knowledge - INFO - Found code-base-name: https://github.com/kavia-common/pwhm-226177.git:kavia-main
2026-01-28 11:34:18,643 - Knowledge - INFO - Found code_base: <app.utils.kg_build.knowledge.KnowledgeCodeBase object at 0x7fcfb397d7d0>
2026-01-28 11:34:18,829 - Knowledge - INFO - process ingested knowledge for /app/data/T0015/311196/b74521f/pwhm-226177/include/wld/wld_radioOperatingStandards.h
2026-01-28 11:34:18,983 - Knowledge - INFO - Found code-base-name: https://github.com/kavia-common/pwhm-226177.git:kavia-main
2026-01-28 11:34:19,157 - Knowledge - INFO - Found code_base: <app.utils.kg_build.knowledge.KnowledgeCodeBase object at 0x7fcfb397d7d0>
2026-01-28 11:34:19,350 - Knowledge - INFO - process ingested knowledge for /app/data/T0015/311196/b74521f/pwhm-226177/include_priv/nl80211/wld_hostapd_cfgManager_priv.h
2026-01-28 11:34:19,584 - Knowledge - INFO - Found code-base-name: https://github.com/kavia-common/pwhm-226177.git:kavia-main
2026-01-28 11:34:19,792 - Knowledge - INFO - Found code_base: <app.utils.kg_build.knowledge.KnowledgeCodeBase object at 0x7fcfb397d7d0>
2026-01-28 11:34:19,950 - Knowledge - INFO - process ingested knowledge for /app/data/T0015/311196/b74521f/pwhm-226177/include/wld/wld_accesspoint.h
2026-01-28 11:34:20,157 - Knowledge - INFO - Found code-base-name: https://github.com/kavia-common/pwhm-226177.git:kavia-main
2026-01-28 11:34:20,366 - Knowledge - INFO - Found code_base: <app.utils.kg_build.knowledge.KnowledgeCodeBase object at 0x7fcfb397d7d0>
2026-01-28 11:34:20,544 - Knowledge - INFO - process ingested knowledge for /app/data/T0015/311196/b74521f/pwhm-226177/test/testHelper/wld_th_dm.c
2026-01-28 11:34:20,708 - Knowledge - INFO - Found code-base-name: https://github.com/kavia-common/pwhm-226177.git:kavia-main
2026-01-28 11:34:20,866 - Knowledge - INFO - Found code_base: <app.utils.kg_build.knowledge.KnowledgeCodeBase object at 0x7fcfb397d7d0>
2026-01-28 11:34:21,029 - Knowledge - INFO - process ingested knowledge for /app/data/T0015/311196/b74521f/pwhm-226177/include_priv/nl80211/wld_wpaCtrlConnection_priv.h
2026-01-28 11:34:21,205 - Knowledge - INFO - Found code-base-name: https://github.com/kavia-common/pwhm-226177.git:kavia-main
2026-01-28 11:34:21,367 - Knowledge - INFO - Found code_base: <app.utils.kg_build.knowledge.KnowledgeCodeBase object at 0x7fcfb397d7d0>
2026-01-28 11:34:21,566 - Knowledge - INFO - process ingested knowledge for /app/data/T0015/311196/b74521f/pwhm-226177/include/wld/wld_rad_nl80211.h
2026-01-28 11:34:21,733 - Knowledge - INFO - Found code-base-name: https://github.com/kavia-common/pwhm-226177.git:kavia-main
2026-01-28 11:34:21,892 - Knowledge - INFO - Found code_base: <app.utils.kg_build.knowledge.KnowledgeCodeBase object at 0x7fcfb397d7d0>
2026-01-28 11:34:22,072 - Knowledge - INFO - process ingested knowledge for /app/data/T0015/311196/b74521f/pwhm-226177/src/Plugin/wifiGen_eventHandlers.c
2026-01-28 11:34:22,267 - Knowledge - INFO - Found code-base-name: https://github.com/kavia-common/pwhm-226177.git:kavia-main
2026-01-28 11:34:22,485 - Knowledge - INFO - Found code_base: <app.utils.kg_build.knowledge.KnowledgeCodeBase object at 0x7fcfb397d7d0>
2026-01-28 11:34:22,652 - Knowledge - INFO - process ingested knowledge for /app/data/T0015/311196/b74521f/pwhm-226177/src/nl80211/wld_nl80211_core.c
2026-01-28 11:34:22,825 - Knowledge - INFO - Found code-base-name: https://github.com/kavia-common/pwhm-226177.git:kavia-main
2026-01-28 11:34:22,980 - Knowledge - INFO - Found code_base: <app.utils.kg_build.knowledge.KnowledgeCodeBase object at 0x7fcfb397d7d0>
2026-01-28 11:34:23,158 - Knowledge - INFO - process ingested knowledge for /app/data/T0015/311196/b74521f/pwhm-226177/include/wld/wld_nl80211_debug.h
2026-01-28 11:34:23,310 - Knowledge - INFO - Found code-base-name: https://github.com/kavia-common/pwhm-226177.git:kavia-main
2026-01-28 11:34:23,516 - Knowledge - INFO - Found code_base: <app.utils.kg_build.knowledge.KnowledgeCodeBase object at 0x7fcfb397d7d0>
2026-01-28 11:34:23,709 - Knowledge - INFO - process ingested knowledge for /app/data/T0015/311196/b74521f/pwhm-226177/include/wld/wld_hostapd_ap_api.h
2026-01-28 11:34:23,878 - Knowledge - INFO - Found code-base-name: https://github.com/kavia-common/pwhm-226177.git:kavia-main
2026-01-28 11:34:24,033 - Knowledge - INFO - Found code_base: <app.utils.kg_build.knowledge.KnowledgeCodeBase object at 0x7fcfb397d7d0>
2026-01-28 11:34:24,227 - Knowledge - INFO - process ingested knowledge for /app/data/T0015/311196/b74521f/pwhm-226177/test/testStaStats/assocNot/not_5.txt
2026-01-28 11:34:24,395 - Knowledge - INFO - Found code-base-name: https://github.com/kavia-common/pwhm-226177.git:kavia-main
2026-01-28 11:34:24,577 - Knowledge - INFO - Found code_base: <app.utils.kg_build.knowledge.KnowledgeCodeBase object at 0x7fcfb397d7d0>
2026-01-28 11:34:24,729 - Knowledge - INFO - process ingested knowledge for /app/data/T0015/311196/b74521f/pwhm-226177/src/wld_ssid.c
2026-01-28 11:34:24,915 - Knowledge - INFO - Found code-base-name: https://github.com/kavia-common/pwhm-226177.git:kavia-main
2026-01-28 11:34:25,091 - Knowledge - INFO - Found code_base: <app.utils.kg_build.knowledge.KnowledgeCodeBase object at 0x7fcfb397d7d0>
2026-01-28 11:34:25,325 - Knowledge - INFO - process ingested knowledge for /app/data/T0015/311196/b74521f/pwhm-226177/src/ChannelManagement/wld_zwdfs.c
2026-01-28 11:34:25,501 - Knowledge - INFO - Found code-base-name: https://github.com/kavia-common/pwhm-226177.git:kavia-main
2026-01-28 11:34:25,660 - Knowledge - INFO - Found code_base: <app.utils.kg_build.knowledge.KnowledgeCodeBase object at 0x7fcfb397d7d0>
2026-01-28 11:34:25,831 - Knowledge - INFO - process ingested knowledge for /app/data/T0015/311196/b74521f/pwhm-226177/include/wld/wld_wpaSupp_parser.h
2026-01-28 11:34:26,005 - Knowledge - INFO - Found code-base-name: https://github.com/kavia-common/pwhm-226177.git:kavia-main
2026-01-28 11:34:26,157 - Knowledge - INFO - Found code_base: <app.utils.kg_build.knowledge.KnowledgeCodeBase object at 0x7fcfb397d7d0>
2026-01-28 11:34:26,338 - Knowledge - INFO - process ingested knowledge for /app/data/T0015/311196/b74521f/pwhm-226177/test/testStaStats/deauthNot/notif_4.txt
2026-01-28 11:34:26,512 - Knowledge - INFO - Found code-base-name: https://github.com/kavia-common/pwhm-226177.git:kavia-main
2026-01-28 11:34:26,679 - Knowledge - INFO - Found code_base: <app.utils.kg_build.knowledge.KnowledgeCodeBase object at 0x7fcfb397d7d0>
2026-01-28 11:34:26,864 - Knowledge - INFO - process ingested knowledge for /app/data/T0015/311196/b74521f/pwhm-226177/src/nl80211/wld_wpaCtrlInterface.c
2026-01-28 11:34:27,077 - Knowledge - INFO - Found code-base-name: https://github.com/kavia-common/pwhm-226177.git:kavia-main
2026-01-28 11:34:27,246 - Knowledge - INFO - Found code_base: <app.utils.kg_build.knowledge.KnowledgeCodeBase object at 0x7fcfb397d7d0>
2026-01-28 11:34:27,409 - Knowledge - INFO - process ingested knowledge for /app/data/T0015/311196/b74521f/pwhm-226177/include/wld/wld_vendorModule.h
2026-01-28 11:34:27,577 - Knowledge - INFO - Found code-base-name: https://github.com/kavia-common/pwhm-226177.git:kavia-main
2026-01-28 11:34:27,770 - Knowledge - INFO - Found code_base: <app.utils.kg_build.knowledge.KnowledgeCodeBase object at 0x7fcfb397d7d0>
2026-01-28 11:34:27,972 - Knowledge - INFO - process ingested knowledge for /app/data/T0015/311196/b74521f/pwhm-226177/test/testStaStatsWiFi7/stationStats/stats_test2.txt
2026-01-28 11:34:28,122 - Knowledge - INFO - Found code-base-name: https://github.com/kavia-common/pwhm-226177.git:kavia-main
2026-01-28 11:34:28,305 - Knowledge - INFO - Found code_base: <app.utils.kg_build.knowledge.KnowledgeCodeBase object at 0x7fcfb397d7d0>
2026-01-28 11:34:28,466 - Knowledge - INFO - process ingested knowledge for /app/data/T0015/311196/b74521f/pwhm-226177/src/Features/persist/wld_persist_off.c
2026-01-28 11:34:28,672 - Knowledge - INFO - Found code-base-name: https://github.com/kavia-common/pwhm-226177.git:kavia-main
2026-01-28 11:34:28,823 - Knowledge - INFO - Found code_base: <app.utils.kg_build.knowledge.KnowledgeCodeBase object at 0x7fcfb397d7d0>
2026-01-28 11:34:29,012 - Knowledge - INFO - process ingested knowledge for /app/data/T0015/311196/b74521f/pwhm-226177/include/wld/wld_daemon.h
2026-01-28 11:34:29,201 - Knowledge - INFO - Found code-base-name: https://github.com/kavia-common/pwhm-226177.git:kavia-main
2026-01-28 11:34:29,402 - Knowledge - INFO - Found code_base: <app.utils.kg_build.knowledge.KnowledgeCodeBase object at 0x7fcfb397d7d0>
2026-01-28 11:34:29,601 - Knowledge - INFO - process ingested knowledge for /app/data/T0015/311196/b74521f/pwhm-226177/test/test_securityConfig/test_securityConfig.c
2026-01-28 11:34:29,788 - Knowledge - INFO - Found code-base-name: https://github.com/kavia-common/pwhm-226177.git:kavia-main
2026-01-28 11:34:29,977 - Knowledge - INFO - Found code_base: <app.utils.kg_build.knowledge.KnowledgeCodeBase object at 0x7fcfb397d7d0>
2026-01-28 11:34:30,226 - Knowledge - INFO - process ingested knowledge for /app/data/T0015/311196/b74521f/pwhm-226177/include/wld/wld_wpaCtrlGSock.h
2026-01-28 11:34:30,431 - Knowledge - INFO - Found code-base-name: https://github.com/kavia-common/pwhm-226177.git:kavia-main
2026-01-28 11:34:30,625 - Knowledge - INFO - Found code_base: <app.utils.kg_build.knowledge.KnowledgeCodeBase object at 0x7fcfb397d7d0>
2026-01-28 11:34:30,818 - Knowledge - INFO - process ingested knowledge for /app/data/T0015/311196/b74521f/pwhm-226177/src/nl80211/wld_nl80211_utils.c
2026-01-28 11:34:31,018 - Knowledge - INFO - Found code-base-name: https://github.com/kavia-common/pwhm-226177.git:kavia-main
2026-01-28 11:34:31,208 - Knowledge - INFO - Found code_base: <app.utils.kg_build.knowledge.KnowledgeCodeBase object at 0x7fcfb397d7d0>
2026-01-28 11:34:31,416 - Knowledge - INFO - process ingested knowledge for /app/data/T0015/311196/b74521f/pwhm-226177/test/testStaStats/history4.txt
2026-01-28 11:34:31,620 - Knowledge - INFO - Found code-base-name: https://github.com/kavia-common/pwhm-226177.git:kavia-main
2026-01-28 11:34:31,830 - Knowledge - INFO - Found code_base: <app.utils.kg_build.knowledge.KnowledgeCodeBase object at 0x7fcfb397d7d0>
2026-01-28 11:34:32,040 - Knowledge - INFO - process ingested knowledge for /app/data/T0015/311196/b74521f/pwhm-226177/src/ChannelManagement/wld_bgdfs.c
2026-01-28 11:34:32,200 - Knowledge - INFO - Found code-base-name: https://github.com/kavia-common/pwhm-226177.git:kavia-main
2026-01-28 11:34:32,355 - Knowledge - INFO - Found code_base: <app.utils.kg_build.knowledge.KnowledgeCodeBase object at 0x7fcfb397d7d0>
2026-01-28 11:34:32,526 - Knowledge - INFO - process ingested knowledge for /app/data/T0015/311196/b74521f/pwhm-226177/baf.yml
2026-01-28 11:34:32,707 - Knowledge - INFO - Found code-base-name: https://github.com/kavia-common/pwhm-226177.git:kavia-main
2026-01-28 11:34:32,865 - Knowledge - INFO - Found code_base: <app.utils.kg_build.knowledge.KnowledgeCodeBase object at 0x7fcfb397d7d0>
2026-01-28 11:34:33,048 - Knowledge - INFO - process ingested knowledge for /app/data/T0015/311196/b74521f/pwhm-226177/src/ApMgt/wld_ap_mldConfig.c
2026-01-28 11:34:33,264 - Knowledge - INFO - Found code-base-name: https://github.com/kavia-common/pwhm-226177.git:kavia-main
2026-01-28 11:34:33,465 - Knowledge - INFO - Found code_base: <app.utils.kg_build.knowledge.KnowledgeCodeBase object at 0x7fcfb397d7d0>
2026-01-28 11:34:33,636 - Knowledge - INFO - process ingested knowledge for /app/data/T0015/311196/b74521f/pwhm-226177/src/RadMgt/wld_rad_caps.c
2026-01-28 11:34:33,842 - Knowledge - INFO - Found code-base-name: https://github.com/kavia-common/pwhm-226177.git:kavia-main
2026-01-28 11:34:34,060 - Knowledge - INFO - Found code_base: <app.utils.kg_build.knowledge.KnowledgeCodeBase object at 0x7fcfb397d7d0>
2026-01-28 11:34:34,237 - Knowledge - INFO - process ingested knowledge for /app/data/T0015/311196/b74521f/pwhm-226177/src/nl80211/wld_ap_nl80211.c
2026-01-28 11:34:34,408 - Knowledge - INFO - Found code-base-name: https://github.com/kavia-common/pwhm-226177.git:kavia-main
2026-01-28 11:34:34,582 - Knowledge - INFO - Found code_base: <app.utils.kg_build.knowledge.KnowledgeCodeBase object at 0x7fcfb397d7d0>
2026-01-28 11:34:34,789 - Knowledge - INFO - process ingested knowledge for /app/data/T0015/311196/b74521f/pwhm-226177/src/RadMgt/wld_rad_ifMgt.c
2026-01-28 11:34:34,956 - Knowledge - INFO - Found code-base-name: https://github.com/kavia-common/pwhm-226177.git:kavia-main
2026-01-28 11:34:35,127 - Knowledge - INFO - Found code_base: <app.utils.kg_build.knowledge.KnowledgeCodeBase object at 0x7fcfb397d7d0>
2026-01-28 11:34:35,294 - Knowledge - INFO - process ingested knowledge for /app/data/T0015/311196/b74521f/pwhm-226177/src/nl80211/wld_hostapd_cfgFile.c
2026-01-28 11:34:35,461 - Knowledge - INFO - Found code-base-name: https://github.com/kavia-common/pwhm-226177.git:kavia-main
2026-01-28 11:34:35,624 - Knowledge - INFO - Found code_base: <app.utils.kg_build.knowledge.KnowledgeCodeBase object at 0x7fcfb397d7d0>
2026-01-28 11:34:35,821 - Knowledge - INFO - process ingested knowledge for /app/data/T0015/311196/b74521f/pwhm-226177/src/wld_sensing.c
2026-01-28 11:34:35,985 - Knowledge - INFO - Found code-base-name: https://github.com/kavia-common/pwhm-226177.git:kavia-main
2026-01-28 11:34:36,204 - Knowledge - INFO - Found code_base: <app.utils.kg_build.knowledge.KnowledgeCodeBase object at 0x7fcfb397d7d0>
2026-01-28 11:34:36,372 - Knowledge - INFO - process ingested knowledge for /app/data/T0015/311196/b74521f/pwhm-226177/test/testScanSsid/ScanResults-5g-4.txt
2026-01-28 11:34:36,567 - Knowledge - INFO - Found code-base-name: https://github.com/kavia-common/pwhm-226177.git:kavia-main
2026-01-28 11:34:36,736 - Knowledge - INFO - Found code_base: <app.utils.kg_build.knowledge.KnowledgeCodeBase object at 0x7fcfb397d7d0>
2026-01-28 11:34:36,944 - Knowledge - INFO - process ingested knowledge for /app/data/T0015/311196/b74521f/pwhm-226177/include/wld/wld_linuxIfUtils.h
2026-01-28 11:34:37,142 - Knowledge - INFO - Found code-base-name: https://github.com/kavia-common/pwhm-226177.git:kavia-main
2026-01-28 11:34:37,307 - Knowledge - INFO - Found code_base: <app.utils.kg_build.knowledge.KnowledgeCodeBase object at 0x7fcfb397d7d0>
2026-01-28 11:34:37,530 - Knowledge - INFO - process ingested knowledge for /app/data/T0015/311196/b74521f/pwhm-226177/include/wld/wld_nl80211_attr.h
2026-01-28 11:34:37,733 - Knowledge - INFO - Found code-base-name: https://github.com/kavia-common/pwhm-226177.git:kavia-main
2026-01-28 11:34:37,901 - Knowledge - INFO - Found code_base: <app.utils.kg_build.knowledge.KnowledgeCodeBase object at 0x7fcfb397d7d0>
2026-01-28 11:34:38,054 - Knowledge - INFO - process ingested knowledge for /app/data/T0015/311196/b74521f/pwhm-226177/src/Plugin/wifiGen_vap.c
2026-01-28 11:34:38,230 - Knowledge - INFO - Found code-base-name: https://github.com/kavia-common/pwhm-226177.git:kavia-main
2026-01-28 11:34:38,391 - Knowledge - INFO - Found code_base: <app.utils.kg_build.knowledge.KnowledgeCodeBase object at 0x7fcfb397d7d0>
2026-01-28 11:34:38,565 - Knowledge - INFO - process ingested knowledge for /app/data/T0015/311196/b74521f/pwhm-226177/scripts/debug_wifi.sh
2026-01-28 11:34:38,739 - Knowledge - INFO - Found code-base-name: https://github.com/kavia-common/pwhm-226177.git:kavia-main
2026-01-28 11:34:38,906 - Knowledge - INFO - Found code_base: <app.utils.kg_build.knowledge.KnowledgeCodeBase object at 0x7fcfb397d7d0>
2026-01-28 11:34:39,105 - Knowledge - INFO - process ingested knowledge for /app/data/T0015/311196/b74521f/pwhm-226177/test/testStaStats/history0.txt
2026-01-28 11:34:39,291 - Knowledge - INFO - Found code-base-name: https://github.com/kavia-common/pwhm-226177.git:kavia-main
2026-01-28 11:34:39,452 - Knowledge - INFO - Found code_base: <app.utils.kg_build.knowledge.KnowledgeCodeBase object at 0x7fcfb397d7d0>
2026-01-28 11:34:39,664 - Knowledge - INFO - process ingested knowledge for /app/data/T0015/311196/b74521f/pwhm-226177/src/ChannelManagement/wld_chanmgt.c
2026-01-28 11:34:39,872 - Knowledge - INFO - Found code-base-name: https://github.com/kavia-common/pwhm-226177.git:kavia-main
2026-01-28 11:34:40,039 - Knowledge - INFO - Found code_base: <app.utils.kg_build.knowledge.KnowledgeCodeBase object at 0x7fcfb397d7d0>
2026-01-28 11:34:40,232 - Knowledge - INFO - process ingested knowledge for /app/data/T0015/311196/b74521f/pwhm-226177/src/nl80211/wld_rad_hostapd_api.c
2026-01-28 11:34:40,404 - Knowledge - INFO - Found code-base-name: https://github.com/kavia-common/pwhm-226177.git:kavia-main
2026-01-28 11:34:40,551 - Knowledge - INFO - Found code_base: <app.utils.kg_build.knowledge.KnowledgeCodeBase object at 0x7fcfb397d7d0>
2026-01-28 11:34:40,761 - Knowledge - INFO - process ingested knowledge for /app/data/T0015/311196/b74521f/pwhm-226177/src/nl80211/wld_nl80211_parser.c
2026-01-28 11:34:40,923 - Knowledge - INFO - Found code-base-name: https://github.com/kavia-common/pwhm-226177.git:kavia-main
2026-01-28 11:34:41,082 - Knowledge - INFO - Found code_base: <app.utils.kg_build.knowledge.KnowledgeCodeBase object at 0x7fcfb397d7d0>
2026-01-28 11:34:41,253 - Knowledge - INFO - process ingested knowledge for /app/data/T0015/311196/b74521f/pwhm-226177/src/Plugin/wifiGen_rad.c
2026-01-28 11:34:41,429 - Knowledge - INFO - Found code-base-name: https://github.com/kavia-common/pwhm-226177.git:kavia-main
2026-01-28 11:34:41,600 - Knowledge - INFO - Found code_base: <app.utils.kg_build.knowledge.KnowledgeCodeBase object at 0x7fcfb397d7d0>
2026-01-28 11:34:41,783 - Knowledge - INFO - process ingested knowledge for /app/data/T0015/311196/b74521f/pwhm-226177/include_priv/Plugin/wifiGen_fsm.h
2026-01-28 11:34:41,935 - Knowledge - INFO - Found code-base-name: https://github.com/kavia-common/pwhm-226177.git:kavia-main
2026-01-28 11:34:42,094 - Knowledge - INFO - Found code_base: <app.utils.kg_build.knowledge.KnowledgeCodeBase object at 0x7fcfb397d7d0>
2026-01-28 11:34:42,255 - Knowledge - INFO - process ingested knowledge for /app/data/T0015/311196/b74521f/pwhm-226177/test/testStaStats/assocNot/not_9.txt
2026-01-28 11:34:42,420 - Knowledge - INFO - Found code-base-name: https://github.com/kavia-common/pwhm-226177.git:kavia-main
2026-01-28 11:34:42,613 - Knowledge - INFO - Found code_base: <app.utils.kg_build.knowledge.KnowledgeCodeBase object at 0x7fcfb397d7d0>
2026-01-28 11:34:42,757 - Knowledge - INFO - process ingested knowledge for /app/data/T0015/311196/b74521f/pwhm-226177/test/testHelper/wld_th_ep.c
2026-01-28 11:34:42,907 - Knowledge - INFO - Found code-base-name: https://github.com/kavia-common/pwhm-226177.git:kavia-main
2026-01-28 11:34:43,071 - Knowledge - INFO - Found code_base: <app.utils.kg_build.knowledge.KnowledgeCodeBase object at 0x7fcfb397d7d0>
2026-01-28 11:34:43,241 - Knowledge - INFO - process ingested knowledge for /app/data/T0015/311196/b74521f/pwhm-226177/src/Utils/wld_dmnMgt.c
2026-01-28 11:34:43,445 - Knowledge - INFO - Found code-base-name: https://github.com/kavia-common/pwhm-226177.git:kavia-main
2026-01-28 11:34:43,635 - Knowledge - INFO - Found code_base: <app.utils.kg_build.knowledge.KnowledgeCodeBase object at 0x7fcfb397d7d0>
2026-01-28 11:34:43,828 - Knowledge - INFO - process ingested knowledge for /app/data/T0015/311196/b74521f/pwhm-226177/include/wld/wld_eventing.h
2026-01-28 11:34:44,074 - Knowledge - INFO - Found code-base-name: https://github.com/kavia-common/pwhm-226177.git:kavia-main
2026-01-28 11:34:44,272 - Knowledge - INFO - Found code_base: <app.utils.kg_build.knowledge.KnowledgeCodeBase object at 0x7fcfb397d7d0>
2026-01-28 11:34:44,436 - Knowledge - INFO - process ingested knowledge for /app/data/T0015/311196/b74521f/pwhm-226177/test/testStaStats/deauthNot/notif_8.txt
2026-01-28 11:34:44,605 - Knowledge - INFO - Found code-base-name: https://github.com/kavia-common/pwhm-226177.git:kavia-main
2026-01-28 11:34:44,787 - Knowledge - INFO - Found code_base: <app.utils.kg_build.knowledge.KnowledgeCodeBase object at 0x7fcfb397d7d0>
2026-01-28 11:34:44,951 - Knowledge - INFO - process ingested knowledge for /app/data/T0015/311196/b74521f/pwhm-226177/include_priv/nl80211/wld_wpaCtrlMngr_priv.h
2026-01-28 11:34:45,121 - Knowledge - INFO - Found code-base-name: https://github.com/kavia-common/pwhm-226177.git:kavia-main
2026-01-28 11:34:45,291 - Knowledge - INFO - Found code_base: <app.utils.kg_build.knowledge.KnowledgeCodeBase object at 0x7fcfb397d7d0>
2026-01-28 11:34:45,485 - Knowledge - INFO - process ingested knowledge for /app/data/T0015/311196/b74521f/pwhm-226177/src/VendorModule/wld_vendorModule.c
2026-01-28 11:34:45,651 - Knowledge - INFO - Found code-base-name: https://github.com/kavia-common/pwhm-226177.git:kavia-main
2026-01-28 11:34:45,813 - Knowledge - INFO - Found code_base: <app.utils.kg_build.knowledge.KnowledgeCodeBase object at 0x7fcfb397d7d0>
2026-01-28 11:34:45,965 - Knowledge - INFO - process ingested knowledge for /app/data/T0015/311196/b74521f/pwhm-226177/src/wld_bStaMld.c
2026-01-28 11:34:46,133 - Knowledge - INFO - Found code-base-name: https://github.com/kavia-common/pwhm-226177.git:kavia-main
2026-01-28 11:34:46,295 - Knowledge - INFO - Found code_base: <app.utils.kg_build.knowledge.KnowledgeCodeBase object at 0x7fcfb397d7d0>
2026-01-28 11:34:46,497 - Knowledge - INFO - process ingested knowledge for /app/data/T0015/311196/b74521f/pwhm-226177/test/testStaStats/data0.txt
2026-01-28 11:34:46,671 - Knowledge - INFO - Found code-base-name: https://github.com/kavia-common/pwhm-226177.git:kavia-main
2026-01-28 11:34:46,837 - Knowledge - INFO - Found code_base: <app.utils.kg_build.knowledge.KnowledgeCodeBase object at 0x7fcfb397d7d0>
2026-01-28 11:34:47,049 - Knowledge - INFO - process ingested knowledge for /app/data/T0015/311196/b74521f/pwhm-226177/test/testStaStats/assocNot/not_1.txt
2026-01-28 11:34:47,247 - Knowledge - INFO - Found code-base-name: https://github.com/kavia-common/pwhm-226177.git:kavia-main
2026-01-28 11:34:47,449 - Knowledge - INFO - Found code_base: <app.utils.kg_build.knowledge.KnowledgeCodeBase object at 0x7fcfb397d7d0>
2026-01-28 11:34:47,608 - Knowledge - INFO - process ingested knowledge for /app/data/T0015/311196/b74521f/pwhm-226177/src/nl80211/wld_nl80211_scan.c
2026-01-28 11:34:47,810 - Knowledge - INFO - Found code-base-name: https://github.com/kavia-common/pwhm-226177.git:kavia-main
2026-01-28 11:34:47,973 - Knowledge - INFO - Found code_base: <app.utils.kg_build.knowledge.KnowledgeCodeBase object at 0x7fcfb397d7d0>
2026-01-28 11:34:48,139 - Knowledge - INFO - process ingested knowledge for /app/data/T0015/311196/b74521f/pwhm-226177/include/wld/Features/wld_persist.h
2026-01-28 11:34:48,308 - Knowledge - INFO - Found code-base-name: https://github.com/kavia-common/pwhm-226177.git:kavia-main
2026-01-28 11:34:48,509 - Knowledge - INFO - Found code_base: <app.utils.kg_build.knowledge.KnowledgeCodeBase object at 0x7fcfb397d7d0>
2026-01-28 11:34:48,670 - Knowledge - INFO - process ingested knowledge for /app/data/T0015/311196/b74521f/pwhm-226177/test/testStaStats/deauthNot/notif_0.txt
2026-01-28 11:34:48,864 - Knowledge - INFO - Found code-base-name: https://github.com/kavia-common/pwhm-226177.git:kavia-main
2026-01-28 11:34:49,021 - Knowledge - INFO - Found code_base: <app.utils.kg_build.knowledge.KnowledgeCodeBase object at 0x7fcfb397d7d0>
2026-01-28 11:34:49,218 - Knowledge - INFO - process ingested knowledge for /app/data/T0015/311196/b74521f/pwhm-226177/include/wld/wld_assocdev.h
2026-01-28 11:34:49,381 - Knowledge - INFO - Found code-base-name: https://github.com/kavia-common/pwhm-226177.git:kavia-main
2026-01-28 11:34:49,552 - Knowledge - INFO - Found code_base: <app.utils.kg_build.knowledge.KnowledgeCodeBase object at 0x7fcfb397d7d0>
2026-01-28 11:34:49,747 - Knowledge - INFO - process ingested knowledge for /app/data/T0015/311196/b74521f/pwhm-226177/src/nl80211/wld_secDmn.c
2026-01-28 11:34:49,919 - Knowledge - INFO - Found code-base-name: https://github.com/kavia-common/pwhm-226177.git:kavia-main
2026-01-28 11:34:50,096 - Knowledge - INFO - Found code_base: <app.utils.kg_build.knowledge.KnowledgeCodeBase object at 0x7fcfb397d7d0>
2026-01-28 11:34:50,296 - Knowledge - INFO - process ingested knowledge for /app/data/T0015/311196/b74521f/pwhm-226177/acl/admin/pwhm-internal.json
2026-01-28 11:34:50,485 - Knowledge - INFO - Found code-base-name: https://github.com/kavia-common/pwhm-226177.git:kavia-main
2026-01-28 11:34:50,717 - Knowledge - INFO - Found code_base: <app.utils.kg_build.knowledge.KnowledgeCodeBase object at 0x7fcfb397d7d0>
2026-01-28 11:34:50,898 - Knowledge - INFO - process ingested knowledge for /app/data/T0015/311196/b74521f/pwhm-226177/include/wld/wld_rad_stamon.h
2026-01-28 11:34:51,072 - Knowledge - INFO - Found code-base-name: https://github.com/kavia-common/pwhm-226177.git:kavia-main
2026-01-28 11:34:51,255 - Knowledge - INFO - Found code_base: <app.utils.kg_build.knowledge.KnowledgeCodeBase object at 0x7fcfb397d7d0>
2026-01-28 11:34:51,440 - Knowledge - INFO - process ingested knowledge for /app/data/T0015/311196/b74521f/pwhm-226177/include/wld/Utils/wld_autoCommitMgr.h
2026-01-28 11:34:51,684 - Knowledge - INFO - Found code-base-name: https://github.com/kavia-common/pwhm-226177.git:kavia-main
2026-01-28 11:34:51,849 - Knowledge - INFO - Found code_base: <app.utils.kg_build.knowledge.KnowledgeCodeBase object at 0x7fcfb397d7d0>
2026-01-28 11:34:52,028 - Knowledge - INFO - process ingested knowledge for /app/data/T0015/311196/b74521f/pwhm-226177/test/testHelper/wld_th_mockVendor.h
2026-01-28 11:34:52,246 - Knowledge - INFO - Found code-base-name: https://github.com/kavia-common/pwhm-226177.git:kavia-main
2026-01-28 11:34:52,418 - Knowledge - INFO - Found code_base: <app.utils.kg_build.knowledge.KnowledgeCodeBase object at 0x7fcfb397d7d0>
2026-01-28 11:34:52,571 - Knowledge - INFO - process ingested knowledge for /app/data/T0015/311196/b74521f/pwhm-226177/src/ApMgt/wld_ap_macfilter.c
2026-01-28 11:34:52,771 - Knowledge - INFO - Found code-base-name: https://github.com/kavia-common/pwhm-226177.git:kavia-main
2026-01-28 11:34:52,936 - Knowledge - INFO - Found code_base: <app.utils.kg_build.knowledge.KnowledgeCodeBase object at 0x7fcfb397d7d0>
2026-01-28 11:34:53,101 - Knowledge - INFO - process ingested knowledge for /app/data/T0015/311196/b74521f/pwhm-226177/src/nl80211/wld_nl80211_events.c
2026-01-28 11:34:53,258 - Knowledge - INFO - Found code-base-name: https://github.com/kavia-common/pwhm-226177.git:kavia-main
2026-01-28 11:34:53,414 - Knowledge - INFO - Found code_base: <app.utils.kg_build.knowledge.KnowledgeCodeBase object at 0x7fcfb397d7d0>
2026-01-28 11:34:53,621 - Knowledge - INFO - process ingested knowledge for /app/data/T0015/311196/b74521f/pwhm-226177/include_priv/Plugin/wifiGen_zwdfs.h
2026-01-28 11:34:53,826 - Knowledge - INFO - Found code-base-name: https://github.com/kavia-common/pwhm-226177.git:kavia-main
2026-01-28 11:34:54,025 - Knowledge - INFO - Found code_base: <app.utils.kg_build.knowledge.KnowledgeCodeBase object at 0x7fcfb397d7d0>
2026-01-28 11:34:54,188 - Knowledge - INFO - process ingested knowledge for /app/data/T0015/311196/b74521f/pwhm-226177/src/nl80211/wld_wpaSupp_cfgManager.c
2026-01-28 11:34:54,363 - Knowledge - INFO - Found code-base-name: https://github.com/kavia-common/pwhm-226177.git:kavia-main
2026-01-28 11:34:54,527 - Knowledge - INFO - Found code_base: <app.utils.kg_build.knowledge.KnowledgeCodeBase object at 0x7fcfb397d7d0>
2026-01-28 11:34:54,686 - Knowledge - INFO - process ingested knowledge for /app/data/T0015/311196/b74521f/pwhm-226177/include/wld/wld_dm_trans.h
2026-01-28 11:34:54,866 - Knowledge - INFO - Found code-base-name: https://github.com/kavia-common/pwhm-226177.git:kavia-main
2026-01-28 11:34:55,034 - Knowledge - INFO - Found code_base: <app.utils.kg_build.knowledge.KnowledgeCodeBase object at 0x7fcfb397d7d0>
2026-01-28 11:34:55,268 - Knowledge - INFO - process ingested knowledge for /app/data/T0015/311196/b74521f/pwhm-226177/src/EpMgt/wld_tinyRoam.c
2026-01-28 11:34:55,461 - Knowledge - INFO - Found code-base-name: https://github.com/kavia-common/pwhm-226177.git:kavia-main
2026-01-28 11:34:55,615 - Knowledge - INFO - Found code_base: <app.utils.kg_build.knowledge.KnowledgeCodeBase object at 0x7fcfb397d7d0>
2026-01-28 11:34:55,774 - Knowledge - INFO - process ingested knowledge for /app/data/T0015/311196/b74521f/pwhm-226177/src/wld_radio.c
2026-01-28 11:34:55,981 - Knowledge - INFO - Found code-base-name: https://github.com/kavia-common/pwhm-226177.git:kavia-main
2026-01-28 11:34:56,174 - Knowledge - INFO - Found code_base: <app.utils.kg_build.knowledge.KnowledgeCodeBase object at 0x7fcfb397d7d0>
2026-01-28 11:34:56,351 - Knowledge - INFO - process ingested knowledge for /app/data/T0015/311196/b74521f/pwhm-226177/src/nl80211/wld_ep_nl80211.c
2026-01-28 11:34:56,521 - Knowledge - INFO - Found code-base-name: https://github.com/kavia-common/pwhm-226177.git:kavia-main
2026-01-28 11:34:56,720 - Knowledge - INFO - Found code_base: <app.utils.kg_build.knowledge.KnowledgeCodeBase object at 0x7fcfb397d7d0>
2026-01-28 11:34:56,902 - Knowledge - INFO - process ingested knowledge for /app/data/T0015/311196/b74521f/pwhm-226177/include/wld/wld_monitor.h
2026-01-28 11:34:57,066 - Knowledge - INFO - Found code-base-name: https://github.com/kavia-common/pwhm-226177.git:kavia-main
2026-01-28 11:34:57,225 - Knowledge - INFO - Found code_base: <app.utils.kg_build.knowledge.KnowledgeCodeBase object at 0x7fcfb397d7d0>
2026-01-28 11:34:57,418 - Knowledge - INFO - process ingested knowledge for /app/data/T0015/311196/b74521f/pwhm-226177/test/testRadio11be/rad5_cap.txt
2026-01-28 11:34:57,584 - Knowledge - INFO - Found code-base-name: https://github.com/kavia-common/pwhm-226177.git:kavia-main
2026-01-28 11:34:57,752 - Knowledge - INFO - Found code_base: <app.utils.kg_build.knowledge.KnowledgeCodeBase object at 0x7fcfb397d7d0>
2026-01-28 11:34:57,917 - Knowledge - INFO - process ingested knowledge for /app/data/T0015/311196/b74521f/pwhm-226177/src/RadMgt/wld_rad_macCfg.c
2026-01-28 11:34:58,067 - Knowledge - INFO - Found code-base-name: https://github.com/kavia-common/pwhm-226177.git:kavia-main
2026-01-28 11:34:58,227 - Knowledge - INFO - Found code_base: <app.utils.kg_build.knowledge.KnowledgeCodeBase object at 0x7fcfb397d7d0>
2026-01-28 11:34:58,443 - Knowledge - INFO - process ingested knowledge for /app/data/T0015/311196/b74521f/pwhm-226177/test/testScanSsid/ScanResults-5g-2.txt
2026-01-28 11:34:58,666 - Knowledge - INFO - Found code-base-name: https://github.com/kavia-common/pwhm-226177.git:kavia-main
2026-01-28 11:34:58,834 - Knowledge - INFO - Found code_base: <app.utils.kg_build.knowledge.KnowledgeCodeBase object at 0x7fcfb397d7d0>
2026-01-28 11:34:59,013 - Knowledge - INFO - process ingested knowledge for /app/data/T0015/311196/b74521f/pwhm-226177/include/wld/wld_linuxIfStats.h
2026-01-28 11:34:59,211 - Knowledge - INFO - Found code-base-name: https://github.com/kavia-common/pwhm-226177.git:kavia-main
2026-01-28 11:34:59,382 - Knowledge - INFO - Found code_base: <app.utils.kg_build.knowledge.KnowledgeCodeBase object at 0x7fcfb397d7d0>
2026-01-28 11:34:59,545 - Knowledge - INFO - process ingested knowledge for /app/data/T0015/311196/b74521f/pwhm-226177/include/wld/wld_zwdfs.h
2026-01-28 11:34:59,787 - Knowledge - INFO - Found code-base-name: https://github.com/kavia-common/pwhm-226177.git:kavia-main
2026-01-28 11:34:59,954 - Knowledge - INFO - Found code_base: <app.utils.kg_build.knowledge.KnowledgeCodeBase object at 0x7fcfb397d7d0>
2026-01-28 11:35:00,116 - Knowledge - INFO - process ingested knowledge for /app/data/T0015/311196/b74521f/pwhm-226177/include/wld/wld_wpaCtrlInterface.h
2026-01-28 11:35:00,286 - Knowledge - INFO - Found code-base-name: https://github.com/kavia-common/pwhm-226177.git:kavia-main
2026-01-28 11:35:00,462 - Knowledge - INFO - Found code_base: <app.utils.kg_build.knowledge.KnowledgeCodeBase object at 0x7fcfb397d7d0>
2026-01-28 11:35:00,632 - Knowledge - INFO - process ingested knowledge for /app/data/T0015/311196/b74521f/pwhm-226177/include_priv/nl80211/wld_nl80211_api_priv.h
2026-01-28 11:35:00,826 - Knowledge - INFO - Found code-base-name: https://github.com/kavia-common/pwhm-226177.git:kavia-main
2026-01-28 11:35:01,031 - Knowledge - INFO - Found code_base: <app.utils.kg_build.knowledge.KnowledgeCodeBase object at 0x7fcfb397d7d0>
2026-01-28 11:35:01,236 - Knowledge - INFO - process ingested knowledge for /app/data/T0015/311196/b74521f/pwhm-226177/scripts/debugInfo.sh
2026-01-28 11:35:01,402 - Knowledge - INFO - Found code-base-name: https://github.com/kavia-common/pwhm-226177.git:kavia-main
2026-01-28 11:35:01,602 - Knowledge - INFO - Found code_base: <app.utils.kg_build.knowledge.KnowledgeCodeBase object at 0x7fcfb397d7d0>
2026-01-28 11:35:01,777 - Knowledge - INFO - process ingested knowledge for /app/data/T0015/311196/b74521f/pwhm-226177/src/Plugin/wifiGen_ep.c
2026-01-28 11:35:01,954 - Knowledge - INFO - Found code-base-name: https://github.com/kavia-common/pwhm-226177.git:kavia-main
2026-01-28 11:35:02,117 - Knowledge - INFO - Found code_base: <app.utils.kg_build.knowledge.KnowledgeCodeBase object at 0x7fcfb397d7d0>
2026-01-28 11:35:02,262 - Knowledge - INFO - process ingested knowledge for /app/data/T0015/311196/b74521f/pwhm-226177/include/wld/wld_secDmn_types.h
2026-01-28 11:35:02,432 - Knowledge - INFO - Found code-base-name: https://github.com/kavia-common/pwhm-226177.git:kavia-main
2026-01-28 11:35:02,611 - Knowledge - INFO - Found code_base: <app.utils.kg_build.knowledge.KnowledgeCodeBase object at 0x7fcfb397d7d0>
2026-01-28 11:35:02,764 - Knowledge - INFO - process ingested knowledge for /app/data/T0015/311196/b74521f/pwhm-226177/acl/admin/pwhm.json
2026-01-28 11:35:03,002 - Knowledge - INFO - Found code-base-name: https://github.com/kavia-common/pwhm-226177.git:kavia-main
2026-01-28 11:35:03,178 - Knowledge - INFO - Found code_base: <app.utils.kg_build.knowledge.KnowledgeCodeBase object at 0x7fcfb397d7d0>
2026-01-28 11:35:03,359 - Knowledge - INFO - process ingested knowledge for /app/data/T0015/311196/b74521f/pwhm-226177/src/nl80211/wld_nl80211_attr.c
2026-01-28 11:35:03,537 - Knowledge - INFO - Found code-base-name: https://github.com/kavia-common/pwhm-226177.git:kavia-main
2026-01-28 11:35:03,734 - Knowledge - INFO - Found code_base: <app.utils.kg_build.knowledge.KnowledgeCodeBase object at 0x7fcfb397d7d0>
2026-01-28 11:35:03,891 - Knowledge - INFO - process ingested knowledge for /app/data/T0015/311196/b74521f/pwhm-226177/include/wld/wld_nl80211_core.h
2026-01-28 11:35:04,066 - Knowledge - INFO - Found code-base-name: https://github.com/kavia-common/pwhm-226177.git:kavia-main
2026-01-28 11:35:04,242 - Knowledge - INFO - Found code_base: <app.utils.kg_build.knowledge.KnowledgeCodeBase object at 0x7fcfb397d7d0>
2026-01-28 11:35:04,399 - Knowledge - INFO - process ingested knowledge for /app/data/T0015/311196/b74521f/pwhm-226177/test/testStaStats/assocNot/not_7.txt
2026-01-28 11:35:04,569 - Knowledge - INFO - Found code-base-name: https://github.com/kavia-common/pwhm-226177.git:kavia-main
2026-01-28 11:35:04,733 - Knowledge - INFO - Found code_base: <app.utils.kg_build.knowledge.KnowledgeCodeBase object at 0x7fcfb397d7d0>
2026-01-28 11:35:04,952 - Knowledge - INFO - process ingested knowledge for /app/data/T0015/311196/b74521f/pwhm-226177/include/wld/wld_util.h
2026-01-28 11:35:05,129 - Knowledge - INFO - Found code-base-name: https://github.com/kavia-common/pwhm-226177.git:kavia-main
2026-01-28 11:35:05,294 - Knowledge - INFO - Found code_base: <app.utils.kg_build.knowledge.KnowledgeCodeBase object at 0x7fcfb397d7d0>
2026-01-28 11:35:05,491 - Knowledge - INFO - process ingested knowledge for /app/data/T0015/311196/b74521f/pwhm-226177/include/wld/wld_apMld.h
2026-01-28 11:35:05,642 - Knowledge - INFO - Found code-base-name: https://github.com/kavia-common/pwhm-226177.git:kavia-main
2026-01-28 11:35:05,842 - Knowledge - INFO - Found code_base: <app.utils.kg_build.knowledge.KnowledgeCodeBase object at 0x7fcfb397d7d0>
2026-01-28 11:35:06,005 - Knowledge - INFO - process ingested knowledge for /app/data/T0015/311196/b74521f/pwhm-226177/test/testStaStats/deauthNot/notif_6.txt
2026-01-28 11:35:06,170 - Knowledge - INFO - Found code-base-name: https://github.com/kavia-common/pwhm-226177.git:kavia-main
2026-01-28 11:35:06,378 - Knowledge - INFO - Found code_base: <app.utils.kg_build.knowledge.KnowledgeCodeBase object at 0x7fcfb397d7d0>
2026-01-28 11:35:06,569 - Knowledge - INFO - process ingested knowledge for /app/data/T0015/311196/b74521f/pwhm-226177/test/testRadio11be/rad6_base.txt
2026-01-28 11:35:06,736 - Knowledge - INFO - Found code-base-name: https://github.com/kavia-common/pwhm-226177.git:kavia-main
2026-01-28 11:35:06,963 - Knowledge - INFO - Found code_base: <app.utils.kg_build.knowledge.KnowledgeCodeBase object at 0x7fcfb397d7d0>
2026-01-28 11:35:07,158 - Knowledge - INFO - process ingested knowledge for /app/data/T0015/311196/b74521f/pwhm-226177/include/wld/wld_ap_nl80211.h
2026-01-28 11:35:07,327 - Knowledge - INFO - Found code-base-name: https://github.com/kavia-common/pwhm-226177.git:kavia-main
2026-01-28 11:35:07,498 - Knowledge - INFO - Found code_base: <app.utils.kg_build.knowledge.KnowledgeCodeBase object at 0x7fcfb397d7d0>
2026-01-28 11:35:07,658 - Knowledge - INFO - process ingested knowledge for /app/data/T0015/311196/b74521f/pwhm-226177/test/testStaStatsWiFi7/stationStats/stats_test4.txt
2026-01-28 11:35:07,829 - Knowledge - INFO - Found code-base-name: https://github.com/kavia-common/pwhm-226177.git:kavia-main
2026-01-28 11:35:08,002 - Knowledge - INFO - Found code_base: <app.utils.kg_build.knowledge.KnowledgeCodeBase object at 0x7fcfb397d7d0>
2026-01-28 11:35:08,199 - Knowledge - INFO - process ingested knowledge for /app/data/T0015/311196/b74521f/pwhm-226177/src/nl80211/wld_ssid_nl80211.c
2026-01-28 11:35:08,375 - Knowledge - INFO - Found code-base-name: https://github.com/kavia-common/pwhm-226177.git:kavia-main
2026-01-28 11:35:08,542 - Knowledge - INFO - Found code_base: <app.utils.kg_build.knowledge.KnowledgeCodeBase object at 0x7fcfb397d7d0>
2026-01-28 11:35:08,738 - Knowledge - INFO - process ingested knowledge for /app/data/T0015/311196/b74521f/pwhm-226177/src/Utils/wld_autoNeighAdd.c
2026-01-28 11:35:08,941 - Knowledge - INFO - Found code-base-name: https://github.com/kavia-common/pwhm-226177.git:kavia-main
2026-01-28 11:35:09,122 - Knowledge - INFO - Found code_base: <app.utils.kg_build.knowledge.KnowledgeCodeBase object at 0x7fcfb397d7d0>
2026-01-28 11:35:09,282 - Knowledge - INFO - process ingested knowledge for /app/data/T0015/311196/b74521f/pwhm-226177/src/Features/persist/wld_persist_on.c
2026-01-28 11:35:09,451 - Knowledge - INFO - Found code-base-name: https://github.com/kavia-common/pwhm-226177.git:kavia-main
2026-01-28 11:35:09,607 - Knowledge - INFO - Found code_base: <app.utils.kg_build.knowledge.KnowledgeCodeBase object at 0x7fcfb397d7d0>
2026-01-28 11:35:09,784 - Knowledge - INFO - process ingested knowledge for /app/data/T0015/311196/b74521f/pwhm-226177/src/Plugin/wifiGen_mld.c
2026-01-28 11:35:09,952 - Knowledge - INFO - Found code-base-name: https://github.com/kavia-common/pwhm-226177.git:kavia-main
2026-01-28 11:35:10,162 - Knowledge - INFO - Found code_base: <app.utils.kg_build.knowledge.KnowledgeCodeBase object at 0x7fcfb397d7d0>
2026-01-28 11:35:10,335 - Knowledge - INFO - process ingested knowledge for /app/data/T0015/311196/b74521f/pwhm-226177/include/wld/wld_epProfile.h
2026-01-28 11:35:10,543 - Knowledge - INFO - Found code-base-name: https://github.com/kavia-common/pwhm-226177.git:kavia-main
2026-01-28 11:35:10,730 - Knowledge - INFO - Found code_base: <app.utils.kg_build.knowledge.KnowledgeCodeBase object at 0x7fcfb397d7d0>
2026-01-28 11:35:10,902 - Knowledge - INFO - process ingested knowledge for /app/data/T0015/311196/b74521f/pwhm-226177/include/wld/Utils/wld_config.h
2026-01-28 11:35:11,098 - Knowledge - INFO - Found code-base-name: https://github.com/kavia-common/pwhm-226177.git:kavia-main
2026-01-28 11:35:11,268 - Knowledge - INFO - Found code_base: <app.utils.kg_build.knowledge.KnowledgeCodeBase object at 0x7fcfb397d7d0>
2026-01-28 11:35:11,441 - Knowledge - INFO - process ingested knowledge for /app/data/T0015/311196/b74521f/pwhm-226177/src/wld_mld.c
2026-01-28 11:35:11,652 - Knowledge - INFO - Found code-base-name: https://github.com/kavia-common/pwhm-226177.git:kavia-main
2026-01-28 11:35:11,896 - Knowledge - INFO - Found code_base: <app.utils.kg_build.knowledge.KnowledgeCodeBase object at 0x7fcfb397d7d0>
2026-01-28 11:35:12,050 - Knowledge - INFO - process ingested knowledge for /app/data/T0015/311196/b74521f/pwhm-226177/include/wld/wld_nl80211_utils.h
2026-01-28 11:35:12,251 - Knowledge - INFO - Found code-base-name: https://github.com/kavia-common/pwhm-226177.git:kavia-main
2026-01-28 11:35:12,418 - Knowledge - INFO - Found code_base: <app.utils.kg_build.knowledge.KnowledgeCodeBase object at 0x7fcfb397d7d0>
2026-01-28 11:35:12,593 - Knowledge - INFO - process ingested knowledge for /app/data/T0015/311196/b74521f/pwhm-226177/include/wld/wld_chaninfo.h
2026-01-28 11:35:12,780 - Knowledge - INFO - Found code-base-name: https://github.com/kavia-common/pwhm-226177.git:kavia-main
2026-01-28 11:35:12,978 - Knowledge - INFO - Found code_base: <app.utils.kg_build.knowledge.KnowledgeCodeBase object at 0x7fcfb397d7d0>
2026-01-28 11:35:13,181 - Knowledge - INFO - process ingested knowledge for /app/data/T0015/311196/b74521f/pwhm-226177/include/wld/wld_nl80211.h
2026-01-28 11:35:13,377 - Knowledge - INFO - Found code-base-name: https://github.com/kavia-common/pwhm-226177.git:kavia-main
2026-01-28 11:35:13,579 - Knowledge - INFO - Found code_base: <app.utils.kg_build.knowledge.KnowledgeCodeBase object at 0x7fcfb397d7d0>
2026-01-28 11:35:13,757 - Knowledge - INFO - process ingested knowledge for /app/data/T0015/311196/b74521f/pwhm-226177/src/Plugin/wld_plugin.c
2026-01-28 11:35:13,916 - Knowledge - INFO - Found code-base-name: https://github.com/kavia-common/pwhm-226177.git:kavia-main
2026-01-28 11:35:14,094 - Knowledge - INFO - Found code_base: <app.utils.kg_build.knowledge.KnowledgeCodeBase object at 0x7fcfb397d7d0>
2026-01-28 11:35:14,260 - Knowledge - INFO - process ingested knowledge for /app/data/T0015/311196/b74521f/pwhm-226177/test/test_wpaSupp_cfgFile/test_wpaSupp_cfgFile.c
2026-01-28 11:35:14,445 - Knowledge - INFO - Found code-base-name: https://github.com/kavia-common/pwhm-226177.git:kavia-main
2026-01-28 11:35:14,649 - Knowledge - INFO - Found code_base: <app.utils.kg_build.knowledge.KnowledgeCodeBase object at 0x7fcfb397d7d0>
2026-01-28 11:35:14,832 - Knowledge - INFO - process ingested knowledge for /app/data/T0015/311196/b74521f/pwhm-226177/include/wld/wld_bgdfs.h
2026-01-28 11:35:14,999 - Knowledge - INFO - Found code-base-name: https://github.com/kavia-common/pwhm-226177.git:kavia-main
2026-01-28 11:35:15,200 - Knowledge - INFO - Found code_base: <app.utils.kg_build.knowledge.KnowledgeCodeBase object at 0x7fcfb397d7d0>
2026-01-28 11:35:15,360 - Knowledge - INFO - process ingested knowledge for /app/data/T0015/311196/b74521f/pwhm-226177/src/Plugin/wifiGen_hapd.c
2026-01-28 11:35:15,520 - Knowledge - INFO - Found code-base-name: https://github.com/kavia-common/pwhm-226177.git:kavia-main
2026-01-28 11:35:15,699 - Knowledge - INFO - Found code_base: <app.utils.kg_build.knowledge.KnowledgeCodeBase object at 0x7fcfb397d7d0>
2026-01-28 11:35:15,906 - Knowledge - INFO - process ingested knowledge for /app/data/T0015/311196/b74521f/pwhm-226177/include/wld/wld_fsm.h
2026-01-28 11:35:16,126 - Knowledge - INFO - Found code-base-name: https://github.com/kavia-common/pwhm-226177.git:kavia-main
2026-01-28 11:35:16,283 - Knowledge - INFO - Found code_base: <app.utils.kg_build.knowledge.KnowledgeCodeBase object at 0x7fcfb397d7d0>
2026-01-28 11:35:16,442 - Knowledge - INFO - process ingested knowledge for /app/data/T0015/311196/b74521f/pwhm-226177/include/wld/wld_wpaCtrl_api.h
2026-01-28 11:35:16,605 - Knowledge - INFO - Found code-base-name: https://github.com/kavia-common/pwhm-226177.git:kavia-main
2026-01-28 11:35:16,800 - Knowledge - INFO - Found code_base: <app.utils.kg_build.knowledge.KnowledgeCodeBase object at 0x7fcfb397d7d0>
2026-01-28 11:35:16,977 - Knowledge - INFO - process ingested knowledge for /app/data/T0015/311196/b74521f/pwhm-226177/test/testHelper/wld_th_fsm.h
2026-01-28 11:35:17,155 - Knowledge - INFO - Found code-base-name: https://github.com/kavia-common/pwhm-226177.git:kavia-main
2026-01-28 11:35:17,308 - Knowledge - INFO - Found code_base: <app.utils.kg_build.knowledge.KnowledgeCodeBase object at 0x7fcfb397d7d0>
2026-01-28 11:35:17,473 - Knowledge - INFO - process ingested knowledge for /app/data/T0015/311196/b74521f/pwhm-226177/test/wld_channel/test_wld_channel_info.c
2026-01-28 11:35:17,686 - Knowledge - INFO - Found code-base-name: https://github.com/kavia-common/pwhm-226177.git:kavia-main
2026-01-28 11:35:17,841 - Knowledge - INFO - Found code_base: <app.utils.kg_build.knowledge.KnowledgeCodeBase object at 0x7fcfb397d7d0>
2026-01-28 11:35:18,012 - Knowledge - INFO - process ingested knowledge for /app/data/T0015/311196/b74521f/pwhm-226177/test/testScanSsid/ScanResults-5g-6.txt
2026-01-28 11:35:18,182 - Knowledge - INFO - Found code-base-name: https://github.com/kavia-common/pwhm-226177.git:kavia-main
2026-01-28 11:35:18,345 - Knowledge - INFO - Found code_base: <app.utils.kg_build.knowledge.KnowledgeCodeBase object at 0x7fcfb397d7d0>
2026-01-28 11:35:18,524 - Knowledge - INFO - process ingested knowledge for /app/data/T0015/311196/b74521f/pwhm-226177/CHANGELOG.md
2026-01-28 11:35:18,686 - Knowledge - INFO - Found code-base-name: https://github.com/kavia-common/pwhm-226177.git:kavia-main
2026-01-28 11:35:18,858 - Knowledge - INFO - Found code_base: <app.utils.kg_build.knowledge.KnowledgeCodeBase object at 0x7fcfb397d7d0>
2026-01-28 11:35:19,065 - Knowledge - INFO - process ingested knowledge for /app/data/T0015/311196/b74521f/pwhm-226177/test/test_channel5G/test_channel5G.c
2026-01-28 11:35:19,219 - Knowledge - INFO - Found code-base-name: https://github.com/kavia-common/pwhm-226177.git:kavia-main
2026-01-28 11:35:19,418 - Knowledge - INFO - Found code_base: <app.utils.kg_build.knowledge.KnowledgeCodeBase object at 0x7fcfb397d7d0>
2026-01-28 11:35:19,587 - Knowledge - INFO - process ingested knowledge for /app/data/T0015/311196/b74521f/pwhm-226177/scripts/wld.sh
2026-01-28 11:35:19,798 - Knowledge - INFO - Found code-base-name: https://github.com/kavia-common/pwhm-226177.git:kavia-main
2026-01-28 11:35:19,987 - Knowledge - INFO - Found code_base: <app.utils.kg_build.knowledge.KnowledgeCodeBase object at 0x7fcfb397d7d0>
2026-01-28 11:35:20,179 - Knowledge - INFO - process ingested knowledge for /app/data/T0015/311196/b74521f/pwhm-226177/test/testRadio11be/rad2_base.txt
2026-01-28 11:35:20,381 - Knowledge - INFO - Found code-base-name: https://github.com/kavia-common/pwhm-226177.git:kavia-main
2026-01-28 11:35:20,588 - Knowledge - INFO - Found code_base: <app.utils.kg_build.knowledge.KnowledgeCodeBase object at 0x7fcfb397d7d0>
2026-01-28 11:35:20,790 - Knowledge - INFO - process ingested knowledge for /app/data/T0015/311196/b74521f/pwhm-226177/include/wld/wld_rad_hostapd_api.h
2026-01-28 11:35:20,957 - Knowledge - INFO - Found code-base-name: https://github.com/kavia-common/pwhm-226177.git:kavia-main
2026-01-28 11:35:21,161 - Knowledge - INFO - Found code_base: <app.utils.kg_build.knowledge.KnowledgeCodeBase object at 0x7fcfb397d7d0>
2026-01-28 11:35:21,368 - Knowledge - INFO - process ingested knowledge for /app/data/T0015/311196/b74521f/pwhm-226177/src/ChannelManagement/wld_channel_info.c
2026-01-28 11:35:21,555 - Knowledge - INFO - Found code-base-name: https://github.com/kavia-common/pwhm-226177.git:kavia-main
2026-01-28 11:35:21,766 - Knowledge - INFO - Found code_base: <app.utils.kg_build.knowledge.KnowledgeCodeBase object at 0x7fcfb397d7d0>
2026-01-28 11:35:21,935 - Knowledge - INFO - process ingested knowledge for /app/data/T0015/311196/b74521f/pwhm-226177/include_priv/nl80211/wld_secDmnGrp_priv.h
2026-01-28 11:35:22,139 - Knowledge - INFO - Found code-base-name: https://github.com/kavia-common/pwhm-226177.git:kavia-main
2026-01-28 11:35:22,311 - Knowledge - INFO - Found code_base: <app.utils.kg_build.knowledge.KnowledgeCodeBase object at 0x7fcfb397d7d0>
2026-01-28 11:35:22,486 - Knowledge - INFO - process ingested knowledge for /app/data/T0015/311196/b74521f/pwhm-226177/src/RadMgt/wld_rad_scan.c
2026-01-28 11:35:22,649 - Knowledge - INFO - Found code-base-name: https://github.com/kavia-common/pwhm-226177.git:kavia-main
2026-01-28 11:35:22,811 - Knowledge - INFO - Found code_base: <app.utils.kg_build.knowledge.KnowledgeCodeBase object at 0x7fcfb397d7d0>
2026-01-28 11:35:22,976 - Knowledge - INFO - process ingested knowledge for /app/data/T0015/311196/b74521f/pwhm-226177/include/wld/wld_hostapd_cfgFile.h
2026-01-28 11:35:23,156 - Knowledge - INFO - Found code-base-name: https://github.com/kavia-common/pwhm-226177.git:kavia-main
2026-01-28 11:35:23,311 - Knowledge - INFO - Found code_base: <app.utils.kg_build.knowledge.KnowledgeCodeBase object at 0x7fcfb397d7d0>
2026-01-28 11:35:23,468 - Knowledge - INFO - process ingested knowledge for /app/data/T0015/311196/b74521f/pwhm-226177/test/testStaStats/history2.txt
2026-01-28 11:35:23,642 - Knowledge - INFO - Found code-base-name: https://github.com/kavia-common/pwhm-226177.git:kavia-main
2026-01-28 11:35:23,841 - Knowledge - INFO - Found code_base: <app.utils.kg_build.knowledge.KnowledgeCodeBase object at 0x7fcfb397d7d0>
2026-01-28 11:35:24,009 - Knowledge - INFO - process ingested knowledge for /app/data/T0015/311196/b74521f/pwhm-226177/test/testHelper/wld_th_sensing.c
2026-01-28 11:35:24,187 - Knowledge - INFO - Found code-base-name: https://github.com/kavia-common/pwhm-226177.git:kavia-main
2026-01-28 11:35:24,362 - Knowledge - INFO - Found code_base: <app.utils.kg_build.knowledge.KnowledgeCodeBase object at 0x7fcfb397d7d0>
2026-01-28 11:35:24,519 - Knowledge - INFO - process ingested knowledge for /app/data/T0015/311196/b74521f/pwhm-226177/src/Utils/wld_linuxWExtUtils.c
2026-01-28 11:35:24,701 - Knowledge - INFO - Found code-base-name: https://github.com/kavia-common/pwhm-226177.git:kavia-main
2026-01-28 11:35:24,881 - Knowledge - INFO - Found code_base: <app.utils.kg_build.knowledge.KnowledgeCodeBase object at 0x7fcfb397d7d0>
2026-01-28 11:35:25,025 - Knowledge - INFO - process ingested knowledge for /app/data/T0015/311196/b74521f/pwhm-226177/src/wld_statsmon.c
2026-01-28 11:35:25,242 - Knowledge - INFO - Found code-base-name: https://github.com/kavia-common/pwhm-226177.git:kavia-main
2026-01-28 11:35:25,408 - Knowledge - INFO - Found code_base: <app.utils.kg_build.knowledge.KnowledgeCodeBase object at 0x7fcfb397d7d0>
2026-01-28 11:35:25,589 - Knowledge - INFO - process ingested knowledge for /app/data/T0015/311196/b74521f/pwhm-226177/src/RadMgt/wld_rad_delayMgr.c
2026-01-28 11:35:25,749 - Knowledge - INFO - Found code-base-name: https://github.com/kavia-common/pwhm-226177.git:kavia-main
2026-01-28 11:35:25,908 - Knowledge - INFO - Found code_base: <app.utils.kg_build.knowledge.KnowledgeCodeBase object at 0x7fcfb397d7d0>
2026-01-28 11:35:26,106 - Knowledge - INFO - process ingested knowledge for /app/data/T0015/311196/b74521f/pwhm-226177/include/wld/wld_chanmgt.h
2026-01-28 11:35:26,313 - Knowledge - INFO - Found code-base-name: https://github.com/kavia-common/pwhm-226177.git:kavia-main
2026-01-28 11:35:26,491 - Knowledge - INFO - Found code_base: <app.utils.kg_build.knowledge.KnowledgeCodeBase object at 0x7fcfb397d7d0>
2026-01-28 11:35:26,674 - Knowledge - INFO - process ingested knowledge for /app/data/T0015/311196/b74521f/pwhm-226177/test/testHelper/wld_th_vap.c
2026-01-28 11:35:26,861 - Knowledge - INFO - Found code-base-name: https://github.com/kavia-common/pwhm-226177.git:kavia-main
2026-01-28 11:35:27,068 - Knowledge - INFO - Found code_base: <app.utils.kg_build.knowledge.KnowledgeCodeBase object at 0x7fcfb397d7d0>
2026-01-28 11:35:27,226 - Knowledge - INFO - process ingested knowledge for /app/data/T0015/311196/b74521f/pwhm-226177/src/nl80211/wld_wpaCtrlGSock.c
2026-01-28 11:35:27,416 - Knowledge - INFO - Found code-base-name: https://github.com/kavia-common/pwhm-226177.git:kavia-main
2026-01-28 11:35:27,639 - Knowledge - INFO - Found code_base: <app.utils.kg_build.knowledge.KnowledgeCodeBase object at 0x7fcfb397d7d0>
2026-01-28 11:35:27,842 - Knowledge - INFO - process ingested knowledge for /app/data/T0015/311196/b74521f/pwhm-226177/include/wld/wld_epMld.h
2026-01-28 11:35:28,021 - Knowledge - INFO - Found code-base-name: https://github.com/kavia-common/pwhm-226177.git:kavia-main
2026-01-28 11:35:28,165 - Knowledge - INFO - Found code_base: <app.utils.kg_build.knowledge.KnowledgeCodeBase object at 0x7fcfb397d7d0>
2026-01-28 11:35:28,322 - Knowledge - INFO - process ingested knowledge for /app/data/T0015/311196/b74521f/pwhm-226177/src/ApMgt/wld_ap_rrm.c
2026-01-28 11:35:28,503 - Knowledge - INFO - Found code-base-name: https://github.com/kavia-common/pwhm-226177.git:kavia-main
2026-01-28 11:35:28,680 - Knowledge - INFO - Found code_base: <app.utils.kg_build.knowledge.KnowledgeCodeBase object at 0x7fcfb397d7d0>
2026-01-28 11:35:28,831 - Knowledge - INFO - process ingested knowledge for /app/data/T0015/311196/b74521f/pwhm-226177/include/wld/wld_nl80211_types.h
2026-01-28 11:35:29,003 - Knowledge - INFO - Found code-base-name: https://github.com/kavia-common/pwhm-226177.git:kavia-main
2026-01-28 11:35:29,164 - Knowledge - INFO - Found code_base: <app.utils.kg_build.knowledge.KnowledgeCodeBase object at 0x7fcfb397d7d0>
2026-01-28 11:35:29,378 - Knowledge - INFO - process ingested knowledge for /app/data/T0015/311196/b74521f/pwhm-226177/src/Utils/wld_extMod.c
2026-01-28 11:35:29,533 - Knowledge - INFO - Found code-base-name: https://github.com/kavia-common/pwhm-226177.git:kavia-main
2026-01-28 11:35:29,715 - Knowledge - INFO - Found code_base: <app.utils.kg_build.knowledge.KnowledgeCodeBase object at 0x7fcfb397d7d0>
2026-01-28 11:35:29,923 - Knowledge - INFO - process ingested knowledge for /app/data/T0015/311196/b74521f/pwhm-226177/include/wld/wld_wpaSupp_cfgManager.h
2026-01-28 11:35:30,078 - Knowledge - INFO - Found code-base-name: https://github.com/kavia-common/pwhm-226177.git:kavia-main
2026-01-28 11:35:30,260 - Knowledge - INFO - Found code_base: <app.utils.kg_build.knowledge.KnowledgeCodeBase object at 0x7fcfb397d7d0>
2026-01-28 11:35:30,430 - Knowledge - INFO - process ingested knowledge for /app/data/T0015/311196/b74521f/pwhm-226177/include/wld/wld_ep_nl80211.h
2026-01-28 11:35:30,631 - Knowledge - INFO - Found code-base-name: https://github.com/kavia-common/pwhm-226177.git:kavia-main
2026-01-28 11:35:30,781 - Knowledge - INFO - Found code_base: <app.utils.kg_build.knowledge.KnowledgeCodeBase object at 0x7fcfb397d7d0>
2026-01-28 11:35:30,948 - Knowledge - INFO - process ingested knowledge for /app/data/T0015/311196/b74521f/pwhm-226177/test/testHelper/wld_th_radio.c
2026-01-28 11:35:31,126 - Knowledge - INFO - Found code-base-name: https://github.com/kavia-common/pwhm-226177.git:kavia-main
2026-01-28 11:35:31,326 - Knowledge - INFO - Found code_base: <app.utils.kg_build.knowledge.KnowledgeCodeBase object at 0x7fcfb397d7d0>
2026-01-28 11:35:31,504 - Knowledge - INFO - process ingested knowledge for /app/data/T0015/311196/b74521f/pwhm-226177/test/testStaStats/assocNot/not_3.txt
2026-01-28 11:35:31,666 - Knowledge - INFO - Found code-base-name: https://github.com/kavia-common/pwhm-226177.git:kavia-main
2026-01-28 11:35:31,820 - Knowledge - INFO - Found code_base: <app.utils.kg_build.knowledge.KnowledgeCodeBase object at 0x7fcfb397d7d0>
2026-01-28 11:35:32,026 - Knowledge - INFO - process ingested knowledge for /app/data/T0015/311196/b74521f/pwhm-226177/test/testStaStats/data2.txt
2026-01-28 11:35:32,180 - Knowledge - INFO - Found code-base-name: https://github.com/kavia-common/pwhm-226177.git:kavia-main
2026-01-28 11:35:32,379 - Knowledge - INFO - Found code_base: <app.utils.kg_build.knowledge.KnowledgeCodeBase object at 0x7fcfb397d7d0>
2026-01-28 11:35:32,569 - Knowledge - INFO - process ingested knowledge for /app/data/T0015/311196/b74521f/pwhm-226177/include/wld/wld_nl80211_events.h
2026-01-28 11:35:32,736 - Knowledge - INFO - Found code-base-name: https://github.com/kavia-common/pwhm-226177.git:kavia-main
2026-01-28 11:35:32,898 - Knowledge - INFO - Found code_base: <app.utils.kg_build.knowledge.KnowledgeCodeBase object at 0x7fcfb397d7d0>
2026-01-28 11:35:33,108 - Knowledge - INFO - process ingested knowledge for /app/data/T0015/311196/b74521f/pwhm-226177/test/testStaStats/deauthNot/notif_2.txt
2026-01-28 11:35:33,269 - Knowledge - INFO - Found code-base-name: https://github.com/kavia-common/pwhm-226177.git:kavia-main
2026-01-28 11:35:33,463 - Knowledge - INFO - Found code_base: <app.utils.kg_build.knowledge.KnowledgeCodeBase object at 0x7fcfb397d7d0>
2026-01-28 11:35:33,675 - Knowledge - INFO - process ingested knowledge for /app/data/T0015/311196/b74521f/pwhm-226177/test/testStaStats/stationStats/stats_data4.txt
2026-01-28 11:35:33,870 - Knowledge - INFO - Found code-base-name: https://github.com/kavia-common/pwhm-226177.git:kavia-main
2026-01-28 11:35:34,040 - Knowledge - INFO - Found code_base: <app.utils.kg_build.knowledge.KnowledgeCodeBase object at 0x7fcfb397d7d0>
2026-01-28 11:35:34,214 - Knowledge - INFO - process ingested knowledge for /app/data/T0015/311196/b74521f/pwhm-226177/include_priv/Plugin/wifiGen_wpaSupp.h
2026-01-28 11:35:34,388 - Knowledge - INFO - Found code-base-name: https://github.com/kavia-common/pwhm-226177.git:kavia-main
2026-01-28 11:35:34,577 - Knowledge - INFO - Found code_base: <app.utils.kg_build.knowledge.KnowledgeCodeBase object at 0x7fcfb397d7d0>
2026-01-28 11:35:34,767 - Knowledge - INFO - process ingested knowledge for /app/data/T0015/311196/b74521f/pwhm-226177/src/wld.c
2026-01-28 11:35:34,948 - Knowledge - INFO - Found code-base-name: https://github.com/kavia-common/pwhm-226177.git:kavia-main
2026-01-28 11:35:35,100 - Knowledge - INFO - Found code_base: <app.utils.kg_build.knowledge.KnowledgeCodeBase object at 0x7fcfb397d7d0>
2026-01-28 11:35:35,259 - Knowledge - INFO - process ingested knowledge for /app/data/T0015/311196/b74521f/pwhm-226177/test/testStaStats/deauthNot/notif_11.txt
2026-01-28 11:35:35,438 - Knowledge - INFO - Found code-base-name: https://github.com/kavia-common/pwhm-226177.git:kavia-main
2026-01-28 11:35:35,609 - Knowledge - INFO - Found code_base: <app.utils.kg_build.knowledge.KnowledgeCodeBase object at 0x7fcfb397d7d0>
2026-01-28 11:35:35,765 - Knowledge - INFO - process ingested knowledge for /app/data/T0015/311196/b74521f/pwhm-226177/src/nl80211/wld_wpaSupp_parser.c
2026-01-28 11:35:35,972 - Knowledge - INFO - Found code-base-name: https://github.com/kavia-common/pwhm-226177.git:kavia-main
2026-01-28 11:35:36,141 - Knowledge - INFO - Found code_base: <app.utils.kg_build.knowledge.KnowledgeCodeBase object at 0x7fcfb397d7d0>
2026-01-28 11:35:36,305 - Knowledge - INFO - process ingested knowledge for /app/data/T0015/311196/b74521f/pwhm-226177/src/nl80211/wld_nl80211_debug.c
2026-01-28 11:35:36,476 - Knowledge - INFO - Found code-base-name: https://github.com/kavia-common/pwhm-226177.git:kavia-main
2026-01-28 11:35:36,639 - Knowledge - INFO - Found code_base: <app.utils.kg_build.knowledge.KnowledgeCodeBase object at 0x7fcfb397d7d0>
2026-01-28 11:35:36,849 - Knowledge - INFO - process ingested knowledge for /app/data/T0015/311196/b74521f/pwhm-226177/src/RadMgt/wld_rad_evtHandler.c
2026-01-28 11:35:37,012 - Knowledge - INFO - Found code-base-name: https://github.com/kavia-common/pwhm-226177.git:kavia-main
2026-01-28 11:35:37,164 - Knowledge - INFO - Found code_base: <app.utils.kg_build.knowledge.KnowledgeCodeBase object at 0x7fcfb397d7d0>
2026-01-28 11:35:37,357 - Knowledge - INFO - process ingested knowledge for /app/data/T0015/311196/b74521f/pwhm-226177/src/Plugin/wifiGen.c
2026-01-28 11:35:37,534 - Knowledge - INFO - Found code-base-name: https://github.com/kavia-common/pwhm-226177.git:kavia-main
2026-01-28 11:35:37,691 - Knowledge - INFO - Found code_base: <app.utils.kg_build.knowledge.KnowledgeCodeBase object at 0x7fcfb397d7d0>
2026-01-28 11:35:37,922 - Knowledge - INFO - process ingested knowledge for /app/data/T0015/311196/b74521f/pwhm-226177/include/wld/wld_wps.h
2026-01-28 11:35:38,071 - Knowledge - INFO - Found code-base-name: https://github.com/kavia-common/pwhm-226177.git:kavia-main
2026-01-28 11:35:38,232 - Knowledge - INFO - Found code_base: <app.utils.kg_build.knowledge.KnowledgeCodeBase object at 0x7fcfb397d7d0>
2026-01-28 11:35:38,404 - Knowledge - INFO - process ingested knowledge for /app/data/T0015/311196/b74521f/pwhm-226177/include/wld/wld_secDmn.h
2026-01-28 11:35:38,568 - Knowledge - INFO - Found code-base-name: https://github.com/kavia-common/pwhm-226177.git:kavia-main
2026-01-28 11:35:38,746 - Knowledge - INFO - Found code_base: <app.utils.kg_build.knowledge.KnowledgeCodeBase object at 0x7fcfb397d7d0>
2026-01-28 11:35:38,932 - Knowledge - INFO - process ingested knowledge for /app/data/T0015/311196/b74521f/pwhm-226177/src/wld_endpoint.c
2026-01-28 11:35:39,104 - Knowledge - INFO - Found code-base-name: https://github.com/kavia-common/pwhm-226177.git:kavia-main
2026-01-28 11:35:39,313 - Knowledge - INFO - Found code_base: <app.utils.kg_build.knowledge.KnowledgeCodeBase object at 0x7fcfb397d7d0>
2026-01-28 11:35:39,484 - Knowledge - INFO - process ingested knowledge for /app/data/T0015/311196/b74521f/pwhm-226177/src/nl80211/wld_rad_nl80211.c
2026-01-28 11:35:39,672 - Knowledge - INFO - Found code-base-name: https://github.com/kavia-common/pwhm-226177.git:kavia-main
2026-01-28 11:35:39,838 - Knowledge - INFO - Found code_base: <app.utils.kg_build.knowledge.KnowledgeCodeBase object at 0x7fcfb397d7d0>
2026-01-28 11:35:40,041 - Knowledge - INFO - process ingested knowledge for /app/data/T0015/311196/b74521f/pwhm-226177/src/ApMgt/wld_ap_rssiMonitor.c
2026-01-28 11:35:40,231 - Knowledge - INFO - Found code-base-name: https://github.com/kavia-common/pwhm-226177.git:kavia-main
2026-01-28 11:35:40,408 - Knowledge - INFO - Found code_base: <app.utils.kg_build.knowledge.KnowledgeCodeBase object at 0x7fcfb397d7d0>
2026-01-28 11:35:40,584 - Knowledge - INFO - process ingested knowledge for /app/data/T0015/311196/b74521f/pwhm-226177/src/nl80211/wld_hostapd_ap_api.c
2026-01-28 11:35:40,733 - Knowledge - INFO - Loaded 303 files from persisted knowledge
2026-01-28 11:35:40,883 - Knowledge - INFO - load persisted knowledge: end
2026-01-28 11:35:41,060 - Knowledge - INFO - 📁 Disk load complete in 168.95s
2026-01-28 11:35:41,225 - Knowledge - INFO - [WEBSOCKET] Sent: Type=progress_update, Size: 162, Duration: 0ms
2026-01-28 11:35:41,388 - Knowledge - INFO - Worker kw1 created using shared MongoDB connection pool
2026-01-28 11:35:41,591 - Knowledge - INFO - knowledge worker kw1 start
2026-01-28 11:35:41,591 - Knowledge - INFO - Worker kw2 created using shared MongoDB connection pool
2026-01-28 11:35:41,774 - Knowledge - INFO - [kw1] Queue=303, InProgress=0, PendingWorkers=0/1, Completed=0/303 (0.0%)
2026-01-28 11:35:41,874 - Knowledge - INFO - knowledge worker kw2 start
2026-01-28 11:35:41,875 - Knowledge - INFO - Worker kw3 created using shared MongoDB connection pool
2026-01-28 11:35:41,966 - Knowledge - INFO - Batch sizing: calculated=6, max_allowed=10, queue=303, active_workers=0/2
2026-01-28 11:35:42,050 - Knowledge - INFO - [kw2] Queue=303, InProgress=0, PendingWorkers=0/2, Completed=0/303 (0.0%)
2026-01-28 11:35:42,142 - Knowledge - INFO - knowledge worker kw3 start
2026-01-28 11:35:42,142 - Knowledge - INFO - Worker kw4 created using shared MongoDB connection pool
2026-01-28 11:35:42,222 - Knowledge - INFO - Worker kw1 processing /app/data/T0015/311196/b74521f/pwhm-226177/test/testStaStats/deauthNot/notif_12.txt
2026-01-28 11:35:42,301 - Knowledge - INFO - Batch sizing: calculated=6, max_allowed=10, queue=303, active_workers=1/3
2026-01-28 11:35:42,382 - Knowledge - INFO - [kw3] Queue=297, InProgress=0, PendingWorkers=1/3, Completed=0/303 (0.0%)
2026-01-28 11:35:42,461 - Knowledge - INFO - knowledge worker kw4 start
2026-01-28 11:35:42,461 - Knowledge - INFO - Worker kw5 created using shared MongoDB connection pool
2026-01-28 11:35:42,548 - Knowledge - INFO - Fast-tracked /app/data/T0015/311196/b74521f/pwhm-226177/test/testStaStats/deauthNot/notif_12.txt (ext=.txt, size=470)
2026-01-28 11:35:42,625 - Knowledge - INFO - Worker kw2 processing /app/data/T0015/311196/b74521f/pwhm-226177/src/nl80211/wld_hostapd_cfgManager.c
2026-01-28 11:35:42,705 - Knowledge - INFO - Batch sizing: calculated=6, max_allowed=10, queue=297, active_workers=2/4
2026-01-28 11:35:42,796 - Knowledge - INFO - [kw4] Queue=291, InProgress=0, PendingWorkers=2/4, Completed=0/303 (0.0%)
2026-01-28 11:35:42,878 - Knowledge - INFO - knowledge worker kw5 start
2026-01-28 11:35:42,878 - Knowledge - INFO - Worker kw6 created using shared MongoDB connection pool
2026-01-28 11:35:42,956 - Knowledge - INFO - Worker kw1 processing /app/data/T0015/311196/b74521f/pwhm-226177/src/wld_epMld.c
2026-01-28 11:35:43,051 - Knowledge - INFO - Worker kw2 processing /app/data/T0015/311196/b74521f/pwhm-226177/test/testWiFiObjReference/test_wifiObjReference.c
2026-01-28 11:35:43,128 - Knowledge - INFO - Worker kw3 processing /app/data/T0015/311196/b74521f/pwhm-226177/src/nl80211/wld_wpaSupp_ep_api.c
2026-01-28 11:35:43,211 - Knowledge - INFO - Batch sizing: calculated=6, max_allowed=10, queue=291, active_workers=3/5
2026-01-28 11:35:43,304 - Knowledge - INFO - [kw5] Queue=285, InProgress=0, PendingWorkers=3/5, Completed=0/303 (0.0%)
2026-01-28 11:35:43,374 - Knowledge - INFO - knowledge worker kw6 start
2026-01-28 11:35:43,375 - Knowledge - INFO - Worker kw7 created using shared MongoDB connection pool
2026-01-28 11:35:43,454 - Knowledge - INFO - Worker kw1 processing /app/data/T0015/311196/b74521f/pwhm-226177/include/wld/wld_rad_delayMgr.h
2026-01-28 11:35:43,570 - Knowledge - INFO - Fast-tracked /app/data/T0015/311196/b74521f/pwhm-226177/test/testWiFiObjReference/test_wifiObjReference.c (ext=.c, size=11892)
2026-01-28 11:35:43,657 - Knowledge - INFO - Worker kw3 processing /app/data/T0015/311196/b74521f/pwhm-226177/include_priv/Plugin/wifiGen.h
2026-01-28 11:35:43,778 - Knowledge - INFO - Worker kw4 processing /app/data/T0015/311196/b74521f/pwhm-226177/include/wld/wld_rad_evtHandler.h
2026-01-28 11:35:43,857 - Knowledge - INFO - Batch sizing: calculated=6, max_allowed=10, queue=285, active_workers=4/6
2026-01-28 11:35:43,935 - Knowledge - INFO - [kw6] Queue=279, InProgress=0, PendingWorkers=4/6, Completed=0/303 (0.0%)
2026-01-28 11:35:44,019 - Knowledge - INFO - knowledge worker kw7 start
2026-01-28 11:35:44,020 - Knowledge - INFO - Worker kw8 created using shared MongoDB connection pool
2026-01-28 11:35:44,136 - Knowledge - INFO - Worker kw1 processing /app/data/T0015/311196/b74521f/pwhm-226177/test/testRadio11be/rad2_cap.txt
2026-01-28 11:35:44,230 - Knowledge - INFO - Worker kw2 processing /app/data/T0015/311196/b74521f/pwhm-226177/test/testStaStats/assocNot/not_4.txt
2026-01-28 11:35:44,317 - Knowledge - INFO - Worker kw3 processing /app/data/T0015/311196/b74521f/pwhm-226177/test/testStaStatsWiFi7/test_staStatsWiFi7.c
2026-01-28 11:35:44,388 - Knowledge - INFO - Worker kw4 processing /app/data/T0015/311196/b74521f/pwhm-226177/test/wld_staticPuncturing/test_wld_staticPuncturing.c
2026-01-28 11:35:44,468 - Knowledge - INFO - Worker kw5 processing /app/data/T0015/311196/b74521f/pwhm-226177/include/wld/wld_secDmnGrp.h
2026-01-28 11:35:44,541 - Knowledge - INFO - Batch sizing: calculated=6, max_allowed=10, queue=279, active_workers=5/7
2026-01-28 11:35:44,611 - Knowledge - INFO - [kw7] Queue=273, InProgress=0, PendingWorkers=5/7, Completed=0/303 (0.0%)
2026-01-28 11:35:44,707 - Knowledge - INFO - knowledge worker kw8 start
2026-01-28 11:35:44,723 - Knowledge - INFO - Worker kw9 created using shared MongoDB connection pool
2026-01-28 11:35:44,795 - Knowledge - INFO - Fast-tracked /app/data/T0015/311196/b74521f/pwhm-226177/test/testRadio11be/rad2_cap.txt (ext=.txt, size=294)
2026-01-28 11:35:44,885 - Knowledge - INFO - Fast-tracked /app/data/T0015/311196/b74521f/pwhm-226177/test/testStaStats/assocNot/not_4.txt (ext=.txt, size=528)
2026-01-28 11:35:45,007 - Knowledge - INFO - Fast-tracked /app/data/T0015/311196/b74521f/pwhm-226177/test/testStaStatsWiFi7/test_staStatsWiFi7.c (ext=.c, size=11138)
2026-01-28 11:35:45,083 - Knowledge - INFO - Fast-tracked /app/data/T0015/311196/b74521f/pwhm-226177/test/wld_staticPuncturing/test_wld_staticPuncturing.c (ext=.c, size=6052)
2026-01-28 11:35:45,163 - Knowledge - INFO - Worker kw5 processing /app/data/T0015/311196/b74521f/pwhm-226177/include/wld/wld_tinyRoam.h
2026-01-28 11:35:45,250 - Knowledge - INFO - Worker kw6 processing /app/data/T0015/311196/b74521f/pwhm-226177/test/testRadio11be/rad6_cap.txt
2026-01-28 11:35:45,329 - Knowledge - INFO - Batch sizing: calculated=6, max_allowed=10, queue=273, active_workers=6/8
2026-01-28 11:35:45,410 - Knowledge - INFO - [kw8] Queue=267, InProgress=0, PendingWorkers=6/8, Completed=0/303 (0.0%)
2026-01-28 11:35:45,517 - Knowledge - INFO - knowledge worker kw9 start
2026-01-28 11:35:45,517 - Knowledge - INFO - Worker kw10 created using shared MongoDB connection pool
2026-01-28 11:35:45,605 - Knowledge - INFO - Worker kw1 processing /app/data/T0015/311196/b74521f/pwhm-226177/test/wld_hostapd/test_wld_hostapd.c
2026-01-28 11:35:45,688 - Knowledge - INFO - Worker kw2 processing /app/data/T0015/311196/b74521f/pwhm-226177/src/nl80211/wld_wpaCtrlConnection.c
2026-01-28 11:35:45,769 - Knowledge - INFO - Worker kw3 processing /app/data/T0015/311196/b74521f/pwhm-226177/src/wld_wps.c
2026-01-28 11:35:45,858 - Knowledge - INFO - Worker kw4 processing /app/data/T0015/311196/b74521f/pwhm-226177/src/RadMgt/wld_rad_fsm.c
2026-01-28 11:35:45,943 - Knowledge - INFO - Worker kw5 processing /app/data/T0015/311196/b74521f/pwhm-226177/test/wld_sensing/test_wld_sensing.c
2026-01-28 11:35:46,018 - Knowledge - INFO - Fast-tracked /app/data/T0015/311196/b74521f/pwhm-226177/test/testRadio11be/rad6_cap.txt (ext=.txt, size=296)
2026-01-28 11:35:46,096 - Knowledge - INFO - Worker kw7 processing /app/data/T0015/311196/b74521f/pwhm-226177/src/Utils/wld_config.c
2026-01-28 11:35:46,196 - Knowledge - INFO - Batch sizing: calculated=6, max_allowed=10, queue=267, active_workers=7/9
2026-01-28 11:35:46,317 - Knowledge - INFO - [kw9] Queue=261, InProgress=0, PendingWorkers=7/9, Completed=0/303 (0.0%)
2026-01-28 11:35:46,391 - Knowledge - INFO - knowledge worker kw10 start
2026-01-28 11:35:46,391 - Knowledge - INFO - Worker kw11 created using shared MongoDB connection pool
2026-01-28 11:35:46,522 - Knowledge - INFO - Fast-tracked /app/data/T0015/311196/b74521f/pwhm-226177/test/wld_hostapd/test_wld_hostapd.c (ext=.c, size=12970)
2026-01-28 11:35:46,604 - Knowledge - INFO - Worker kw2 processing /app/data/T0015/311196/b74521f/pwhm-226177/test/testStaStats/data3.txt
2026-01-28 11:35:46,727 - Knowledge - INFO - Worker kw3 processing /app/data/T0015/311196/b74521f/pwhm-226177/test/testStaStats/history3.txt
2026-01-28 11:35:46,815 - Knowledge - INFO - Worker kw4 processing /app/data/T0015/311196/b74521f/pwhm-226177/test/testMacFiltering/test_macFiltering.c
2026-01-28 11:35:46,893 - Knowledge - INFO - Fast-tracked /app/data/T0015/311196/b74521f/pwhm-226177/test/wld_sensing/test_wld_sensing.c (ext=.c, size=15844)
2026-01-28 11:35:46,984 - Knowledge - INFO - Worker kw6 processing /app/data/T0015/311196/b74521f/pwhm-226177/src/RadMgt/wld_rad_stamon.c
2026-01-28 11:35:47,102 - Knowledge - INFO - Worker kw7 processing /app/data/T0015/311196/b74521f/pwhm-226177/src/EpMgt/wld_epMgmt.c
2026-01-28 11:35:47,176 - Knowledge - INFO - Worker kw8 processing /app/data/T0015/311196/b74521f/pwhm-226177/src/nl80211/wld_wpaCtrl_events.c
2026-01-28 11:35:47,257 - Knowledge - INFO - Batch sizing: calculated=6, max_allowed=10, queue=261, active_workers=8/10
2026-01-28 11:35:47,341 - Knowledge - INFO - [kw10] Queue=255, InProgress=0, PendingWorkers=8/10, Completed=0/303 (0.0%)
2026-01-28 11:35:47,443 - Knowledge - INFO - knowledge worker kw11 start
2026-01-28 11:35:47,444 - Knowledge - INFO - Worker kw12 created using shared MongoDB connection pool
2026-01-28 11:35:47,530 - Knowledge - INFO - Worker kw1 processing /app/data/T0015/311196/b74521f/pwhm-226177/test/testStaStats/deauthNot/notif_3.txt
2026-01-28 11:35:47,625 - Knowledge - INFO - Fast-tracked /app/data/T0015/311196/b74521f/pwhm-226177/test/testStaStats/data3.txt (ext=.txt, size=3375)
2026-01-28 11:35:47,738 - Knowledge - INFO - Fast-tracked /app/data/T0015/311196/b74521f/pwhm-226177/test/testStaStats/history3.txt (ext=.txt, size=3281)
2026-01-28 11:35:47,832 - Knowledge - INFO - Fast-tracked /app/data/T0015/311196/b74521f/pwhm-226177/test/testMacFiltering/test_macFiltering.c (ext=.c, size=17330)
2026-01-28 11:35:47,945 - Knowledge - INFO - Worker kw5 processing /app/data/T0015/311196/b74521f/pwhm-226177/test/testHelper/wld_th_mockVendor.c
2026-01-28 11:35:48,034 - Knowledge - INFO - Worker kw6 processing /app/data/T0015/311196/b74521f/pwhm-226177/include/wld/wld_channel_lib.h
2026-01-28 11:35:48,124 - Knowledge - INFO - Worker kw7 processing /app/data/T0015/311196/b74521f/pwhm-226177/test/testStaStats/deauthNot/notif_7.txt
2026-01-28 11:35:48,210 - Knowledge - INFO - Worker kw8 processing /app/data/T0015/311196/b74521f/pwhm-226177/test/testStaStats/assocNot/not_8.txt
2026-01-28 11:35:48,297 - Knowledge - INFO - Worker kw9 processing /app/data/T0015/311196/b74521f/pwhm-226177/src/ApMgt/wld_apMgmt.c
2026-01-28 11:35:48,373 - Knowledge - INFO - Batch sizing: calculated=6, max_allowed=10, queue=255, active_workers=9/11
2026-01-28 11:35:48,505 - Knowledge - INFO - [kw11] Queue=249, InProgress=0, PendingWorkers=9/11, Completed=0/303 (0.0%)
2026-01-28 11:35:48,593 - Knowledge - INFO - knowledge worker kw12 start
2026-01-28 11:35:48,594 - Knowledge - INFO - Worker kw13 created using shared MongoDB connection pool
2026-01-28 11:35:48,672 - Knowledge - INFO - Fast-tracked /app/data/T0015/311196/b74521f/pwhm-226177/test/testStaStats/deauthNot/notif_3.txt (ext=.txt, size=785)
2026-01-28 11:35:48,762 - Knowledge - INFO - Worker kw2 processing /app/data/T0015/311196/b74521f/pwhm-226177/src/EpMgt/wld_epProfile.c
2026-01-28 11:35:48,848 - Knowledge - INFO - Worker kw3 processing /app/data/T0015/311196/b74521f/pwhm-226177/include/wld/Utils/wld_autoCommitRadData.h
2026-01-28 11:35:48,943 - Knowledge - INFO - Worker kw4 processing /app/data/T0015/311196/b74521f/pwhm-226177/include/wld/wld_ssid.h
2026-01-28 11:35:49,028 - Knowledge - INFO - Fast-tracked /app/data/T0015/311196/b74521f/pwhm-226177/test/testHelper/wld_th_mockVendor.c (ext=.c, size=6284)
2026-01-28 11:35:49,112 - Knowledge - INFO - Worker kw6 processing /app/data/T0015/311196/b74521f/pwhm-226177/include/wld/wld_wpaSupp_cfgFile.h
2026-01-28 11:35:49,194 - Knowledge - INFO - Fast-tracked /app/data/T0015/311196/b74521f/pwhm-226177/test/testStaStats/deauthNot/notif_7.txt (ext=.txt, size=379)
2026-01-28 11:35:49,312 - Knowledge - INFO - Fast-tracked /app/data/T0015/311196/b74521f/pwhm-226177/test/testStaStats/assocNot/not_8.txt (ext=.txt, size=885)
2026-01-28 11:35:49,384 - Knowledge - INFO - Worker kw9 processing /app/data/T0015/311196/b74521f/pwhm-226177/test/bStaMLD/test_bStaMLD.c
2026-01-28 11:35:49,460 - Knowledge - INFO - Worker kw10 processing /app/data/T0015/311196/b74521f/pwhm-226177/test/testStaStats/assocNot/not_0.txt
2026-01-28 11:35:49,586 - Knowledge - INFO - Batch sizing: calculated=6, max_allowed=10, queue=249, active_workers=10/12
2026-01-28 11:35:49,678 - Knowledge - INFO - [kw12] Queue=243, InProgress=0, PendingWorkers=10/12, Completed=0/303 (0.0%)
2026-01-28 11:35:49,756 - Knowledge - INFO - knowledge worker kw13 start
2026-01-28 11:35:49,756 - Knowledge - INFO - Worker kw14 created using shared MongoDB connection pool
2026-01-28 11:35:50,156 - Knowledge - INFO - Worker kw4 processing /app/data/T0015/311196/b74521f/pwhm-226177/include_priv/nl80211/wld_wpaCtrlGSock_priv.h
2026-01-28 11:35:50,233 - Knowledge - INFO - Worker kw5 processing /app/data/T0015/311196/b74521f/pwhm-226177/src/nl80211/wld_wpaCtrlMngr.c
2026-01-28 11:35:50,350 - Knowledge - INFO - Worker kw6 processing /app/data/T0015/311196/b74521f/pwhm-226177/test/testScanSsid/ScanResults-5g-3.txt
2026-01-28 11:35:50,466 - Knowledge - INFO - Worker kw7 processing /app/data/T0015/311196/b74521f/pwhm-226177/test/wld_chanMgt/test_wld_rad_chanMgt.c
2026-01-28 11:35:50,547 - Knowledge - INFO - Worker kw8 processing /app/data/T0015/311196/b74521f/pwhm-226177/include/wld/wld_nl80211_api.h
2026-01-28 11:35:50,625 - Knowledge - INFO - Fast-tracked /app/data/T0015/311196/b74521f/pwhm-226177/test/bStaMLD/test_bStaMLD.c (ext=.c, size=5431)
2026-01-28 11:35:50,701 - Knowledge - INFO - Fast-tracked /app/data/T0015/311196/b74521f/pwhm-226177/test/testStaStats/assocNot/not_0.txt (ext=.txt, size=342)
2026-01-28 11:35:50,825 - Knowledge - INFO - Worker kw11 processing /app/data/T0015/311196/b74521f/pwhm-226177/src/ApMgt/wld_ap_neighbours.c
2026-01-28 11:35:50,914 - Knowledge - INFO - Batch sizing: calculated=6, max_allowed=10, queue=243, active_workers=11/13
2026-01-28 11:35:50,996 - Knowledge - INFO - [kw13] Queue=237, InProgress=0, PendingWorkers=11/13, Completed=0/303 (0.0%)
2026-01-28 11:35:51,086 - Knowledge - INFO - knowledge worker kw14 start
2026-01-28 11:35:51,086 - Knowledge - INFO - Worker kw15 created using shared MongoDB connection pool
2026-01-28 11:35:51,288 - Knowledge - INFO - Worker kw5 processing /app/data/T0015/311196/b74521f/pwhm-226177/src/Plugin/wifiGen_fsm.c
2026-01-28 11:35:51,412 - Knowledge - INFO - Fast-tracked /app/data/T0015/311196/b74521f/pwhm-226177/test/testScanSsid/ScanResults-5g-3.txt (ext=.txt, size=10475)
2026-01-28 11:35:51,507 - Knowledge - INFO - Fast-tracked /app/data/T0015/311196/b74521f/pwhm-226177/test/wld_chanMgt/test_wld_rad_chanMgt.c (ext=.c, size=39575)
2026-01-28 11:35:51,588 - Knowledge - INFO - Worker kw8 processing /app/data/T0015/311196/b74521f/pwhm-226177/test/testHelper/wld_th_radio.h
2026-01-28 11:35:51,668 - Knowledge - INFO - Worker kw9 processing /app/data/T0015/311196/b74521f/pwhm-226177/include/wld/wld_rad_macCfg.h
2026-01-28 11:35:51,747 - Knowledge - INFO - Worker kw10 processing /app/data/T0015/311196/b74521f/pwhm-226177/include_priv/Plugin/wld_plugin.h
2026-01-28 11:35:51,831 - Knowledge - INFO - Worker kw11 processing /app/data/T0015/311196/b74521f/pwhm-226177/test/testStaStatsWiFi7/stationStats/stats_test5.txt
2026-01-28 11:35:51,906 - Knowledge - INFO - Worker kw12 processing /app/data/T0015/311196/b74521f/pwhm-226177/test/testHelper/wld_th_vap.h
2026-01-28 11:35:51,984 - Knowledge - INFO - Batch sizing: calculated=6, max_allowed=10, queue=237, active_workers=12/14
2026-01-28 11:35:52,072 - Knowledge - INFO - [kw14] Queue=231, InProgress=0, PendingWorkers=12/14, Completed=0/303 (0.0%)
2026-01-28 11:35:52,166 - Knowledge - INFO - knowledge worker kw15 start
2026-01-28 11:35:52,166 - Knowledge - INFO - Worker kw16 created using shared MongoDB connection pool
2026-01-28 11:35:52,333 - Knowledge - INFO - Worker kw6 processing /app/data/T0015/311196/b74521f/pwhm-226177/include_priv/Plugin/wifiGen_events.h
2026-01-28 11:35:52,445 - Knowledge - INFO - Worker kw7 processing /app/data/T0015/311196/b74521f/pwhm-226177/include_priv/Plugin/wifiGen_ep.h
2026-01-28 11:35:52,530 - Knowledge - INFO - Fast-tracked /app/data/T0015/311196/b74521f/pwhm-226177/test/testHelper/wld_th_radio.h (ext=.h, size=5950)
2026-01-28 11:35:52,617 - Knowledge - INFO - Worker kw9 processing /app/data/T0015/311196/b74521f/pwhm-226177/src/Plugin/wifiGen_zwdfs.c
2026-01-28 11:35:52,698 - Knowledge - INFO - Worker kw10 processing /app/data/T0015/311196/b74521f/pwhm-226177/include/wld/wld_bStaMld.h
2026-01-28 11:35:52,784 - Knowledge - INFO - Fast-tracked /app/data/T0015/311196/b74521f/pwhm-226177/test/testStaStatsWiFi7/stationStats/stats_test5.txt (ext=.txt, size=5162)
2026-01-28 11:35:52,874 - Knowledge - INFO - Fast-tracked /app/data/T0015/311196/b74521f/pwhm-226177/test/testHelper/wld_th_vap.h (ext=.h, size=4886)
2026-01-28 11:35:52,951 - Knowledge - INFO - Worker kw13 processing /app/data/T0015/311196/b74521f/pwhm-226177/src/nl80211/wld_wpaSupp_cfgFile.c
2026-01-28 11:35:53,035 - Knowledge - INFO - Batch sizing: calculated=6, max_allowed=10, queue=231, active_workers=13/15
2026-01-28 11:35:53,111 - Knowledge - INFO - [kw15] Queue=225, InProgress=0, PendingWorkers=13/15, Completed=0/303 (0.0%)
2026-01-28 11:35:53,196 - Knowledge - INFO - knowledge worker kw16 start
2026-01-28 11:35:53,196 - Knowledge - INFO - Worker kw17 created using shared MongoDB connection pool
2026-01-28 11:35:53,377 - Knowledge - INFO - Worker kw7 processing /app/data/T0015/311196/b74521f/pwhm-226177/test/testRadioStatus/test_radioStatus.c
2026-01-28 11:35:53,451 - Knowledge - INFO - Worker kw8 processing /app/data/T0015/311196/b74521f/pwhm-226177/include/wld/wld_radio.h
2026-01-28 11:35:53,570 - Knowledge - INFO - Worker kw9 processing /app/data/T0015/311196/b74521f/pwhm-226177/test/testStaStats/test_staStats.c
2026-01-28 11:35:53,658 - Knowledge - INFO - Worker kw10 processing /app/data/T0015/311196/b74521f/pwhm-226177/include_priv/nl80211/wld_ssid_nl80211_priv.h
2026-01-28 11:35:53,733 - Knowledge - INFO - Worker kw11 processing /app/data/T0015/311196/b74521f/pwhm-226177/src/wld_util.c
2026-01-28 11:35:53,825 - Knowledge - INFO - Worker kw12 processing /app/data/T0015/311196/b74521f/pwhm-226177/test/testHelper/wld_th_sensing.h
2026-01-28 11:35:53,908 - Knowledge - INFO - Worker kw13 processing /app/data/T0015/311196/b74521f/pwhm-226177/include/wld/wld_wpaSupp_ep_api.h
2026-01-28 11:35:53,987 - Knowledge - INFO - Worker kw14 processing /app/data/T0015/311196/b74521f/pwhm-226177/test/testScanSsid/ScanResults-5g-1.txt
2026-01-28 11:35:54,065 - Knowledge - INFO - Batch sizing: calculated=6, max_allowed=10, queue=225, active_workers=14/16
2026-01-28 11:35:54,147 - Knowledge - INFO - [kw16] Queue=219, InProgress=0, PendingWorkers=14/16, Completed=0/303 (0.0%)
2026-01-28 11:35:54,239 - Knowledge - INFO - knowledge worker kw17 start
2026-01-28 11:35:54,239 - Knowledge - INFO - Worker kw18 created using shared MongoDB connection pool
2026-01-28 11:35:54,309 - Knowledge - INFO - Fast-tracked /app/data/T0015/311196/b74521f/pwhm-226177/test/testRadioStatus/test_radioStatus.c (ext=.c, size=10942)
2026-01-28 11:35:54,384 - Knowledge - INFO - Worker kw8 processing /app/data/T0015/311196/b74521f/pwhm-226177/test/fta/test_fta.c
2026-01-28 11:35:54,464 - Knowledge - INFO - Fast-tracked /app/data/T0015/311196/b74521f/pwhm-226177/test/testStaStats/test_staStats.c (ext=.c, size=10497)
2026-01-28 11:35:54,540 - Knowledge - INFO - Worker kw10 processing /app/data/T0015/311196/b74521f/pwhm-226177/include_priv/Plugin/wifiGen_hapd.h
2026-01-28 11:35:54,616 - Knowledge - INFO - Worker kw11 processing /app/data/T0015/311196/b74521f/pwhm-226177/test/testNeighborAp/test_neighborAp.c
2026-01-28 11:35:54,700 - Knowledge - INFO - Fast-tracked /app/data/T0015/311196/b74521f/pwhm-226177/test/testHelper/wld_th_sensing.h (ext=.h, size=3528)
2026-01-28 11:35:54,825 - Knowledge - INFO - Worker kw13 processing /app/data/T0015/311196/b74521f/pwhm-226177/src/ApMgt/wld_ap_bss_transfer.c
2026-01-28 11:35:54,907 - Knowledge - INFO - Fast-tracked /app/data/T0015/311196/b74521f/pwhm-226177/test/testScanSsid/ScanResults-5g-1.txt (ext=.txt, size=9047)
2026-01-28 11:35:54,998 - Knowledge - INFO - Worker kw15 processing /app/data/T0015/311196/b74521f/pwhm-226177/test/epMld/test_epMld.c
2026-01-28 11:35:55,076 - Knowledge - INFO - Batch sizing: calculated=6, max_allowed=10, queue=219, active_workers=15/17
2026-01-28 11:35:55,151 - Knowledge - INFO - [kw17] Queue=213, InProgress=0, PendingWorkers=15/17, Completed=0/303 (0.0%)
2026-01-28 11:35:55,230 - Knowledge - INFO - knowledge worker kw18 start
2026-01-28 11:35:55,231 - Knowledge - INFO - Worker kw19 created using shared MongoDB connection pool
2026-01-28 11:35:55,420 - Knowledge - INFO - Fast-tracked /app/data/T0015/311196/b74521f/pwhm-226177/test/fta/test_fta.c (ext=.c, size=5359)
2026-01-28 11:35:55,500 - Knowledge - INFO - Worker kw9 processing /app/data/T0015/311196/b74521f/pwhm-226177/src/Utils/wld_linuxIfStats.c
2026-01-28 11:35:55,584 - Knowledge - INFO - Worker kw10 processing /app/data/T0015/311196/b74521f/pwhm-226177/include/wld/Utils/wld_dmnMgt.h
2026-01-28 11:35:55,672 - Knowledge - INFO - Fast-tracked /app/data/T0015/311196/b74521f/pwhm-226177/test/testNeighborAp/test_neighborAp.c (ext=.c, size=14435)
2026-01-28 11:35:55,765 - Knowledge - INFO - Worker kw12 processing /app/data/T0015/311196/b74521f/pwhm-226177/include_priv/Plugin/wifiGen_mld.h
2026-01-28 11:35:55,842 - Knowledge - INFO - Worker kw13 processing /app/data/T0015/311196/b74521f/pwhm-226177/include/wld/Utils/wld_autoNeighAdd.h
2026-01-28 11:35:55,968 - Knowledge - INFO - Worker kw14 processing /app/data/T0015/311196/b74521f/pwhm-226177/include_priv/nl80211/wld_nl80211_core_priv.h
2026-01-28 11:35:56,047 - Knowledge - INFO - Fast-tracked /app/data/T0015/311196/b74521f/pwhm-226177/test/epMld/test_epMld.c (ext=.c, size=6687)
2026-01-28 11:35:56,124 - Knowledge - INFO - Worker kw16 processing /app/data/T0015/311196/b74521f/pwhm-226177/src/wld_accesspoint.c
2026-01-28 11:35:56,196 - Knowledge - INFO - Batch sizing: calculated=6, max_allowed=10, queue=213, active_workers=16/18
2026-01-28 11:35:56,286 - Knowledge - INFO - [kw18] Queue=207, InProgress=0, PendingWorkers=16/18, Completed=0/303 (0.0%)
2026-01-28 11:35:56,368 - Knowledge - INFO - Worker kw20 created using shared MongoDB connection pool
2026-01-28 11:35:56,368 - Knowledge - INFO - knowledge worker kw19 start
2026-01-28 11:35:56,776 - Knowledge - INFO - Worker kw11 processing /app/data/T0015/311196/b74521f/pwhm-226177/src/Plugin/wifiGen_radIfMgt.c
2026-01-28 11:35:56,918 - Knowledge - INFO - Worker kw12 processing /app/data/T0015/311196/b74521f/pwhm-226177/include/wld/wld_sensing.h
2026-01-28 11:35:57,010 - Knowledge - INFO - Worker kw13 processing /app/data/T0015/311196/b74521f/pwhm-226177/test/test_defines.mk
2026-01-28 11:35:57,084 - Knowledge - INFO - Worker kw14 processing /app/data/T0015/311196/b74521f/pwhm-226177/test/wld_daemon/test_wld_daemon.c
2026-01-28 11:35:57,155 - Knowledge - INFO - Worker kw15 processing /app/data/T0015/311196/b74521f/pwhm-226177/include/wld/wld_channel_types.h
2026-01-28 11:35:57,275 - Knowledge - INFO - Fast-tracked /app/data/T0015/311196/b74521f/pwhm-226177/src/wld_accesspoint.c (ext=.c, size=122908)
2026-01-28 11:35:57,368 - Knowledge - INFO - Worker kw17 processing /app/data/T0015/311196/b74521f/pwhm-226177/src/VendorModule/wld_vendorModule_mgr.c
2026-01-28 11:35:57,447 - Knowledge - INFO - Batch sizing: calculated=6, max_allowed=10, queue=207, active_workers=17/19
2026-01-28 11:35:57,534 - Knowledge - INFO - knowledge worker kw20 start
2026-01-28 11:35:57,611 - Knowledge - INFO - [kw19] Queue=201, InProgress=0, PendingWorkers=17/20, Completed=0/303 (0.0%)
2026-01-28 11:35:57,683 - Knowledge - INFO - Worker kw11 processing /app/data/T0015/311196/b74521f/pwhm-226177/src/ChannelManagement/wld_channel.c
2026-01-28 11:35:57,780 - Knowledge - INFO - Worker kw12 processing /app/data/T0015/311196/b74521f/pwhm-226177/src/wld_apMld.c
2026-01-28 11:35:57,874 - Knowledge - INFO - Fast-tracked /app/data/T0015/311196/b74521f/pwhm-226177/test/test_defines.mk (ext=.mk, size=1919)
2026-01-28 11:35:57,974 - Knowledge - INFO - Fast-tracked /app/data/T0015/311196/b74521f/pwhm-226177/test/wld_daemon/test_wld_daemon.c (ext=.c, size=9453)
2026-01-28 11:35:58,055 - Knowledge - INFO - Worker kw15 processing /app/data/T0015/311196/b74521f/pwhm-226177/include_priv/nl80211/wld_wpaCtrlInterface_priv.h
2026-01-28 11:35:58,140 - Knowledge - INFO - Worker kw16 processing /app/data/T0015/311196/b74521f/pwhm-226177/test/testStaStatsWiFi7/stationStats/stats_test3.txt
2026-01-28 11:35:58,223 - Knowledge - INFO - Worker kw17 processing /app/data/T0015/311196/b74521f/pwhm-226177/test/testHelper/wld_th_ep.h
2026-01-28 11:35:58,302 - Knowledge - INFO - Worker kw18 processing /app/data/T0015/311196/b74521f/pwhm-226177/test/wld_nl80211/test_wld_nl80211.c
2026-01-28 11:35:58,413 - Knowledge - INFO - [kw20] Queue=195, InProgress=0, PendingWorkers=18/20, Completed=0/303 (0.0%)
2026-01-28 11:35:58,506 - Knowledge - INFO - Batch sizing: calculated=6, max_allowed=10, queue=201, active_workers=18/20
2026-01-28 11:35:58,683 - Knowledge - INFO - Worker kw12 processing /app/data/T0015/311196/b74521f/pwhm-226177/src/wld_functionTable.c
2026-01-28 11:35:58,761 - Knowledge - INFO - Worker kw13 processing /app/data/T0015/311196/b74521f/pwhm-226177/include/wld/wld_hostapd_cfgManager.h
2026-01-28 11:35:58,839 - Knowledge - INFO - Worker kw14 processing /app/data/T0015/311196/b74521f/pwhm-226177/include/wld/wld_mld.h
2026-01-28 11:35:58,952 - Knowledge - INFO - Worker kw15 processing /app/data/T0015/311196/b74521f/pwhm-226177/test/testStaStats/assocNot/not_6.txt
2026-01-28 11:35:59,091 - Knowledge - INFO - Fast-tracked /app/data/T0015/311196/b74521f/pwhm-226177/test/testStaStatsWiFi7/stationStats/stats_test3.txt (ext=.txt, size=5153)
2026-01-28 11:35:59,174 - Knowledge - INFO - Fast-tracked /app/data/T0015/311196/b74521f/pwhm-226177/test/testHelper/wld_th_ep.h (ext=.h, size=3937)
2026-01-28 11:35:59,255 - Knowledge - INFO - Fast-tracked /app/data/T0015/311196/b74521f/pwhm-226177/test/wld_nl80211/test_wld_nl80211.c (ext=.c, size=60093)
2026-01-28 11:35:59,332 - Knowledge - INFO - Batch sizing: calculated=5, max_allowed=10, queue=195, active_workers=18/20
2026-01-28 11:35:59,447 - Knowledge - INFO - Worker kw19 processing /app/data/T0015/311196/b74521f/pwhm-226177/include_priv/Plugin/wifiGen_rad.h
2026-01-28 11:35:59,702 - Knowledge - INFO - Worker kw14 processing /app/data/T0015/311196/b74521f/pwhm-226177/test/testStaStats/deauthNot/notif_5.txt
2026-01-28 11:35:59,779 - Knowledge - INFO - Fast-tracked /app/data/T0015/311196/b74521f/pwhm-226177/test/testStaStats/assocNot/not_6.txt (ext=.txt, size=1157)
2026-01-28 11:35:59,859 - Knowledge - INFO - Worker kw16 processing /app/data/T0015/311196/b74521f/pwhm-226177/test/testBgDfs/test_BgDfs.c
2026-01-28 11:35:59,942 - Knowledge - INFO - Worker kw17 processing /app/data/T0015/311196/b74521f/pwhm-226177/test/testapMLD/test_apmld.c
2026-01-28 11:36:00,043 - Knowledge - INFO - Worker kw18 processing /app/data/T0015/311196/b74521f/pwhm-226177/include/wld/wld_wpaCtrl_events.h
2026-01-28 11:36:00,152 - Knowledge - INFO - Worker kw20 processing /app/data/T0015/311196/b74521f/pwhm-226177/test/testStaStats/deauthNot/notif_9.txt
2026-01-28 11:36:00,274 - Knowledge - INFO - Worker kw19 processing /app/data/T0015/311196/b74521f/pwhm-226177/src/Utils/wld_autoCommitMgr.c
2026-01-28 11:36:00,432 - Knowledge - INFO - Fast-tracked /app/data/T0015/311196/b74521f/pwhm-226177/test/testStaStats/deauthNot/notif_5.txt (ext=.txt, size=2052)
2026-01-28 11:36:00,588 - Knowledge - INFO - Worker kw15 processing /app/data/T0015/311196/b74521f/pwhm-226177/src/Utils/wld_daemon.c
2026-01-28 11:36:00,739 - Knowledge - INFO - Fast-tracked /app/data/T0015/311196/b74521f/pwhm-226177/test/testBgDfs/test_BgDfs.c (ext=.c, size=17903)
2026-01-28 11:36:00,846 - Knowledge - INFO - Fast-tracked /app/data/T0015/311196/b74521f/pwhm-226177/test/testapMLD/test_apmld.c (ext=.c, size=15060)
2026-01-28 11:36:00,977 - Knowledge - INFO - Worker kw18 processing /app/data/T0015/311196/b74521f/pwhm-226177/test/testEnableSync/test_enableSync.c
2026-01-28 11:36:01,067 - Knowledge - INFO - Fast-tracked /app/data/T0015/311196/b74521f/pwhm-226177/test/testStaStats/deauthNot/notif_9.txt (ext=.txt, size=1187)
2026-01-28 11:36:01,147 - Knowledge - INFO - Worker kw19 processing /app/data/T0015/311196/b74521f/pwhm-226177/test/testHelper/wld_th_dm.h
2026-01-28 11:36:01,228 - Knowledge - INFO - Worker kw14 processing /app/data/T0015/311196/b74521f/pwhm-226177/src/nl80211/wld_nl80211_api.c
2026-01-28 11:36:01,323 - Knowledge - INFO - Worker kw15 processing /app/data/T0015/311196/b74521f/pwhm-226177/src/wld_radioOperatingStandards.c
2026-01-28 11:36:01,408 - Knowledge - INFO - Worker kw16 processing /app/data/T0015/311196/b74521f/pwhm-226177/include/wld/wld_types.h
2026-01-28 11:36:01,491 - Knowledge - INFO - Worker kw17 processing /app/data/T0015/311196/b74521f/pwhm-226177/test/testStaStats/history1.txt
2026-01-28 11:36:01,575 - Knowledge - INFO - Fast-tracked /app/data/T0015/311196/b74521f/pwhm-226177/test/testEnableSync/test_enableSync.c (ext=.c, size=14085)
2026-01-28 11:36:01,681 - Knowledge - INFO - Worker kw20 processing /app/data/T0015/311196/b74521f/pwhm-226177/test/testHelper/wld_th_fsm.c
2026-01-28 11:36:01,793 - Knowledge - INFO - Fast-tracked /app/data/T0015/311196/b74521f/pwhm-226177/test/testHelper/wld_th_dm.h (ext=.h, size=4129)
2026-01-28 11:36:01,975 - Knowledge - INFO - [LLM_CALL] Completed: wld_rad_delayMgr.h:chunk1, Duration: 9932ms, PromptTokens: 2382, CompletionTokens: 377, Cost: $0.00039
2026-01-28 11:36:02,096 - Knowledge - INFO - Worker kw16 processing /app/data/T0015/311196/b74521f/pwhm-226177/test/testHelper/wld_th_types.h
2026-01-28 11:36:02,176 - Knowledge - INFO - Fast-tracked /app/data/T0015/311196/b74521f/pwhm-226177/test/testStaStats/history1.txt (ext=.txt, size=2995)
2026-01-28 11:36:02,263 - Knowledge - INFO - Worker kw18 processing /app/data/T0015/311196/b74521f/pwhm-226177/include/wld/wld_wpaCtrlMngr.h
2026-01-28 11:36:02,353 - Knowledge - INFO - Fast-tracked /app/data/T0015/311196/b74521f/pwhm-226177/test/testHelper/wld_th_fsm.c (ext=.c, size=7194)
2026-01-28 11:36:02,443 - Knowledge - INFO - Worker kw19 processing /app/data/T0015/311196/b74521f/pwhm-226177/include/wld/wld_extMod.h
2026-01-28 11:36:02,532 - Knowledge - INFO - done ingest for /app/data/T0015/311196/b74521f/pwhm-226177/include/wld/wld_rad_delayMgr.h
2026-01-28 11:36:02,618 - Knowledge - INFO - Fast-tracked /app/data/T0015/311196/b74521f/pwhm-226177/test/testHelper/wld_th_types.h (ext=.h, size=3085)
2026-01-28 11:36:02,709 - Knowledge - INFO - Worker kw17 processing /app/data/T0015/311196/b74521f/pwhm-226177/src/EpMgt/wld_tinyRoam_bus.c
2026-01-28 11:36:02,794 - Knowledge - INFO - Worker kw18 processing /app/data/T0015/311196/b74521f/pwhm-226177/test/testScanSsid/ScanResults-5g-5.txt
2026-01-28 11:36:02,885 - Knowledge - INFO - Worker kw20 processing /app/data/T0015/311196/b74521f/pwhm-226177/include/wld/wld_endpoint.h
2026-01-28 11:36:02,972 - Knowledge - INFO - Worker kw19 processing /app/data/T0015/311196/b74521f/pwhm-226177/include/wld/wld.h
2026-01-28 11:36:03,148 - Knowledge - INFO - Worker kw16 processing /app/data/T0015/311196/b74521f/pwhm-226177/test/testRadio11be/rad5_base.txt
2026-01-28 11:36:03,219 - Knowledge - INFO - [LLM_CALL] Completed: wld_epMld.c:chunk1, Duration: 13391ms, PromptTokens: 3318, CompletionTokens: 447, Cost: $0.00051
2026-01-28 11:36:03,239 - Knowledge - INFO - Worker kw17 processing /app/data/T0015/311196/b74521f/pwhm-226177/src/Utils/wld_monitor.c
2026-01-28 11:36:03,319 - Knowledge - INFO - Fast-tracked /app/data/T0015/311196/b74521f/pwhm-226177/test/testScanSsid/ScanResults-5g-5.txt (ext=.txt, size=10754)
2026-01-28 11:36:03,393 - Knowledge - INFO - Worker kw20 processing /app/data/T0015/311196/b74521f/pwhm-226177/src/nl80211/wld_secDmnGrp.c
2026-01-28 11:36:03,504 - Knowledge - INFO - Fast-tracked /app/data/T0015/311196/b74521f/pwhm-226177/include/wld/wld.h (ext=.h, size=129182)
2026-01-28 11:36:03,602 - Knowledge - INFO - Fast-tracked /app/data/T0015/311196/b74521f/pwhm-226177/test/testRadio11be/rad5_base.txt (ext=.txt, size=4033)
2026-01-28 11:36:03,670 - Knowledge - INFO - done ingest for /app/data/T0015/311196/b74521f/pwhm-226177/src/wld_epMld.c
2026-01-28 11:36:03,842 - Knowledge - INFO - Worker kw18 processing /app/data/T0015/311196/b74521f/pwhm-226177/test/wld_fsm/test_wld_fsm.c
2026-01-28 11:36:03,968 - Knowledge - INFO - Worker kw20 processing /app/data/T0015/311196/b74521f/pwhm-226177/include_priv/Plugin/wifiGen_vap.h
2026-01-28 11:36:04,040 - Knowledge - INFO - Worker kw19 processing /app/data/T0015/311196/b74521f/pwhm-226177/src/wld_assocdev.c
2026-01-28 11:36:04,238 - Knowledge - INFO - Processing batch of 6 files
2026-01-28 11:36:04,298 - Knowledge - INFO - Fast-tracked /app/data/T0015/311196/b74521f/pwhm-226177/test/wld_fsm/test_wld_fsm.c (ext=.c, size=10900)
2026-01-28 11:36:04,547 - Knowledge - INFO - process ingested knowledge for /app/data/T0015/311196/b74521f/pwhm-226177/test/testStaStats/deauthNot/notif_12.txt
2026-01-28 11:36:04,721 - Knowledge - INFO - process ingested knowledge for /app/data/T0015/311196/b74521f/pwhm-226177/src/wld_epMld.c
2026-01-28 11:36:04,894 - Knowledge - INFO - process ingested knowledge for /app/data/T0015/311196/b74521f/pwhm-226177/include/wld/wld_rad_delayMgr.h
2026-01-28 11:36:05,091 - Knowledge - INFO - process ingested knowledge for /app/data/T0015/311196/b74521f/pwhm-226177/test/testRadio11be/rad2_cap.txt
2026-01-28 11:36:05,246 - Knowledge - INFO - process ingested knowledge for /app/data/T0015/311196/b74521f/pwhm-226177/test/wld_hostapd/test_wld_hostapd.c
2026-01-28 11:36:05,405 - Knowledge - INFO - process ingested knowledge for /app/data/T0015/311196/b74521f/pwhm-226177/test/testStaStats/deauthNot/notif_3.txt
2026-01-28 11:36:06,205 - Knowledge - INFO - [WEBSOCKET] Sent: Type=progress_update, Size: 293, Duration: 0ms
2026-01-28 11:36:06,448 - Knowledge - INFO - [WEBSOCKET] Sent: Type=unknown, Size: ?, Duration: 242ms
2026-01-28 11:36:06,606 - Knowledge - INFO - Progress: 2.0% | Files: 6/303 | Rate: 0.01 files/sec | Queue: 184
2026-01-28 11:36:06,837 - Knowledge - INFO - [kw1] Queue=184, InProgress=0, PendingWorkers=20/20, Completed=6/303 (2.0%)
2026-01-28 11:36:07,066 - Knowledge - INFO - Batch sizing: calculated=5, max_allowed=10, queue=184, active_workers=20/20
2026-01-28 11:36:07,264 - Knowledge - INFO - Async storing batch of 6 embeddings
2026-01-28 11:36:07,435 - Knowledge - INFO - Worker kw1 processing /app/data/T0015/311196/b74521f/pwhm-226177/test/startStop/test_startStop.c
2026-01-28 11:36:07,611 - Knowledge - INFO - Fast-tracked /app/data/T0015/311196/b74521f/pwhm-226177/test/startStop/test_startStop.c (ext=.c, size=12025)
2026-01-28 11:36:07,807 - Knowledge - INFO - Worker kw1 processing /app/data/T0015/311196/b74521f/pwhm-226177/include/wld/wld_wpaCtrl_types.h
2026-01-28 11:36:07,999 - Knowledge - INFO - Worker kw1 processing /app/data/T0015/311196/b74521f/pwhm-226177/include_priv/VendorModule/wld_vendorModule_priv.h
2026-01-28 11:36:08,175 - Knowledge - INFO - Worker kw1 processing /app/data/T0015/311196/b74521f/pwhm-226177/test/wld_util/test_wld_util.c
2026-01-28 11:36:08,337 - Knowledge - INFO - Fast-tracked /app/data/T0015/311196/b74521f/pwhm-226177/test/wld_util/test_wld_util.c (ext=.c, size=24828)
2026-01-28 11:36:08,498 - Knowledge - INFO - Worker kw1 processing /app/data/T0015/311196/b74521f/pwhm-226177/makefile.inc
2026-01-28 11:36:08,690 - Knowledge - INFO - Fast-tracked /app/data/T0015/311196/b74521f/pwhm-226177/makefile.inc (ext=.inc, size=1732)
2026-01-28 11:36:09,794 - Knowledge - INFO - Split /app/data/T0015/311196/b74521f/pwhm-226177/src/wld_util.c (95050 bytes) into 3 chunks of ~32KB
2026-01-28 11:36:20,749 - Knowledge - INFO - [LLM_CALL] Completed: wld_epProfile.c:chunk1, Duration: 23069ms, PromptTokens: 6214, CompletionTokens: 977, Cost: $0.00101
2026-01-28 11:36:20,908 - Knowledge - INFO - done ingest for /app/data/T0015/311196/b74521f/pwhm-226177/src/EpMgt/wld_epProfile.c
2026-01-28 11:36:22,021 - Knowledge - INFO - [LLM_CALL] Completed: wld_wpaCtrlConnection.c:chunk1, Duration: 29737ms, PromptTokens: 11036, CompletionTokens: 781, Cost: $0.00142
2026-01-28 11:36:22,171 - Knowledge - INFO - done ingest for /app/data/T0015/311196/b74521f/pwhm-226177/src/nl80211/wld_wpaCtrlConnection.c
2026-01-28 11:36:24,408 - Knowledge - INFO - [LLM_CALL] Completed: wld_types.h:chunk1, Duration: 20286ms, PromptTokens: 5888, CompletionTokens: 304, Cost: $0.00071
2026-01-28 11:36:24,581 - Knowledge - INFO - done ingest for /app/data/T0015/311196/b74521f/pwhm-226177/include/wld/wld_types.h
2026-01-28 11:36:24,581 - Knowledge - INFO - [LLM_CALL] Completed: wld_hostapd_cfgManager.c:chunk1, Duration: 34635ms, PromptTokens: 11080, CompletionTokens: 1132, Cost: $0.00156
2026-01-28 11:36:24,848 - Knowledge - INFO - done ingest for /app/data/T0015/311196/b74521f/pwhm-226177/src/nl80211/wld_hostapd_cfgManager.c
2026-01-28 11:36:24,890 - Knowledge - INFO - Processing batch of 6 files
2026-01-28 11:36:25,118 - Knowledge - INFO - process ingested knowledge for /app/data/T0015/311196/b74521f/pwhm-226177/src/wld_accesspoint.c
2026-01-28 11:36:25,133 - Knowledge - INFO - Processing batch of 6 files
2026-01-28 11:36:25,273 - Knowledge - INFO - process ingested knowledge for /app/data/T0015/311196/b74521f/pwhm-226177/test/testStaStatsWiFi7/stationStats/stats_test3.txt
2026-01-28 11:36:25,371 - Knowledge - INFO - process ingested knowledge for /app/data/T0015/311196/b74521f/pwhm-226177/src/nl80211/wld_hostapd_cfgManager.c
2026-01-28 11:36:25,485 - Knowledge - INFO - process ingested knowledge for /app/data/T0015/311196/b74521f/pwhm-226177/test/testBgDfs/test_BgDfs.c
2026-01-28 11:36:25,576 - Knowledge - INFO - process ingested knowledge for /app/data/T0015/311196/b74521f/pwhm-226177/test/testWiFiObjReference/test_wifiObjReference.c
2026-01-28 11:36:25,654 - Knowledge - INFO - process ingested knowledge for /app/data/T0015/311196/b74521f/pwhm-226177/include/wld/wld_types.h
2026-01-28 11:36:25,738 - Knowledge - INFO - process ingested knowledge for /app/data/T0015/311196/b74521f/pwhm-226177/test/testStaStats/assocNot/not_4.txt
2026-01-28 11:36:25,814 - Knowledge - INFO - process ingested knowledge for /app/data/T0015/311196/b74521f/pwhm-226177/test/testHelper/wld_th_types.h
2026-01-28 11:36:25,897 - Knowledge - INFO - process ingested knowledge for /app/data/T0015/311196/b74521f/pwhm-226177/src/nl80211/wld_wpaCtrlConnection.c
2026-01-28 11:36:25,996 - Knowledge - INFO - process ingested knowledge for /app/data/T0015/311196/b74521f/pwhm-226177/test/testRadio11be/rad5_base.txt
2026-01-28 11:36:26,087 - Knowledge - INFO - process ingested knowledge for /app/data/T0015/311196/b74521f/pwhm-226177/test/testStaStats/data3.txt
2026-01-28 11:36:26,290 - Knowledge - INFO - process ingested knowledge for /app/data/T0015/311196/b74521f/pwhm-226177/src/EpMgt/wld_epProfile.c
2026-01-28 11:36:27,030 - Knowledge - INFO - [WEBSOCKET] Sent: Type=progress_update, Size: 293, Duration: 0ms
2026-01-28 11:36:27,225 - Knowledge - INFO - [WEBSOCKET] Sent: Type=unknown, Size: ?, Duration: 196ms
2026-01-28 11:36:27,389 - Knowledge - INFO - Progress: 5.9% | Files: 18/303 | Rate: 0.02 files/sec | Queue: 179
2026-01-28 11:36:27,389 - Knowledge - INFO - [kw2] Queue=179, InProgress=0, PendingWorkers=20/20, Completed=18/303 (5.9%)
2026-01-28 11:36:27,570 - Knowledge - INFO - [kw16] Queue=179, InProgress=0, PendingWorkers=20/20, Completed=18/303 (5.9%)
2026-01-28 11:36:27,645 - Knowledge - INFO - Batch sizing: calculated=5, max_allowed=10, queue=179, active_workers=20/20
2026-01-28 11:36:27,763 - Knowledge - INFO - Batch sizing: calculated=5, max_allowed=10, queue=179, active_workers=20/20
2026-01-28 11:36:27,845 - Knowledge - INFO - Async storing batch of 6 embeddings
2026-01-28 11:36:27,933 - Knowledge - INFO - Async storing batch of 6 embeddings
2026-01-28 11:36:28,022 - Knowledge - INFO - Worker kw2 processing /app/data/T0015/311196/b74521f/pwhm-226177/include_priv/nl80211/wld_nl80211_parser.h
2026-01-28 11:36:28,107 - Knowledge - INFO - Worker kw16 processing /app/data/T0015/311196/b74521f/pwhm-226177/include/wld/wld_nl80211_compat.h
2026-01-28 11:36:28,226 - Knowledge - INFO - Worker kw2 processing /app/data/T0015/311196/b74521f/pwhm-226177/src/Plugin/wifiGen_wpaSupp.c
2026-01-28 11:36:28,306 - Knowledge - INFO - Worker kw16 processing /app/data/T0015/311196/b74521f/pwhm-226177/include_priv/nl80211/wld_nl80211_scan_priv.h
2026-01-28 11:36:28,420 - Knowledge - INFO - Worker kw2 processing /app/data/T0015/311196/b74521f/pwhm-226177/test/testStaStats/stationStats/stats_data3.txt
2026-01-28 11:36:28,508 - Knowledge - INFO - Worker kw16 processing /app/data/T0015/311196/b74521f/pwhm-226177/include/wld/wld_vendorModule_mgr.h
2026-01-28 11:36:28,612 - Knowledge - INFO - Fast-tracked /app/data/T0015/311196/b74521f/pwhm-226177/test/testStaStats/stationStats/stats_data3.txt (ext=.txt, size=6262)
2026-01-28 11:36:28,691 - Knowledge - INFO - Worker kw16 processing /app/data/T0015/311196/b74521f/pwhm-226177/include/wld/wld_common.h
2026-01-28 11:36:28,812 - Knowledge - INFO - Worker kw2 processing /app/data/T0015/311196/b74521f/pwhm-226177/test/testRadio11be/test_radio11be.c
2026-01-28 11:36:28,898 - Knowledge - INFO - Worker kw16 processing /app/data/T0015/311196/b74521f/pwhm-226177/test/testStaStats/probeUpdate.txt
2026-01-28 11:36:28,989 - Knowledge - INFO - Fast-tracked /app/data/T0015/311196/b74521f/pwhm-226177/test/testRadio11be/test_radio11be.c (ext=.c, size=19404)
2026-01-28 11:36:29,106 - Knowledge - INFO - Fast-tracked /app/data/T0015/311196/b74521f/pwhm-226177/test/testStaStats/probeUpdate.txt (ext=.txt, size=686)
2026-01-28 11:36:29,182 - Knowledge - INFO - Worker kw2 processing /app/data/T0015/311196/b74521f/pwhm-226177/test/testStaStats/deauthNot/notif_1.txt
2026-01-28 11:36:29,418 - Knowledge - INFO - Fast-tracked /app/data/T0015/311196/b74521f/pwhm-226177/test/testStaStats/deauthNot/notif_1.txt (ext=.txt, size=2445)
2026-01-28 11:36:35,286 - Knowledge - INFO - [LLM_CALL] Completed: wld_autoCommitRadData.h:chunk1, Duration: 21376ms, PromptTokens: 2144, CompletionTokens: 163, Cost: $0.00028
2026-01-28 11:36:35,286 - Knowledge - INFO - Split /app/data/T0015/311196/b74521f/pwhm-226177/src/Plugin/wifiGen_fsm.c (89596 bytes) into 3 chunks of ~32KB
2026-01-28 11:36:35,479 - Knowledge - INFO - done ingest for /app/data/T0015/311196/b74521f/pwhm-226177/include/wld/Utils/wld_autoCommitRadData.h
2026-01-28 11:36:41,793 - Knowledge - INFO - Async storage completed for 6 embeddings
2026-01-28 11:36:45,448 - Knowledge - INFO - [LLM_CALL] Completed: wld_rad_evtHandler.h:chunk1, Duration: 54279ms, PromptTokens: 3202, CompletionTokens: 314, Cost: $0.00045
2026-01-28 11:36:45,868 - Knowledge - INFO - done ingest for /app/data/T0015/311196/b74521f/pwhm-226177/include/wld/wld_rad_evtHandler.h
2026-01-28 11:36:45,915 - Knowledge - INFO - [LLM_CALL] Completed: wifiGen.h:chunk1, Duration: 52422ms, PromptTokens: 2148, CompletionTokens: 277, Cost: $0.00033
2026-01-28 11:36:46,378 - Knowledge - INFO - done ingest for /app/data/T0015/311196/b74521f/pwhm-226177/include_priv/Plugin/wifiGen.h
2026-01-28 11:36:46,408 - Knowledge - INFO - [LLM_CALL] Completed: wld_wpaCtrlGSock_priv.h:chunk1, Duration: 30001ms, PromptTokens: 2288, CompletionTokens: 188, Cost: $0.00030
2026-01-28 11:36:46,767 - Knowledge - INFO - done ingest for /app/data/T0015/311196/b74521f/pwhm-226177/include_priv/nl80211/wld_wpaCtrlGSock_priv.h
2026-01-28 11:36:51,223 - Knowledge - INFO - [LLM_CALL] Completed: wld_wpaCtrl_types.h:chunk1, Duration: 42325ms, PromptTokens: 2132, CompletionTokens: 158, Cost: $0.00028
2026-01-28 11:36:51,475 - Knowledge - INFO - done ingest for /app/data/T0015/311196/b74521f/pwhm-226177/include/wld/wld_wpaCtrl_types.h
2026-01-28 11:36:52,495 - Knowledge - INFO - [LLM_CALL] Completed: wld_rad_fsm.c:chunk1, Duration: 57192ms, PromptTokens: 17640, CompletionTokens: 1362, Cost: $0.00231
2026-01-28 11:36:52,679 - Knowledge - INFO - done ingest for /app/data/T0015/311196/b74521f/pwhm-226177/src/RadMgt/wld_rad_fsm.c
2026-01-28 11:36:53,430 - Knowledge - INFO - [LLM_CALL] Completed: wld_epMgmt.c:chunk1, Duration: 49148ms, PromptTokens: 2796, CompletionTokens: 260, Cost: $0.00038
2026-01-28 11:36:53,796 - Knowledge - INFO - done ingest for /app/data/T0015/311196/b74521f/pwhm-226177/src/EpMgt/wld_epMgmt.c
2026-01-28 11:36:53,809 - Knowledge - INFO - [LLM_CALL] Completed: wld_vendorModule_priv.h:chunk1, Duration: 27238ms, PromptTokens: 2294, CompletionTokens: 318, Cost: $0.00036
2026-01-28 11:36:54,159 - Knowledge - INFO - done ingest for /app/data/T0015/311196/b74521f/pwhm-226177/include_priv/VendorModule/wld_vendorModule_priv.h
2026-01-28 11:36:55,082 - Knowledge - INFO - Processing batch of 5 files
2026-01-28 11:36:55,395 - Knowledge - INFO - process ingested knowledge for /app/data/T0015/311196/b74521f/pwhm-226177/test/startStop/test_startStop.c
2026-01-28 11:36:55,601 - Knowledge - INFO - process ingested knowledge for /app/data/T0015/311196/b74521f/pwhm-226177/include/wld/wld_wpaCtrl_types.h
2026-01-28 11:36:55,823 - Knowledge - INFO - process ingested knowledge for /app/data/T0015/311196/b74521f/pwhm-226177/include_priv/VendorModule/wld_vendorModule_priv.h
2026-01-28 11:36:56,125 - Knowledge - INFO - process ingested knowledge for /app/data/T0015/311196/b74521f/pwhm-226177/test/wld_util/test_wld_util.c
2026-01-28 11:36:56,432 - Knowledge - INFO - process ingested knowledge for /app/data/T0015/311196/b74521f/pwhm-226177/makefile.inc
2026-01-28 11:36:59,033 - Knowledge - INFO - [LLM_CALL] Completed: wld_wpaCtrlMngr.h:chunk1, Duration: 33576ms, PromptTokens: 4876, CompletionTokens: 665, Cost: $0.00075
2026-01-28 11:36:59,276 - Knowledge - INFO - done ingest for /app/data/T0015/311196/b74521f/pwhm-226177/include/wld/wld_wpaCtrlMngr.h
2026-01-28 11:36:59,487 - Knowledge - INFO - Split /app/data/T0015/311196/b74521f/pwhm-226177/src/wld_assocdev.c (98540 bytes) into 4 chunks of ~32KB
2026-01-28 11:36:59,533 - Knowledge - INFO - [kw1] Queue=169, InProgress=0, PendingWorkers=20/20, Completed=23/303 (7.6%)
2026-01-28 11:36:59,864 - Knowledge - INFO - Batch sizing: calculated=5, max_allowed=10, queue=169, active_workers=20/20
2026-01-28 11:37:00,087 - Knowledge - INFO - Async storing batch of 5 embeddings
2026-01-28 11:37:00,327 - Knowledge - INFO - Worker kw1 processing /app/data/T0015/311196/b74521f/pwhm-226177/src/Utils/wld_linuxIfUtils.c
2026-01-28 11:37:01,177 - Knowledge - INFO - Worker kw1 processing /app/data/T0015/311196/b74521f/pwhm-226177/test/test_targets.mk
2026-01-28 11:37:01,541 - Knowledge - INFO - Fast-tracked /app/data/T0015/311196/b74521f/pwhm-226177/test/test_targets.mk (ext=.mk, size=1220)
2026-01-28 11:37:01,895 - Knowledge - INFO - Worker kw1 processing /app/data/T0015/311196/b74521f/pwhm-226177/src/ApMgt/wld_ap_security.c
2026-01-28 11:37:02,225 - Knowledge - INFO - Worker kw1 processing /app/data/T0015/311196/b74521f/pwhm-226177/include/wld/wld_statsmon.h
2026-01-28 11:37:02,545 - Knowledge - INFO - Worker kw1 processing /app/data/T0015/311196/b74521f/pwhm-226177/test/testScanSsid/test_scanSsid.c
2026-01-28 11:37:02,583 - Knowledge - INFO - [LLM_CALL] Completed: wld_wps.c:chunk1, Duration: 62686ms, PromptTokens: 21806, CompletionTokens: 1266, Cost: $0.00269
2026-01-28 11:37:02,839 - Knowledge - INFO - Fast-tracked /app/data/T0015/311196/b74521f/pwhm-226177/test/testScanSsid/test_scanSsid.c (ext=.c, size=20408)
2026-01-28 11:37:03,021 - Knowledge - INFO - done ingest for /app/data/T0015/311196/b74521f/pwhm-226177/src/wld_wps.c
2026-01-28 11:37:04,960 - Knowledge - INFO - [LLM_CALL] Completed: wifiGen_ep.h:chunk1, Duration: 45299ms, PromptTokens: 3010, CompletionTokens: 1021, Cost: $0.00071
2026-01-28 11:37:05,251 - Knowledge - INFO - done ingest for /app/data/T0015/311196/b74521f/pwhm-226177/include_priv/Plugin/wifiGen_ep.h
2026-01-28 11:37:05,866 - Knowledge - INFO - [LLM_CALL] Completed: wld_ssid.h:chunk1, Duration: 61806ms, PromptTokens: 3834, CompletionTokens: 1608, Cost: $0.00103
2026-01-28 11:37:06,227 - Knowledge - INFO - done ingest for /app/data/T0015/311196/b74521f/pwhm-226177/include/wld/wld_ssid.h
2026-01-28 11:37:06,593 - Knowledge - INFO - [LLM_CALL] Completed: wld_config.c:chunk1, Duration: 71270ms, PromptTokens: 3154, CompletionTokens: 473, Cost: $0.00050
2026-01-28 11:37:06,910 - Knowledge - INFO - done ingest for /app/data/T0015/311196/b74521f/pwhm-226177/src/Utils/wld_config.c
2026-01-28 11:37:08,394 - Knowledge - INFO - Processing batch of 6 files
2026-01-28 11:37:08,440 - Knowledge - INFO - Processing batch of 6 files
2026-01-28 11:37:08,583 - Knowledge - INFO - process ingested knowledge for /app/data/T0015/311196/b74521f/pwhm-226177/src/Utils/wld_config.c
2026-01-28 11:37:08,862 - Knowledge - INFO - process ingested knowledge for /app/data/T0015/311196/b74521f/pwhm-226177/include/wld/wld_rad_evtHandler.h
2026-01-28 11:37:09,065 - Knowledge - INFO - process ingested knowledge for /app/data/T0015/311196/b74521f/pwhm-226177/src/EpMgt/wld_epMgmt.c
2026-01-28 11:37:09,350 - Knowledge - INFO - process ingested knowledge for /app/data/T0015/311196/b74521f/pwhm-226177/test/wld_staticPuncturing/test_wld_staticPuncturing.c
2026-01-28 11:37:09,526 - Knowledge - INFO - [LLM_CALL] Completed: wld_wpaSupp_cfgFile.h:chunk1, Duration: 52192ms, PromptTokens: 2290, CompletionTokens: 176, Cost: $0.00030
2026-01-28 11:37:09,638 - Knowledge - INFO - process ingested knowledge for /app/data/T0015/311196/b74521f/pwhm-226177/test/testStaStats/deauthNot/notif_7.txt
2026-01-28 11:37:09,719 - Knowledge - INFO - process ingested knowledge for /app/data/T0015/311196/b74521f/pwhm-226177/src/RadMgt/wld_rad_fsm.c
2026-01-28 11:37:09,942 - Knowledge - INFO - done ingest for /app/data/T0015/311196/b74521f/pwhm-226177/include/wld/wld_wpaSupp_cfgFile.h
2026-01-28 11:37:10,101 - Knowledge - INFO - process ingested knowledge for /app/data/T0015/311196/b74521f/pwhm-226177/test/wld_chanMgt/test_wld_rad_chanMgt.c
2026-01-28 11:37:10,149 - Knowledge - INFO - process ingested knowledge for /app/data/T0015/311196/b74521f/pwhm-226177/test/testMacFiltering/test_macFiltering.c
2026-01-28 11:37:10,445 - Knowledge - INFO - [LLM_CALL] Completed: wld_wpaSupp_ep_api.c:chunk1, Duration: 80401ms, PromptTokens: 14092, CompletionTokens: 2280, Cost: $0.00232
2026-01-28 11:37:10,530 - Knowledge - INFO - process ingested knowledge for /app/data/T0015/311196/b74521f/pwhm-226177/include_priv/Plugin/wifiGen_ep.h
2026-01-28 11:37:10,680 - Knowledge - INFO - process ingested knowledge for /app/data/T0015/311196/b74521f/pwhm-226177/include/wld/wld_ssid.h
2026-01-28 11:37:10,927 - Knowledge - INFO - done ingest for /app/data/T0015/311196/b74521f/pwhm-226177/src/nl80211/wld_wpaSupp_ep_api.c
2026-01-28 11:37:10,956 - Knowledge - INFO - process ingested knowledge for /app/data/T0015/311196/b74521f/pwhm-226177/test/testRadioStatus/test_radioStatus.c
2026-01-28 11:37:11,057 - Knowledge - INFO - process ingested knowledge for /app/data/T0015/311196/b74521f/pwhm-226177/include_priv/nl80211/wld_wpaCtrlGSock_priv.h
2026-01-28 11:37:11,745 - Knowledge - INFO - Async storage completed for 6 embeddings
2026-01-28 11:37:13,262 - Knowledge - INFO - [LLM_CALL] Completed: wld_channel_lib.h:chunk1, Duration: 74552ms, PromptTokens: 2070, CompletionTokens: 165, Cost: $0.00027
2026-01-28 11:37:13,557 - Knowledge - INFO - done ingest for /app/data/T0015/311196/b74521f/pwhm-226177/include/wld/wld_channel_lib.h
2026-01-28 11:37:14,579 - Knowledge - INFO - [LLM_CALL] Completed: wld_wpaCtrl_events.h:chunk1, Duration: 69934ms, PromptTokens: 10834, CompletionTokens: 1316, Cost: $0.00161
2026-01-28 11:37:15,455 - Knowledge - INFO - done ingest for /app/data/T0015/311196/b74521f/pwhm-226177/include/wld/wld_wpaCtrl_events.h
2026-01-28 11:37:15,605 - Knowledge - INFO - Processing batch of 6 files
2026-01-28 11:37:15,864 - Knowledge - INFO - process ingested knowledge for /app/data/T0015/311196/b74521f/pwhm-226177/src/nl80211/wld_wpaSupp_ep_api.c
2026-01-28 11:37:16,631 - Knowledge - INFO - process ingested knowledge for /app/data/T0015/311196/b74521f/pwhm-226177/include_priv/Plugin/wifiGen.h
2026-01-28 11:37:16,666 - Knowledge - INFO - [WEBSOCKET] Sent: Type=progress_update, Size: 293, Duration: 0ms
2026-01-28 11:37:16,925 - Knowledge - INFO - process ingested knowledge for /app/data/T0015/311196/b74521f/pwhm-226177/test/testStaStatsWiFi7/test_staStatsWiFi7.c
2026-01-28 11:37:17,224 - Knowledge - INFO - [WEBSOCKET] Sent: Type=unknown, Size: ?, Duration: 558ms
2026-01-28 11:37:17,414 - Knowledge - INFO - process ingested knowledge for /app/data/T0015/311196/b74521f/pwhm-226177/src/wld_wps.c
2026-01-28 11:37:17,575 - Knowledge - INFO - Progress: 13.9% | Files: 43/303 | Rate: 0.05 files/sec | Queue: 164
2026-01-28 11:37:17,583 - Knowledge - INFO - [kw4] Queue=164, InProgress=0, PendingWorkers=20/20, Completed=43/303 (14.2%)
2026-01-28 11:37:18,035 - Knowledge - INFO - process ingested knowledge for /app/data/T0015/311196/b74521f/pwhm-226177/test/testStaStats/history3.txt
2026-01-28 11:37:18,068 - Knowledge - INFO - [LLM_CALL] Completed: wld_tinyRoam_bus.c:chunk1, Duration: 60360ms, PromptTokens: 3282, CompletionTokens: 365, Cost: $0.00047
2026-01-28 11:37:18,265 - Knowledge - INFO - [kw7] Queue=164, InProgress=0, PendingWorkers=20/20, Completed=45/303 (14.9%)
2026-01-28 11:37:18,403 - Knowledge - INFO - Batch sizing: calculated=5, max_allowed=10, queue=164, active_workers=20/20
2026-01-28 11:37:18,512 - Knowledge - INFO - process ingested knowledge for /app/data/T0015/311196/b74521f/pwhm-226177/include/wld/Utils/wld_autoCommitRadData.h
2026-01-28 11:37:18,703 - Knowledge - INFO - done ingest for /app/data/T0015/311196/b74521f/pwhm-226177/src/EpMgt/wld_tinyRoam_bus.c
2026-01-28 11:37:18,888 - Knowledge - INFO - Batch sizing: calculated=5, max_allowed=10, queue=164, active_workers=20/20
2026-01-28 11:37:19,038 - Knowledge - INFO - Async storing batch of 6 embeddings
2026-01-28 11:37:19,081 - Knowledge - INFO - Processing batch of 6 files
2026-01-28 11:37:19,610 - Knowledge - INFO - Worker kw4 processing /app/data/T0015/311196/b74521f/pwhm-226177/test/testStaStats/assocNot/not_2.txt
2026-01-28 11:37:19,646 - Knowledge - INFO - Async storing batch of 6 embeddings
2026-01-28 11:37:19,797 - Knowledge - INFO - process ingested knowledge for /app/data/T0015/311196/b74521f/pwhm-226177/test/wld_nl80211/test_wld_nl80211.c
2026-01-28 11:37:20,019 - Knowledge - INFO - Fast-tracked /app/data/T0015/311196/b74521f/pwhm-226177/test/testStaStats/assocNot/not_2.txt (ext=.txt, size=501)
2026-01-28 11:37:20,310 - Knowledge - INFO - Worker kw7 processing /app/data/T0015/311196/b74521f/pwhm-226177/include/wld/wld_ap_rssiMonitor.h
2026-01-28 11:37:20,533 - Knowledge - INFO - process ingested knowledge for /app/data/T0015/311196/b74521f/pwhm-226177/include/wld/wld_wpaCtrl_events.h
2026-01-28 11:37:20,922 - Knowledge - INFO - Worker kw4 processing /app/data/T0015/311196/b74521f/pwhm-226177/include/wld/wld_channel.h
2026-01-28 11:37:21,415 - Knowledge - INFO - Worker kw7 processing /app/data/T0015/311196/b74521f/pwhm-226177/test/testStaStats/staUpdate.txt
2026-01-28 11:37:21,751 - Knowledge - INFO - Worker kw4 processing /app/data/T0015/311196/b74521f/pwhm-226177/test/testFullScan/test_fullScan.c
2026-01-28 11:37:22,138 - Knowledge - INFO - process ingested knowledge for /app/data/T0015/311196/b74521f/pwhm-226177/test/testEnableSync/test_enableSync.c
2026-01-28 11:37:22,224 - Knowledge - INFO - Fast-tracked /app/data/T0015/311196/b74521f/pwhm-226177/test/testStaStats/staUpdate.txt (ext=.txt, size=398)
2026-01-28 11:37:22,514 - Knowledge - INFO - process ingested knowledge for /app/data/T0015/311196/b74521f/pwhm-226177/include/wld/wld_wpaCtrlMngr.h
2026-01-28 11:37:22,591 - Knowledge - INFO - Fast-tracked /app/data/T0015/311196/b74521f/pwhm-226177/test/testFullScan/test_fullScan.c (ext=.c, size=27147)
2026-01-28 11:37:22,875 - Knowledge - WARNING - Timeout processing /app/data/T0015/311196/b74521f/pwhm-226177/include_priv/Plugin/wld_plugin.h after 90s - using fallback metadata
2026-01-28 11:37:22,947 - Knowledge - INFO - Worker kw7 processing /app/data/T0015/311196/b74521f/pwhm-226177/scripts/Plugin/wld_gen.sh
2026-01-28 11:37:23,251 - Knowledge - INFO - process ingested knowledge for /app/data/T0015/311196/b74521f/pwhm-226177/test/testScanSsid/ScanResults-5g-5.txt
2026-01-28 11:37:23,253 - Knowledge - INFO - Worker kw4 processing /app/data/T0015/311196/b74521f/pwhm-226177/test/testStaStats/data1.txt
2026-01-28 11:37:23,788 - Knowledge - INFO - Worker kw7 processing /app/data/T0015/311196/b74521f/pwhm-226177/include_priv/nl80211/wld_nl80211_events_priv.h
2026-01-28 11:37:24,083 - Knowledge - INFO - process ingested knowledge for /app/data/T0015/311196/b74521f/pwhm-226177/test/wld_fsm/test_wld_fsm.c
2026-01-28 11:37:24,088 - Knowledge - INFO - Fast-tracked /app/data/T0015/311196/b74521f/pwhm-226177/test/testStaStats/data1.txt (ext=.txt, size=3366)
2026-01-28 11:37:24,239 - Knowledge - INFO - Worker kw7 processing /app/data/T0015/311196/b74521f/pwhm-226177/test/testStaStats/deauthNot/notif_10.txt
2026-01-28 11:37:24,682 - Knowledge - INFO - Worker kw4 processing /app/data/T0015/311196/b74521f/pwhm-226177/include/wld/wld_linuxWExtUtils.h
2026-01-28 11:37:24,830 - Knowledge - INFO - Fast-tracked /app/data/T0015/311196/b74521f/pwhm-226177/test/testStaStats/deauthNot/notif_10.txt (ext=.txt, size=503)
2026-01-28 11:37:25,802 - Knowledge - INFO - [kw3] Queue=154, InProgress=0, PendingWorkers=20/20, Completed=47/303 (15.5%)
2026-01-28 11:37:26,095 - Knowledge - INFO - Batch sizing: calculated=5, max_allowed=10, queue=154, active_workers=20/20
2026-01-28 11:37:26,665 - Knowledge - INFO - Async storing batch of 6 embeddings
2026-01-28 11:37:26,938 - Knowledge - INFO - Worker kw3 processing /app/data/T0015/311196/b74521f/pwhm-226177/src/Utils/wld_eventing.c
2026-01-28 11:37:27,721 - Knowledge - INFO - Worker kw3 processing /app/data/T0015/311196/b74521f/pwhm-226177/include_priv/nl80211/wld_wpaSupp_cfgManager_priv.h
2026-01-28 11:37:28,039 - Knowledge - INFO - Worker kw3 processing /app/data/T0015/311196/b74521f/pwhm-226177/include/wld/wld_radioOperatingStandards.h
2026-01-28 11:37:28,482 - Knowledge - INFO - Worker kw3 processing /app/data/T0015/311196/b74521f/pwhm-226177/include_priv/nl80211/wld_hostapd_cfgManager_priv.h
2026-01-28 11:37:28,794 - Knowledge - INFO - Worker kw3 processing /app/data/T0015/311196/b74521f/pwhm-226177/include/wld/wld_accesspoint.h
2026-01-28 11:37:28,840 - Knowledge - INFO - Async storage completed for 6 embeddings
2026-01-28 11:37:30,767 - Knowledge - INFO - [LLM_CALL] Completed: wifiGen_events.h:chunk1, Duration: 56383ms, PromptTokens: 2278, CompletionTokens: 601, Cost: $0.00047
2026-01-28 11:37:31,180 - Knowledge - INFO - done ingest for /app/data/T0015/311196/b74521f/pwhm-226177/include_priv/Plugin/wifiGen_events.h
2026-01-28 11:37:31,539 - Knowledge - INFO - [kw18] Queue=149, InProgress=0, PendingWorkers=20/20, Completed=47/303 (15.5%)
2026-01-28 11:37:31,844 - Knowledge - INFO - Batch sizing: calculated=5, max_allowed=10, queue=149, active_workers=20/20
2026-01-28 11:37:32,154 - Knowledge - INFO - Async storing batch of 6 embeddings
2026-01-28 11:37:32,284 - Knowledge - INFO - [LLM_CALL] Completed: wld_tinyRoam.h:chunk1, Duration: 94713ms, PromptTokens: 2700, CompletionTokens: 540, Cost: $0.00049
2026-01-28 11:37:32,708 - Knowledge - INFO - Worker kw18 processing /app/data/T0015/311196/b74521f/pwhm-226177/test/testHelper/wld_th_dm.c
2026-01-28 11:37:32,795 - Knowledge - INFO - done ingest for /app/data/T0015/311196/b74521f/pwhm-226177/include/wld/wld_tinyRoam.h
2026-01-28 11:37:33,333 - Knowledge - INFO - Fast-tracked /app/data/T0015/311196/b74521f/pwhm-226177/test/testHelper/wld_th_dm.c (ext=.c, size=7706)
2026-01-28 11:37:33,747 - Knowledge - INFO - Worker kw18 processing /app/data/T0015/311196/b74521f/pwhm-226177/include_priv/nl80211/wld_wpaCtrlConnection_priv.h
2026-01-28 11:37:34,267 - Knowledge - INFO - Worker kw18 processing /app/data/T0015/311196/b74521f/pwhm-226177/include/wld/wld_rad_nl80211.h
2026-01-28 11:37:34,952 - Knowledge - INFO - Worker kw18 processing /app/data/T0015/311196/b74521f/pwhm-226177/src/Plugin/wifiGen_eventHandlers.c
2026-01-28 11:37:35,230 - Knowledge - INFO - Fast-tracked /app/data/T0015/311196/b74521f/pwhm-226177/scripts/Plugin/wld_gen.sh (small file (2338 bytes))
2026-01-28 11:37:35,424 - Knowledge - INFO - Worker kw18 processing /app/data/T0015/311196/b74521f/pwhm-226177/src/nl80211/wld_nl80211_core.c
2026-01-28 11:37:36,251 - Knowledge - INFO - [LLM_CALL] Completed: wld_wpaCtrlInterface_priv.h:chunk1, Duration: 82225ms, PromptTokens: 2622, CompletionTokens: 308, Cost: $0.00039
2026-01-28 11:37:37,107 - Knowledge - INFO - done ingest for /app/data/T0015/311196/b74521f/pwhm-226177/include_priv/nl80211/wld_wpaCtrlInterface_priv.h
2026-01-28 11:37:43,358 - Knowledge - INFO - Async storage completed for 5 embeddings
2026-01-28 11:37:45,283 - Knowledge - INFO - Async storage completed for 6 embeddings
2026-01-28 11:37:46,319 - Knowledge - INFO - [LLM_CALL] Completed: wld_monitor.c:chunk1, Duration: 69709ms, PromptTokens: 5110, CompletionTokens: 1036, Cost: $0.00093
2026-01-28 11:37:46,902 - Knowledge - INFO - done ingest for /app/data/T0015/311196/b74521f/pwhm-226177/src/Utils/wld_monitor.c
2026-01-28 11:37:50,275 - Knowledge - INFO - Async storage completed for 6 embeddings
2026-01-28 11:37:50,557 - Knowledge - INFO - [LLM_CALL] Completed: wld_nl80211_parser.h:chunk1, Duration: 80964ms, PromptTokens: 4556, CompletionTokens: 541, Cost: $0.00067
2026-01-28 11:37:51,146 - Knowledge - INFO - done ingest for /app/data/T0015/311196/b74521f/pwhm-226177/include_priv/nl80211/wld_nl80211_parser.h
2026-01-28 11:37:51,540 - Knowledge - INFO - [LLM_CALL] Completed: wld_nl80211_core_priv.h:chunk1, Duration: 109619ms, PromptTokens: 2992, CompletionTokens: 363, Cost: $0.00044
2026-01-28 11:37:52,241 - Knowledge - INFO - done ingest for /app/data/T0015/311196/b74521f/pwhm-226177/include_priv/nl80211/wld_nl80211_core_priv.h
2026-01-28 11:37:54,830 - Knowledge - INFO - Split /app/data/T0015/311196/b74521f/pwhm-226177/src/Plugin/wifiGen_eventHandlers.c (74561 bytes) into 3 chunks of ~32KB
2026-01-28 11:37:55,624 - Knowledge - INFO - [LLM_CALL] Completed: wifiGen_mld.h:chunk1, Duration: 116091ms, PromptTokens: 2224, CompletionTokens: 309, Cost: $0.00035
2026-01-28 11:37:56,109 - Knowledge - INFO - done ingest for /app/data/T0015/311196/b74521f/pwhm-226177/include_priv/Plugin/wifiGen_mld.h
2026-01-28 11:38:01,574 - Knowledge - INFO - [LLM_CALL] Completed: wld_functionTable.c:chunk1, Duration: 71539ms, PromptTokens: 20126, CompletionTokens: 311, Cost: $0.00214
2026-01-28 11:38:01,654 - Knowledge - WARNING - Timeout processing /app/data/T0015/311196/b74521f/pwhm-226177/src/RadMgt/wld_rad_stamon.c after 90s - using fallback metadata
2026-01-28 11:38:01,954 - Knowledge - INFO - done ingest for /app/data/T0015/311196/b74521f/pwhm-226177/src/wld_functionTable.c
2026-01-28 11:38:03,335 - Knowledge - INFO - [LLM_CALL] Completed: wld_bStaMld.h:chunk1, Duration: 115765ms, PromptTokens: 2208, CompletionTokens: 278, Cost: $0.00033
2026-01-28 11:38:03,742 - Knowledge - INFO - done ingest for /app/data/T0015/311196/b74521f/pwhm-226177/include/wld/wld_bStaMld.h
2026-01-28 11:38:04,230 - Knowledge - INFO - Processing batch of 6 files
2026-01-28 11:38:04,713 - Knowledge - INFO - process ingested knowledge for /app/data/T0015/311196/b74521f/pwhm-226177/test/testRadio11be/rad6_cap.txt
2026-01-28 11:38:04,990 - Knowledge - INFO - [LLM_CALL] Completed: wld_channel_types.h:chunk1, Duration: 122454ms, PromptTokens: 2940, CompletionTokens: 319, Cost: $0.00042
2026-01-28 11:38:05,135 - Knowledge - INFO - process ingested knowledge for /app/data/T0015/311196/b74521f/pwhm-226177/src/RadMgt/wld_rad_stamon.c
2026-01-28 11:38:05,336 - Knowledge - INFO - done ingest for /app/data/T0015/311196/b74521f/pwhm-226177/include/wld/wld_channel_types.h
2026-01-28 11:38:05,576 - Knowledge - INFO - process ingested knowledge for /app/data/T0015/311196/b74521f/pwhm-226177/include/wld/wld_channel_lib.h
2026-01-28 11:38:05,884 - Knowledge - INFO - process ingested knowledge for /app/data/T0015/311196/b74521f/pwhm-226177/include/wld/wld_wpaSupp_cfgFile.h
2026-01-28 11:38:06,284 - Knowledge - INFO - Async storage completed for 6 embeddings
2026-01-28 11:38:06,417 - Knowledge - INFO - process ingested knowledge for /app/data/T0015/311196/b74521f/pwhm-226177/test/testScanSsid/ScanResults-5g-3.txt
2026-01-28 11:38:07,040 - Knowledge - INFO - process ingested knowledge for /app/data/T0015/311196/b74521f/pwhm-226177/include_priv/Plugin/wifiGen_events.h
2026-01-28 11:38:08,283 - Knowledge - INFO - Async storage completed for 6 embeddings
2026-01-28 11:38:09,578 - Knowledge - INFO - [LLM_CALL] Completed: wifiGen_wpaSupp.c:chunk1, Duration: 78084ms, PromptTokens: 6300, CompletionTokens: 1149, Cost: $0.00109
2026-01-28 11:38:10,056 - Knowledge - INFO - done ingest for /app/data/T0015/311196/b74521f/pwhm-226177/src/Plugin/wifiGen_wpaSupp.c
2026-01-28 11:38:10,900 - Knowledge - INFO - [LLM_CALL] Completed: wld_sensing.h:chunk1, Duration: 119271ms, PromptTokens: 2618, CompletionTokens: 388, Cost: $0.00042
2026-01-28 11:38:11,406 - Knowledge - INFO - done ingest for /app/data/T0015/311196/b74521f/pwhm-226177/include/wld/wld_sensing.h
2026-01-28 11:38:12,911 - Knowledge - INFO - [LLM_CALL] Completed: wifiGen_zwdfs.c:chunk1, Duration: 105014ms, PromptTokens: 2874, CompletionTokens: 444, Cost: $0.00046
2026-01-28 11:38:13,657 - Knowledge - INFO - done ingest for /app/data/T0015/311196/b74521f/pwhm-226177/src/Plugin/wifiGen_zwdfs.c
2026-01-28 11:38:16,005 - Knowledge - WARNING - Timeout processing /app/data/T0015/311196/b74521f/pwhm-226177/src/VendorModule/wld_vendorModule_mgr.c after 90s - using fallback metadata
2026-01-28 11:38:16,854 - Knowledge - INFO - Processing batch of 5 files
2026-01-28 11:38:18,004 - Knowledge - INFO - [WEBSOCKET] Sent: Type=progress_update, Size: 295, Duration: 0ms
2026-01-28 11:38:18,367 - Knowledge - INFO - process ingested knowledge for /app/data/T0015/311196/b74521f/pwhm-226177/include_priv/nl80211/wld_nl80211_parser.h
2026-01-28 11:38:19,011 - Knowledge - INFO - [WEBSOCKET] Sent: Type=unknown, Size: ?, Duration: 1007ms
2026-01-28 11:38:19,024 - Knowledge - INFO - process ingested knowledge for /app/data/T0015/311196/b74521f/pwhm-226177/src/Plugin/wifiGen_wpaSupp.c
2026-01-28 11:38:19,494 - Knowledge - INFO - Progress: 19.5% | Files: 60/303 | Rate: 0.06 files/sec | Queue: 144
2026-01-28 11:38:19,700 - Knowledge - INFO - process ingested knowledge for /app/data/T0015/311196/b74521f/pwhm-226177/test/testStaStats/stationStats/stats_data3.txt
2026-01-28 11:38:20,508 - Knowledge - INFO - [kw6] Queue=144, InProgress=0, PendingWorkers=20/20, Completed=64/303 (21.1%)
2026-01-28 11:38:20,834 - Knowledge - INFO - Processing batch of 6 files
2026-01-28 11:38:20,889 - Knowledge - INFO - process ingested knowledge for /app/data/T0015/311196/b74521f/pwhm-226177/test/testRadio11be/test_radio11be.c
2026-01-28 11:38:21,115 - Knowledge - INFO - Batch sizing: calculated=5, max_allowed=10, queue=144, active_workers=20/20
2026-01-28 11:38:21,593 - Knowledge - INFO - process ingested knowledge for /app/data/T0015/311196/b74521f/pwhm-226177/src/VendorModule/wld_vendorModule_mgr.c
2026-01-28 11:38:22,102 - Knowledge - INFO - process ingested knowledge for /app/data/T0015/311196/b74521f/pwhm-226177/test/testStaStats/deauthNot/notif_1.txt
2026-01-28 11:38:22,215 - Knowledge - INFO - [LLM_CALL] Completed: wld_rad_macCfg.h:chunk1, Duration: 133429ms, PromptTokens: 2452, CompletionTokens: 604, Cost: $0.00049
2026-01-28 11:38:22,724 - Knowledge - INFO - process ingested knowledge for /app/data/T0015/311196/b74521f/pwhm-226177/test/testHelper/wld_th_ep.h
2026-01-28 11:38:23,333 - Knowledge - INFO - done ingest for /app/data/T0015/311196/b74521f/pwhm-226177/include/wld/wld_rad_macCfg.h
2026-01-28 11:38:23,508 - Knowledge - INFO - Async storing batch of 6 embeddings
2026-01-28 11:38:24,117 - Knowledge - INFO - process ingested knowledge for /app/data/T0015/311196/b74521f/pwhm-226177/test/testapMLD/test_apmld.c
2026-01-28 11:38:24,560 - Knowledge - INFO - Worker kw6 processing /app/data/T0015/311196/b74521f/pwhm-226177/include/wld/wld_nl80211_debug.h
2026-01-28 11:38:25,379 - Knowledge - INFO - Worker kw6 processing /app/data/T0015/311196/b74521f/pwhm-226177/include/wld/wld_hostapd_ap_api.h
2026-01-28 11:38:26,006 - Knowledge - INFO - process ingested knowledge for /app/data/T0015/311196/b74521f/pwhm-226177/test/testStaStats/history1.txt
2026-01-28 11:38:26,201 - Knowledge - INFO - Worker kw6 processing /app/data/T0015/311196/b74521f/pwhm-226177/test/testStaStats/assocNot/not_5.txt
2026-01-28 11:38:26,511 - Knowledge - INFO - [LLM_CALL] Completed: wifiGen_vap.h:chunk1, Duration: 106595ms, PromptTokens: 3680, CompletionTokens: 878, Cost: $0.00072
2026-01-28 11:38:26,877 - Knowledge - INFO - Fast-tracked /app/data/T0015/311196/b74521f/pwhm-226177/test/testStaStats/assocNot/not_5.txt (ext=.txt, size=342)
2026-01-28 11:38:27,035 - Knowledge - INFO - done ingest for /app/data/T0015/311196/b74521f/pwhm-226177/include_priv/Plugin/wifiGen_vap.h
2026-01-28 11:38:27,341 - Knowledge - INFO - Worker kw6 processing /app/data/T0015/311196/b74521f/pwhm-226177/src/wld_ssid.c
2026-01-28 11:38:27,573 - Knowledge - INFO - [LLM_CALL] Completed: wld_dmnMgt.h:chunk1, Duration: 81797ms, PromptTokens: 2690, CompletionTokens: 467, Cost: $0.00046
2026-01-28 11:38:28,025 - Knowledge - INFO - process ingested knowledge for /app/data/T0015/311196/b74521f/pwhm-226177/src/EpMgt/wld_tinyRoam_bus.c
2026-01-28 11:38:28,257 - Knowledge - INFO - Worker kw6 processing /app/data/T0015/311196/b74521f/pwhm-226177/src/ChannelManagement/wld_zwdfs.c
2026-01-28 11:38:28,551 - Knowledge - INFO - done ingest for /app/data/T0015/311196/b74521f/pwhm-226177/include/wld/Utils/wld_dmnMgt.h
2026-01-28 11:38:29,935 - Knowledge - INFO - process ingested knowledge for /app/data/T0015/311196/b74521f/pwhm-226177/src/Utils/wld_monitor.c
2026-01-28 11:38:31,241 - Knowledge - WARNING - Timeout processing /app/data/T0015/311196/b74521f/pwhm-226177/include_priv/nl80211/wld_ssid_nl80211_priv.h after 90s - using fallback metadata
2026-01-28 11:38:32,033 - Knowledge - WARNING - Timeout processing /app/data/T0015/311196/b74521f/pwhm-226177/include_priv/Plugin/wifiGen_hapd.h after 90s - using fallback metadata
2026-01-28 11:38:33,937 - Knowledge - INFO - [LLM_CALL] Completed: wld_mld.h:chunk1, Duration: 140642ms, PromptTokens: 5558, CompletionTokens: 1869, Cost: $0.00130
2026-01-28 11:38:34,541 - Knowledge - INFO - done ingest for /app/data/T0015/311196/b74521f/pwhm-226177/include/wld/wld_mld.h
2026-01-28 11:38:34,644 - Knowledge - INFO - [LLM_CALL] Completed: wld_wpaSupp_cfgManager_priv.h:chunk1, Duration: 49882ms, PromptTokens: 2130, CompletionTokens: 136, Cost: $0.00027
2026-01-28 11:38:34,910 - Knowledge - WARNING - Timeout processing /app/data/T0015/311196/b74521f/pwhm-226177/src/nl80211/wld_wpaSupp_cfgFile.c after 90s - using fallback metadata
2026-01-28 11:38:35,809 - Knowledge - INFO - done ingest for /app/data/T0015/311196/b74521f/pwhm-226177/include_priv/nl80211/wld_wpaSupp_cfgManager_priv.h
2026-01-28 11:38:35,968 - Knowledge - INFO - [LLM_CALL] Completed: wld_linuxIfStats.c:chunk1, Duration: 104480ms, PromptTokens: 8602, CompletionTokens: 842, Cost: $0.00120
2026-01-28 11:38:36,154 - Knowledge - WARNING - Timeout processing /app/data/T0015/311196/b74521f/pwhm-226177/include/wld/wld_wpaSupp_ep_api.h after 90s - using fallback metadata
2026-01-28 11:38:36,684 - Knowledge - INFO - done ingest for /app/data/T0015/311196/b74521f/pwhm-226177/src/Utils/wld_linuxIfStats.c
2026-01-28 11:38:37,018 - Knowledge - INFO - [WEBSOCKET] Sent: Type=progress_update, Size: 295, Duration: 0ms
2026-01-28 11:38:37,255 - Knowledge - WARNING - Timeout processing /app/data/T0015/311196/b74521f/pwhm-226177/src/ApMgt/wld_ap_bss_transfer.c after 90s - using fallback metadata
2026-01-28 11:38:37,841 - Knowledge - INFO - [LLM_CALL] Completed: wld_linuxWExtUtils.h:chunk1, Duration: 66210ms, PromptTokens: 2444, CompletionTokens: 229, Cost: $0.00034
2026-01-28 11:38:37,881 - Knowledge - WARNING - Timeout processing /app/data/T0015/311196/b74521f/pwhm-226177/include/wld/Utils/wld_autoNeighAdd.h after 90s - using fallback metadata
2026-01-28 11:38:38,175 - Knowledge - INFO - done ingest for /app/data/T0015/311196/b74521f/pwhm-226177/include/wld/wld_linuxWExtUtils.h
2026-01-28 11:38:38,250 - Knowledge - INFO - [WEBSOCKET] Sent: Type=unknown, Size: ?, Duration: 1393ms
2026-01-28 11:38:38,521 - Knowledge - WARNING - Timeout processing /app/data/T0015/311196/b74521f/pwhm-226177/include/wld/wld_hostapd_cfgManager.h after 90s - using fallback metadata
2026-01-28 11:38:39,567 - Knowledge - WARNING - Timeout processing /app/data/T0015/311196/b74521f/pwhm-226177/src/wld_apMld.c after 90s - using fallback metadata
2026-01-28 11:38:39,689 - Knowledge - INFO - Progress: 21.8% | Files: 68/303 | Rate: 0.07 files/sec | Queue: 139
2026-01-28 11:38:39,766 - Knowledge - INFO - [LLM_CALL] Completed: wld_radioOperatingStandards.c:chunk1, Duration: 99863ms, PromptTokens: 6132, CompletionTokens: 852, Cost: $0.00095
2026-01-28 11:38:41,059 - Knowledge - INFO - done ingest for /app/data/T0015/311196/b74521f/pwhm-226177/src/wld_radioOperatingStandards.c
2026-01-28 11:38:41,451 - Knowledge - INFO - [kw2] Queue=139, InProgress=0, PendingWorkers=20/20, Completed=70/303 (23.1%)
2026-01-28 11:38:41,610 - Knowledge - INFO - [LLM_CALL] Completed: wld_apMgmt.c:chunk1, Duration: 165069ms, PromptTokens: 2898, CompletionTokens: 289, Cost: $0.00041
2026-01-28 11:38:41,817 - Knowledge - INFO - Batch sizing: calculated=5, max_allowed=10, queue=139, active_workers=20/20
2026-01-28 11:38:42,254 - Knowledge - INFO - done ingest for /app/data/T0015/311196/b74521f/pwhm-226177/src/ApMgt/wld_apMgmt.c
2026-01-28 11:38:42,741 - Knowledge - INFO - Async storing batch of 5 embeddings
2026-01-28 11:38:42,771 - Knowledge - INFO - [WEBSOCKET] Sent: Type=progress_update, Size: 295, Duration: 0ms
2026-01-28 11:38:43,038 - Knowledge - INFO - Worker kw2 processing /app/data/T0015/311196/b74521f/pwhm-226177/include/wld/wld_wpaSupp_parser.h
2026-01-28 11:38:43,372 - Knowledge - INFO - [LLM_CALL] Completed: wld_nl80211_events_priv.h:chunk1, Duration: 67269ms, PromptTokens: 3412, CompletionTokens: 400, Cost: $0.00050
2026-01-28 11:38:43,827 - Knowledge - INFO - Async storage completed for 6 embeddings
2026-01-28 11:38:43,876 - Knowledge - INFO - Worker kw2 processing /app/data/T0015/311196/b74521f/pwhm-226177/test/testStaStats/deauthNot/notif_4.txt
2026-01-28 11:38:44,151 - Knowledge - INFO - done ingest for /app/data/T0015/311196/b74521f/pwhm-226177/include_priv/nl80211/wld_nl80211_events_priv.h
2026-01-28 11:38:44,323 - Knowledge - INFO - [WEBSOCKET] Sent: Type=unknown, Size: ?, Duration: 1551ms
2026-01-28 11:38:45,101 - Knowledge - INFO - Fast-tracked /app/data/T0015/311196/b74521f/pwhm-226177/test/testStaStats/deauthNot/notif_4.txt (ext=.txt, size=355)
2026-01-28 11:38:45,386 - Knowledge - INFO - Progress: 24.8% | Files: 78/303 | Rate: 0.08 files/sec | Queue: 134
2026-01-28 11:38:45,428 - Knowledge - INFO - Processing batch of 6 files
2026-01-28 11:38:45,532 - Knowledge - INFO - [LLM_CALL] Completed: wifiGen_rad.h:chunk1, Duration: 161066ms, PromptTokens: 3662, CompletionTokens: 708, Cost: $0.00065
2026-01-28 11:38:45,614 - Knowledge - INFO - Worker kw2 processing /app/data/T0015/311196/b74521f/pwhm-226177/src/nl80211/wld_wpaCtrlInterface.c
2026-01-28 11:38:45,937 - Knowledge - INFO - [kw17] Queue=134, InProgress=0, PendingWorkers=20/20, Completed=78/303 (25.7%)
2026-01-28 11:38:46,264 - Knowledge - INFO - process ingested knowledge for /app/data/T0015/311196/b74521f/pwhm-226177/test/testStaStats/assocNot/not_0.txt
2026-01-28 11:38:46,711 - Knowledge - INFO - done ingest for /app/data/T0015/311196/b74521f/pwhm-226177/include_priv/Plugin/wifiGen_rad.h
2026-01-28 11:38:46,755 - Knowledge - INFO - Worker kw2 processing /app/data/T0015/311196/b74521f/pwhm-226177/include/wld/wld_vendorModule.h
2026-01-28 11:38:46,953 - Knowledge - INFO - [LLM_CALL] Completed: wld_radioOperatingStandards.h:chunk1, Duration: 53434ms, PromptTokens: 2738, CompletionTokens: 436, Cost: $0.00045
2026-01-28 11:38:47,026 - Knowledge - INFO - Batch sizing: calculated=5, max_allowed=10, queue=134, active_workers=20/20
2026-01-28 11:38:47,395 - Knowledge - INFO - process ingested knowledge for /app/data/T0015/311196/b74521f/pwhm-226177/include_priv/Plugin/wld_plugin.h
2026-01-28 11:38:47,965 - Knowledge - INFO - Worker kw2 processing /app/data/T0015/311196/b74521f/pwhm-226177/test/testStaStatsWiFi7/stationStats/stats_test2.txt
2026-01-28 11:38:47,992 - Knowledge - INFO - done ingest for /app/data/T0015/311196/b74521f/pwhm-226177/include/wld/wld_radioOperatingStandards.h
2026-01-28 11:38:48,311 - Knowledge - INFO - Async storing batch of 6 embeddings
2026-01-28 11:38:48,624 - Knowledge - INFO - process ingested knowledge for /app/data/T0015/311196/b74521f/pwhm-226177/include/wld/wld_bStaMld.h
2026-01-28 11:38:48,624 - Knowledge - INFO - Processing batch of 6 files
2026-01-28 11:38:48,825 - Knowledge - WARNING - Timeout processing /app/data/T0015/311196/b74521f/pwhm-226177/src/ApMgt/wld_ap_neighbours.c after 90s - using fallback metadata
2026-01-28 11:38:49,417 - Knowledge - INFO - Fast-tracked /app/data/T0015/311196/b74521f/pwhm-226177/test/testStaStatsWiFi7/stationStats/stats_test2.txt (ext=.txt, size=5093)
2026-01-28 11:38:49,427 - Knowledge - INFO - [LLM_CALL] Completed: wld_endpoint.h:chunk1, Duration: 165043ms, PromptTokens: 4168, CompletionTokens: 1887, Cost: $0.00117
2026-01-28 11:38:49,964 - Knowledge - INFO - process ingested knowledge for /app/data/T0015/311196/b74521f/pwhm-226177/include_priv/nl80211/wld_ssid_nl80211_priv.h
2026-01-28 11:38:50,078 - Knowledge - INFO - process ingested knowledge for /app/data/T0015/311196/b74521f/pwhm-226177/src/nl80211/wld_wpaSupp_cfgFile.c
2026-01-28 11:38:50,078 - Knowledge - INFO - Worker kw17 processing /app/data/T0015/311196/b74521f/pwhm-226177/src/Features/persist/wld_persist_off.c
2026-01-28 11:38:50,394 - Knowledge - WARNING - Timeout processing /app/data/T0015/311196/b74521f/pwhm-226177/src/wld_util.c after 90s - using fallback metadata
2026-01-28 11:38:50,939 - Knowledge - INFO - done ingest for /app/data/T0015/311196/b74521f/pwhm-226177/include/wld/wld_endpoint.h
2026-01-28 11:38:51,023 - Knowledge - INFO - Processing batch of 6 files
2026-01-28 11:38:51,144 - Knowledge - INFO - process ingested knowledge for /app/data/T0015/311196/b74521f/pwhm-226177/include_priv/Plugin/wifiGen_hapd.h
2026-01-28 11:38:51,514 - Knowledge - INFO - process ingested knowledge for /app/data/T0015/311196/b74521f/pwhm-226177/include/wld/wld_wpaSupp_ep_api.h
2026-01-28 11:38:51,718 - Knowledge - WARNING - Timeout processing /app/data/T0015/311196/b74521f/pwhm-226177/include/wld/wld_secDmnGrp.h after 90s - using fallback metadata
2026-01-28 11:38:51,990 - Knowledge - INFO - Worker kw17 processing /app/data/T0015/311196/b74521f/pwhm-226177/include/wld/wld_daemon.h
2026-01-28 11:38:52,060 - Knowledge - WARNING - Timeout processing /app/data/T0015/311196/b74521f/pwhm-226177/src/Plugin/wifiGen_radIfMgt.c after 90s - using fallback metadata
2026-01-28 11:38:52,412 - Knowledge - INFO - [LLM_CALL] Completed: wld_hostapd_cfgManager_priv.h:chunk1, Duration: 52720ms, PromptTokens: 2220, CompletionTokens: 162, Cost: $0.00029
2026-01-28 11:38:52,714 - Knowledge - INFO - process ingested knowledge for /app/data/T0015/311196/b74521f/pwhm-226177/test/testHelper/wld_th_vap.h
2026-01-28 11:38:53,121 - Knowledge - INFO - process ingested knowledge for /app/data/T0015/311196/b74521f/pwhm-226177/include/wld/Utils/wld_dmnMgt.h
2026-01-28 11:38:53,397 - Knowledge - INFO - process ingested knowledge for /app/data/T0015/311196/b74521f/pwhm-226177/src/ApMgt/wld_ap_bss_transfer.c
2026-01-28 11:38:53,747 - Knowledge - WARNING - Timeout processing /app/data/T0015/311196/b74521f/pwhm-226177/src/nl80211/wld_wpaCtrlMngr.c after 90s - using fallback metadata
2026-01-28 11:38:53,968 - Knowledge - INFO - Worker kw17 processing /app/data/T0015/311196/b74521f/pwhm-226177/test/test_securityConfig/test_securityConfig.c
2026-01-28 11:38:54,279 - Knowledge - WARNING - Timeout processing /app/data/T0015/311196/b74521f/pwhm-226177/src/ChannelManagement/wld_channel.c after 90s - using fallback metadata
2026-01-28 11:38:54,484 - Knowledge - INFO - done ingest for /app/data/T0015/311196/b74521f/pwhm-226177/include_priv/nl80211/wld_hostapd_cfgManager_priv.h
2026-01-28 11:38:54,580 - Knowledge - INFO - [LLM_CALL] Completed: wld_extMod.h:chunk1, Duration: 135930ms, PromptTokens: 4160, CompletionTokens: 664, Cost: $0.00068
2026-01-28 11:38:54,725 - Knowledge - INFO - process ingested knowledge for /app/data/T0015/311196/b74521f/pwhm-226177/test/testHelper/wld_th_sensing.h
2026-01-28 11:38:55,551 - Knowledge - WARNING - Timeout processing /app/data/T0015/311196/b74521f/pwhm-226177/src/Plugin/wifiGen_fsm.c after 90s - using fallback metadata
2026-01-28 11:38:55,700 - Knowledge - INFO - process ingested knowledge for /app/data/T0015/311196/b74521f/pwhm-226177/include/wld/Utils/wld_autoNeighAdd.h
2026-01-28 11:38:55,760 - Knowledge - INFO - Fast-tracked /app/data/T0015/311196/b74521f/pwhm-226177/test/test_securityConfig/test_securityConfig.c (ext=.c, size=15700)
2026-01-28 11:38:55,994 - Knowledge - WARNING - Timeout processing /app/data/T0015/311196/b74521f/pwhm-226177/src/Utils/wld_daemon.c after 90s - using fallback metadata
2026-01-28 11:38:56,380 - Knowledge - INFO - done ingest for /app/data/T0015/311196/b74521f/pwhm-226177/include/wld/wld_extMod.h
2026-01-28 11:38:56,527 - Knowledge - INFO - Processing batch of 6 files
2026-01-28 11:38:56,555 - Knowledge - INFO - [LLM_CALL] Completed: wld_nl80211_scan_priv.h:chunk1, Duration: 131735ms, PromptTokens: 2136, CompletionTokens: 215, Cost: $0.00030
2026-01-28 11:38:56,708 - Knowledge - INFO - process ingested knowledge for /app/data/T0015/311196/b74521f/pwhm-226177/include_priv/Plugin/wifiGen_mld.h
2026-01-28 11:38:57,557 - Knowledge - INFO - Worker kw17 processing /app/data/T0015/311196/b74521f/pwhm-226177/include/wld/wld_wpaCtrlGSock.h
2026-01-28 11:38:58,077 - Knowledge - INFO - process ingested knowledge for /app/data/T0015/311196/b74521f/pwhm-226177/test/test_defines.mk
2026-01-28 11:38:58,410 - Knowledge - INFO - process ingested knowledge for /app/data/T0015/311196/b74521f/pwhm-226177/src/ApMgt/wld_apMgmt.c
2026-01-28 11:38:58,679 - Knowledge - INFO - done ingest for /app/data/T0015/311196/b74521f/pwhm-226177/include_priv/nl80211/wld_nl80211_scan_priv.h
2026-01-28 11:38:58,820 - Knowledge - INFO - [LLM_CALL] Completed: wld_ap_security.c:chunk1, Duration: 98499ms, PromptTokens: 18352, CompletionTokens: 1163, Cost: $0.00230
2026-01-28 11:38:59,307 - Knowledge - INFO - process ingested knowledge for /app/data/T0015/311196/b74521f/pwhm-226177/include/wld/wld_sensing.h
2026-01-28 11:38:59,506 - Knowledge - INFO - Worker kw17 processing /app/data/T0015/311196/b74521f/pwhm-226177/src/nl80211/wld_nl80211_utils.c
2026-01-28 11:39:00,444 - Knowledge - INFO - done ingest for /app/data/T0015/311196/b74521f/pwhm-226177/src/ApMgt/wld_ap_security.c
2026-01-28 11:39:02,132 - Knowledge - INFO - [LLM_CALL] Completed: wld_ap_rssiMonitor.h:chunk1, Duration: 96586ms, PromptTokens: 3226, CompletionTokens: 1192, Cost: $0.00080
2026-01-28 11:39:02,144 - Knowledge - INFO - process ingested knowledge for /app/data/T0015/311196/b74521f/pwhm-226177/include/wld/wld_hostapd_cfgManager.h
2026-01-28 11:39:02,153 - Knowledge - INFO - process ingested knowledge for /app/data/T0015/311196/b74521f/pwhm-226177/test/bStaMLD/test_bStaMLD.c
2026-01-28 11:39:02,359 - Knowledge - INFO - process ingested knowledge for /app/data/T0015/311196/b74521f/pwhm-226177/src/wld_apMld.c
2026-01-28 11:39:02,393 - Knowledge - INFO - done ingest for /app/data/T0015/311196/b74521f/pwhm-226177/include/wld/wld_ap_rssiMonitor.h
2026-01-28 11:39:02,987 - Knowledge - INFO - [LLM_CALL] Completed: wld_channel.h:chunk1, Duration: 97848ms, PromptTokens: 4070, CompletionTokens: 1614, Cost: $0.00105
2026-01-28 11:39:03,700 - Knowledge - INFO - process ingested knowledge for /app/data/T0015/311196/b74521f/pwhm-226177/include/wld/wld_rad_macCfg.h
2026-01-28 11:39:03,927 - Knowledge - INFO - done ingest for /app/data/T0015/311196/b74521f/pwhm-226177/include/wld/wld_channel.h
2026-01-28 11:39:04,429 - Knowledge - INFO - process ingested knowledge for /app/data/T0015/311196/b74521f/pwhm-226177/src/wld_functionTable.c
2026-01-28 11:39:04,869 - Knowledge - INFO - Async storage completed for 5 embeddings
2026-01-28 11:39:05,941 - Knowledge - INFO - process ingested knowledge for /app/data/T0015/311196/b74521f/pwhm-226177/src/Plugin/wifiGen_zwdfs.c
2026-01-28 11:39:06,181 - Knowledge - INFO - [WEBSOCKET] Sent: Type=progress_update, Size: 294, Duration: 0ms
2026-01-28 11:39:07,021 - Knowledge - INFO - [LLM_CALL] Completed: wld_eventing.c:chunk1, Duration: 97308ms, PromptTokens: 6526, CompletionTokens: 513, Cost: $0.00086
2026-01-28 11:39:07,028 - Knowledge - INFO - process ingested knowledge for /app/data/T0015/311196/b74521f/pwhm-226177/test/testStaStats/test_staStats.c
2026-01-28 11:39:07,545 - Knowledge - INFO - done ingest for /app/data/T0015/311196/b74521f/pwhm-226177/src/Utils/wld_eventing.c
2026-01-28 11:39:07,685 - Knowledge - INFO - [WEBSOCKET] Sent: Type=unknown, Size: ?, Duration: 1503ms
2026-01-28 11:39:08,229 - Knowledge - INFO - Progress: 33.3% | Files: 107/303 | Rate: 0.10 files/sec | Queue: 129
2026-01-28 11:39:08,319 - Knowledge - WARNING - Timeout processing /app/data/T0015/311196/b74521f/pwhm-226177/include/wld/wld_accesspoint.h after 90s - using fallback metadata
2026-01-28 11:39:08,546 - Knowledge - INFO - process ingested knowledge for /app/data/T0015/311196/b74521f/pwhm-226177/src/Utils/wld_linuxIfStats.c
2026-01-28 11:39:08,719 - Knowledge - INFO - Processing batch of 6 files
2026-01-28 11:39:09,436 - Knowledge - INFO - process ingested knowledge for /app/data/T0015/311196/b74521f/pwhm-226177/src/ApMgt/wld_ap_neighbours.c
2026-01-28 11:39:09,855 - Knowledge - INFO - [LLM_CALL] Completed: wld_autoCommitMgr.c:chunk1, Duration: 169506ms, PromptTokens: 6152, CompletionTokens: 1027, Cost: $0.00103
2026-01-28 11:39:09,899 - Knowledge - INFO - [kw10] Queue=129, InProgress=0, PendingWorkers=20/20, Completed=113/303 (37.3%)
2026-01-28 11:39:10,144 - Knowledge - INFO - done ingest for /app/data/T0015/311196/b74521f/pwhm-226177/src/Utils/wld_autoCommitMgr.c
2026-01-28 11:39:10,164 - Knowledge - INFO - Processing batch of 5 files
2026-01-28 11:39:10,204 - Knowledge - WARNING - Timeout processing /app/data/T0015/311196/b74521f/pwhm-226177/src/nl80211/wld_nl80211_api.c after 90s - using fallback metadata
2026-01-28 11:39:10,257 - Knowledge - INFO - Processing batch of 6 files
2026-01-28 11:39:10,464 - Knowledge - INFO - Batch sizing: calculated=5, max_allowed=10, queue=129, active_workers=20/20
2026-01-28 11:39:10,879 - Knowledge - INFO - process ingested knowledge for /app/data/T0015/311196/b74521f/pwhm-226177/include/wld/wld_ap_rssiMonitor.h
2026-01-28 11:39:11,350 - Knowledge - INFO - process ingested knowledge for /app/data/T0015/311196/b74521f/pwhm-226177/test/testStaStatsWiFi7/stationStats/stats_test5.txt
2026-01-28 11:39:11,497 - Knowledge - INFO - process ingested knowledge for /app/data/T0015/311196/b74521f/pwhm-226177/test/epMld/test_epMld.c
2026-01-28 11:39:12,069 - Knowledge - INFO - Processing batch of 5 files
2026-01-28 11:39:12,512 - Knowledge - INFO - process ingested knowledge for /app/data/T0015/311196/b74521f/pwhm-226177/test/testStaStats/assocNot/not_2.txt
2026-01-28 11:39:12,807 - Knowledge - INFO - Processing batch of 6 files
2026-01-28 11:39:13,073 - Knowledge - INFO - process ingested knowledge for /app/data/T0015/311196/b74521f/pwhm-226177/include/wld/wld_secDmnGrp.h
2026-01-28 11:39:13,181 - Knowledge - INFO - process ingested knowledge for /app/data/T0015/311196/b74521f/pwhm-226177/test/testStaStats/staUpdate.txt
2026-01-28 11:39:13,197 - Knowledge - INFO - Async storing batch of 6 embeddings
2026-01-28 11:39:13,625 - Knowledge - INFO - Async storage completed for 6 embeddings
2026-01-28 11:39:13,908 - Knowledge - INFO - Worker kw10 processing /app/data/T0015/311196/b74521f/pwhm-226177/test/testStaStats/history4.txt
2026-01-28 11:39:14,202 - Knowledge - INFO - process ingested knowledge for /app/data/T0015/311196/b74521f/pwhm-226177/include/wld/wld_channel_types.h
2026-01-28 11:39:14,245 - Knowledge - INFO - process ingested knowledge for /app/data/T0015/311196/b74521f/pwhm-226177/include/wld/wld_channel.h
2026-01-28 11:39:14,306 - Knowledge - INFO - [LLM_CALL] Completed: wld_linuxIfUtils.c:chunk1, Duration: 131045ms, PromptTokens: 9668, CompletionTokens: 1258, Cost: $0.00147
2026-01-28 11:39:14,306 - Knowledge - INFO - process ingested knowledge for /app/data/T0015/311196/b74521f/pwhm-226177/src/wld_util.c
2026-01-28 11:39:14,468 - Knowledge - INFO - Fast-tracked /app/data/T0015/311196/b74521f/pwhm-226177/test/testStaStats/history4.txt (ext=.txt, size=17)
2026-01-28 11:39:14,994 - Knowledge - INFO - done ingest for /app/data/T0015/311196/b74521f/pwhm-226177/src/Utils/wld_linuxIfUtils.c
2026-01-28 11:39:15,067 - Knowledge - INFO - process ingested knowledge for /app/data/T0015/311196/b74521f/pwhm-226177/scripts/Plugin/wld_gen.sh
2026-01-28 11:39:15,196 - Knowledge - INFO - [WEBSOCKET] Sent: Type=progress_update, Size: 295, Duration: 0ms
2026-01-28 11:39:15,474 - Knowledge - INFO - Worker kw10 processing /app/data/T0015/311196/b74521f/pwhm-226177/src/ChannelManagement/wld_bgdfs.c
2026-01-28 11:39:15,804 - Knowledge - INFO - process ingested knowledge for /app/data/T0015/311196/b74521f/pwhm-226177/include_priv/nl80211/wld_wpaCtrlInterface_priv.h
2026-01-28 11:39:15,860 - Knowledge - INFO - process ingested knowledge for /app/data/T0015/311196/b74521f/pwhm-226177/test/testFullScan/test_fullScan.c
2026-01-28 11:39:15,870 - Knowledge - INFO - process ingested knowledge for /app/data/T0015/311196/b74521f/pwhm-226177/include/wld/wld_tinyRoam.h
2026-01-28 11:39:15,870 - Knowledge - WARNING - Timeout processing /app/data/T0015/311196/b74521f/pwhm-226177/include/wld/wld_statsmon.h after 90s - using fallback metadata
2026-01-28 11:39:15,909 - Knowledge - INFO - process ingested knowledge for /app/data/T0015/311196/b74521f/pwhm-226177/include_priv/nl80211/wld_nl80211_events_priv.h
2026-01-28 11:39:16,300 - Knowledge - INFO - Worker kw10 processing /app/data/T0015/311196/b74521f/pwhm-226177/baf.yml
2026-01-28 11:39:16,345 - Knowledge - INFO - [LLM_CALL] Completed: wld_nl80211_compat.h:chunk1, Duration: 167004ms, PromptTokens: 8320, CompletionTokens: 1624, Cost: $0.00148
2026-01-28 11:39:16,618 - Knowledge - INFO - process ingested knowledge for /app/data/T0015/311196/b74521f/pwhm-226177/test/testNeighborAp/test_neighborAp.c
2026-01-28 11:39:17,135 - Knowledge - INFO - process ingested knowledge for /app/data/T0015/311196/b74521f/pwhm-226177/test/testStaStats/assocNot/not_6.txt
2026-01-28 11:39:17,295 - Knowledge - INFO - Fast-tracked /app/data/T0015/311196/b74521f/pwhm-226177/baf.yml (ext=.yml, size=7876)
2026-01-28 11:39:17,377 - Knowledge - INFO - done ingest for /app/data/T0015/311196/b74521f/pwhm-226177/include/wld/wld_nl80211_compat.h
2026-01-28 11:39:17,463 - Knowledge - INFO - [LLM_CALL] Completed: wld_wpaSupp_parser.h:chunk1, Duration: 26471ms, PromptTokens: 2162, CompletionTokens: 225, Cost: $0.00031
2026-01-28 11:39:17,527 - Knowledge - INFO - process ingested knowledge for /app/data/T0015/311196/b74521f/pwhm-226177/test/wld_sensing/test_wld_sensing.c
2026-01-28 11:39:17,562 - Knowledge - INFO - process ingested knowledge for /app/data/T0015/311196/b74521f/pwhm-226177/test/testStaStats/deauthNot/notif_10.txt
2026-01-28 11:39:17,569 - Knowledge - INFO - process ingested knowledge for /app/data/T0015/311196/b74521f/pwhm-226177/test/testStaStats/data1.txt
2026-01-28 11:39:17,596 - Knowledge - INFO - process ingested knowledge for /app/data/T0015/311196/b74521f/pwhm-226177/src/Plugin/wifiGen_radIfMgt.c
2026-01-28 11:39:17,672 - Knowledge - INFO - process ingested knowledge for /app/data/T0015/311196/b74521f/pwhm-226177/src/Utils/wld_daemon.c
2026-01-28 11:39:17,803 - Knowledge - INFO - Worker kw10 processing /app/data/T0015/311196/b74521f/pwhm-226177/src/ApMgt/wld_ap_mldConfig.c
2026-01-28 11:39:17,823 - Knowledge - WARNING - Timeout processing /app/data/T0015/311196/b74521f/pwhm-226177/src/nl80211/wld_secDmnGrp.c after 90s - using fallback metadata
2026-01-28 11:39:18,149 - Knowledge - INFO - done ingest for /app/data/T0015/311196/b74521f/pwhm-226177/include/wld/wld_wpaSupp_parser.h
2026-01-28 11:39:18,169 - Knowledge - INFO - [WEBSOCKET] Sent: Type=unknown, Size: ?, Duration: 2973ms
2026-01-28 11:39:18,272 - Knowledge - INFO - process ingested knowledge for /app/data/T0015/311196/b74521f/pwhm-226177/test/testHelper/wld_th_mockVendor.c
2026-01-28 11:39:18,826 - Knowledge - INFO - process ingested knowledge for /app/data/T0015/311196/b74521f/pwhm-226177/include/wld/wld_linuxWExtUtils.h
2026-01-28 11:39:18,844 - Knowledge - INFO - process ingested knowledge for /app/data/T0015/311196/b74521f/pwhm-226177/src/ChannelManagement/wld_channel.c
2026-01-28 11:39:18,925 - Knowledge - INFO - process ingested knowledge for /app/data/T0015/311196/b74521f/pwhm-226177/src/wld_radioOperatingStandards.c
2026-01-28 11:39:19,097 - Knowledge - INFO - Worker kw10 processing /app/data/T0015/311196/b74521f/pwhm-226177/src/RadMgt/wld_rad_caps.c
2026-01-28 11:39:19,556 - Knowledge - INFO - Progress: 39.6% | Files: 125/303 | Rate: 0.12 files/sec | Queue: 124
2026-01-28 11:39:19,653 - Knowledge - INFO - [LLM_CALL] Completed: wld_vendorModule_mgr.h:chunk1, Duration: 132117ms, PromptTokens: 2904, CompletionTokens: 604, Cost: $0.00053
2026-01-28 11:39:19,914 - Knowledge - WARNING - Timeout processing /app/data/T0015/311196/b74521f/pwhm-226177/src/wld_assocdev.c after 90s - using fallback metadata
2026-01-28 11:39:19,981 - Knowledge - INFO - process ingested knowledge for /app/data/T0015/311196/b74521f/pwhm-226177/src/nl80211/wld_wpaCtrlMngr.c
2026-01-28 11:39:20,661 - Knowledge - INFO - done ingest for /app/data/T0015/311196/b74521f/pwhm-226177/include/wld/wld_vendorModule_mgr.h
2026-01-28 11:39:20,783 - Knowledge - INFO - [LLM_CALL] Completed: wld_wpaCtrlConnection_priv.h:chunk1, Duration: 103640ms, PromptTokens: 3306, CompletionTokens: 1081, Cost: $0.00076
2026-01-28 11:39:21,411 - Knowledge - INFO - [kw13] Queue=124, InProgress=0, PendingWorkers=20/20, Completed=128/303 (42.2%)
2026-01-28 11:39:21,416 - Knowledge - INFO - [kw12] Queue=124, InProgress=0, PendingWorkers=20/20, Completed=128/303 (42.2%)
2026-01-28 11:39:21,443 - Knowledge - INFO - process ingested knowledge for /app/data/T0015/311196/b74521f/pwhm-226177/src/Plugin/wifiGen_fsm.c
2026-01-28 11:39:21,456 - Knowledge - INFO - done ingest for /app/data/T0015/311196/b74521f/pwhm-226177/include_priv/nl80211/wld_wpaCtrlConnection_priv.h
2026-01-28 11:39:21,502 - Knowledge - INFO - [LLM_CALL] Completed: wld_common.h:chunk1, Duration: 122044ms, PromptTokens: 2170, CompletionTokens: 197, Cost: $0.00030
2026-01-28 11:39:21,637 - Knowledge - INFO - Batch sizing: calculated=5, max_allowed=10, queue=124, active_workers=20/20
2026-01-28 11:39:21,883 - Knowledge - INFO - Batch sizing: calculated=5, max_allowed=10, queue=124, active_workers=20/20
2026-01-28 11:39:22,497 - Knowledge - INFO - done ingest for /app/data/T0015/311196/b74521f/pwhm-226177/include/wld/wld_common.h
2026-01-28 11:39:22,518 - Knowledge - INFO - [WEBSOCKET] Sent: Type=progress_update, Size: 292, Duration: 1038ms
2026-01-28 11:39:23,739 - Knowledge - INFO - [LLM_CALL] Completed: wld_nl80211_debug.h:chunk1, Duration: 53623ms, PromptTokens: 2998, CompletionTokens: 417, Cost: $0.00047
2026-01-28 11:39:24,088 - Knowledge - INFO - done ingest for /app/data/T0015/311196/b74521f/pwhm-226177/include/wld/wld_nl80211_debug.h
2026-01-28 11:39:24,099 - Knowledge - INFO - [WEBSOCKET] Sent: Type=unknown, Size: ?, Duration: 2620ms
2026-01-28 11:39:24,438 - Knowledge - INFO - Progress: 41.9% | Files: 130/303 | Rate: 0.13 files/sec | Queue: 114
2026-01-28 11:39:24,465 - Knowledge - INFO - Async storing batch of 6 embeddings
2026-01-28 11:39:24,499 - Knowledge - INFO - Async storing batch of 6 embeddings
2026-01-28 11:39:24,708 - Knowledge - INFO - [WEBSOCKET] Sent: Type=progress_update, Size: 294, Duration: 0ms
2026-01-28 11:39:24,821 - Knowledge - INFO - Worker kw13 processing /app/data/T0015/311196/b74521f/pwhm-226177/src/nl80211/wld_ap_nl80211.c
2026-01-28 11:39:25,026 - Knowledge - INFO - Worker kw12 processing /app/data/T0015/311196/b74521f/pwhm-226177/include/wld/wld_linuxIfUtils.h
2026-01-28 11:39:25,202 - Knowledge - INFO - Processing batch of 5 files
2026-01-28 11:39:25,232 - Knowledge - INFO - [WEBSOCKET] Sent: Type=unknown, Size: ?, Duration: 523ms
2026-01-28 11:39:25,282 - Knowledge - INFO - Worker kw13 processing /app/data/T0015/311196/b74521f/pwhm-226177/src/RadMgt/wld_rad_ifMgt.c
2026-01-28 11:39:25,482 - Knowledge - INFO - Worker kw12 processing /app/data/T0015/311196/b74521f/pwhm-226177/include/wld/wld_nl80211_attr.h
2026-01-28 11:39:25,584 - Knowledge - INFO - process ingested knowledge for /app/data/T0015/311196/b74521f/pwhm-226177/src/Utils/wld_eventing.c
2026-01-28 11:39:25,734 - Knowledge - INFO - Progress: 44.2% | Files: 135/303 | Rate: 0.13 files/sec | Queue: 114
2026-01-28 11:39:25,903 - Knowledge - INFO - Worker kw13 processing /app/data/T0015/311196/b74521f/pwhm-226177/src/nl80211/wld_hostapd_cfgFile.c
2026-01-28 11:39:26,122 - Knowledge - INFO - Worker kw12 processing /app/data/T0015/311196/b74521f/pwhm-226177/src/Plugin/wifiGen_vap.c
2026-01-28 11:39:26,123 - Knowledge - INFO - [kw9] Queue=114, InProgress=0, PendingWorkers=20/20, Completed=136/303 (44.9%)
2026-01-28 11:39:26,300 - Knowledge - INFO - Processing batch of 6 files
2026-01-28 11:39:26,559 - Knowledge - INFO - Worker kw13 processing /app/data/T0015/311196/b74521f/pwhm-226177/src/wld_sensing.c
2026-01-28 11:39:26,755 - Knowledge - INFO - Worker kw12 processing /app/data/T0015/311196/b74521f/pwhm-226177/scripts/debug_wifi.sh
2026-01-28 11:39:26,950 - Knowledge - INFO - [LLM_CALL] Completed: wld_rad_nl80211.h:chunk1, Duration: 97260ms, PromptTokens: 10662, CompletionTokens: 1370, Cost: $0.00161
2026-01-28 11:39:27,043 - Knowledge - INFO - Batch sizing: calculated=5, max_allowed=10, queue=114, active_workers=20/20
2026-01-28 11:39:27,171 - Knowledge - INFO - Async storage completed for 6 embeddings
2026-01-28 11:39:27,188 - Knowledge - INFO - process ingested knowledge for /app/data/T0015/311196/b74521f/pwhm-226177/test/testScanSsid/ScanResults-5g-1.txt
2026-01-28 11:39:27,374 - Knowledge - INFO - Worker kw13 processing /app/data/T0015/311196/b74521f/pwhm-226177/test/testScanSsid/ScanResults-5g-4.txt
2026-01-28 11:39:27,553 - Knowledge - INFO - Fast-tracked /app/data/T0015/311196/b74521f/pwhm-226177/scripts/debug_wifi.sh (ext=.sh, size=132)
2026-01-28 11:39:27,652 - Knowledge - INFO - done ingest for /app/data/T0015/311196/b74521f/pwhm-226177/include/wld/wld_rad_nl80211.h
2026-01-28 11:39:28,155 - Knowledge - INFO - process ingested knowledge for /app/data/T0015/311196/b74521f/pwhm-226177/include_priv/nl80211/wld_wpaSupp_cfgManager_priv.h
2026-01-28 11:39:28,171 - Knowledge - INFO - [kw7] Queue=114, InProgress=0, PendingWorkers=20/20, Completed=140/303 (46.2%)
2026-01-28 11:39:28,385 - Knowledge - INFO - Fast-tracked /app/data/T0015/311196/b74521f/pwhm-226177/test/testScanSsid/ScanResults-5g-4.txt (ext=.txt, size=10748)
2026-01-28 11:39:28,527 - Knowledge - INFO - Worker kw12 processing /app/data/T0015/311196/b74521f/pwhm-226177/test/testStaStats/history0.txt
2026-01-28 11:39:28,556 - Knowledge - INFO - Async storing batch of 6 embeddings
2026-01-28 11:39:28,564 - Knowledge - WARNING - Timeout processing /app/data/T0015/311196/b74521f/pwhm-226177/src/nl80211/wld_wpaCtrl_events.c after 90s - using fallback metadata
2026-01-28 11:39:28,565 - Knowledge - INFO - [WEBSOCKET] Sent: Type=progress_update, Size: 295, Duration: 0ms
2026-01-28 11:39:28,580 - Knowledge - INFO - process ingested knowledge for /app/data/T0015/311196/b74521f/pwhm-226177/include_priv/nl80211/wld_nl80211_core_priv.h
2026-01-28 11:39:28,961 - Knowledge - INFO - Batch sizing: calculated=5, max_allowed=10, queue=114, active_workers=20/20
2026-01-28 11:39:29,275 - Knowledge - INFO - Fast-tracked /app/data/T0015/311196/b74521f/pwhm-226177/test/testStaStats/history0.txt (ext=.txt, size=2731)
2026-01-28 11:39:29,406 - Knowledge - INFO - Worker kw9 processing /app/data/T0015/311196/b74521f/pwhm-226177/src/ChannelManagement/wld_chanmgt.c
2026-01-28 11:39:29,543 - Knowledge - WARNING - Timeout processing /app/data/T0015/311196/b74521f/pwhm-226177/include/wld/wld_nl80211_api.h after 90s - using fallback metadata
2026-01-28 11:39:29,697 - Knowledge - INFO - Processing batch of 5 files
2026-01-28 11:39:29,706 - Knowledge - INFO - Processing batch of 5 files
2026-01-28 11:39:29,757 - Knowledge - INFO - [WEBSOCKET] Sent: Type=unknown, Size: ?, Duration: 1192ms
2026-01-28 11:39:29,893 - Knowledge - INFO - process ingested knowledge for /app/data/T0015/311196/b74521f/pwhm-226177/include/wld/wld_radioOperatingStandards.h
2026-01-28 11:39:30,199 - Knowledge - INFO - process ingested knowledge for /app/data/T0015/311196/b74521f/pwhm-226177/test/wld_daemon/test_wld_daemon.c
2026-01-28 11:39:30,648 - Knowledge - INFO - Worker kw9 processing /app/data/T0015/311196/b74521f/pwhm-226177/src/nl80211/wld_rad_hostapd_api.c
2026-01-28 11:39:30,656 - Knowledge - WARNING - Timeout processing /app/data/T0015/311196/b74521f/pwhm-226177/include/wld/wld_radio.h after 90s - using fallback metadata
2026-01-28 11:39:30,733 - Knowledge - INFO - process ingested knowledge for /app/data/T0015/311196/b74521f/pwhm-226177/src/Utils/wld_linuxIfUtils.c
2026-01-28 11:39:30,868 - Knowledge - INFO - process ingested knowledge for /app/data/T0015/311196/b74521f/pwhm-226177/test/testStaStats/deauthNot/notif_9.txt
2026-01-28 11:39:31,039 - Knowledge - INFO - Progress: 46.9% | Files: 144/303 | Rate: 0.14 files/sec | Queue: 104
2026-01-28 11:39:31,099 - Knowledge - INFO - Async storing batch of 5 embeddings
2026-01-28 11:39:31,518 - Knowledge - INFO - Worker kw9 processing /app/data/T0015/311196/b74521f/pwhm-226177/src/nl80211/wld_nl80211_parser.c
2026-01-28 11:39:31,799 - Knowledge - INFO - process ingested knowledge for /app/data/T0015/311196/b74521f/pwhm-226177/include_priv/nl80211/wld_hostapd_cfgManager_priv.h
2026-01-28 11:39:31,811 - Knowledge - INFO - process ingested knowledge for /app/data/T0015/311196/b74521f/pwhm-226177/include/wld/wld_mld.h
2026-01-28 11:39:31,824 - Knowledge - INFO - Processing batch of 5 files
2026-01-28 11:39:31,908 - Knowledge - INFO - [kw15] Queue=104, InProgress=0, PendingWorkers=20/20, Completed=148/303 (48.8%)
2026-01-28 11:39:31,932 - Knowledge - INFO - process ingested knowledge for /app/data/T0015/311196/b74521f/pwhm-226177/test/test_targets.mk
2026-01-28 11:39:31,940 - Knowledge - INFO - [kw11] Queue=104, InProgress=0, PendingWorkers=20/20, Completed=148/303 (48.8%)
2026-01-28 11:39:31,975 - Knowledge - INFO - [WEBSOCKET] Sent: Type=progress_update, Size: 293, Duration: 0ms
2026-01-28 11:39:31,999 - Knowledge - INFO - process ingested knowledge for /app/data/T0015/311196/b74521f/pwhm-226177/test/testHelper/wld_th_fsm.c
2026-01-28 11:39:32,177 - Knowledge - INFO - [kw4] Queue=104, InProgress=0, PendingWorkers=20/20, Completed=149/303 (49.2%)
2026-01-28 11:39:32,323 - Knowledge - INFO - Worker kw7 processing /app/data/T0015/311196/b74521f/pwhm-226177/test/testStaStats/assocNot/not_9.txt
2026-01-28 11:39:32,468 - Knowledge - INFO - Worker kw9 processing /app/data/T0015/311196/b74521f/pwhm-226177/src/Plugin/wifiGen_rad.c
2026-01-28 11:39:32,612 - Knowledge - INFO - process ingested knowledge for /app/data/T0015/311196/b74521f/pwhm-226177/include/wld/wld_accesspoint.h
2026-01-28 11:39:32,753 - Knowledge - INFO - process ingested knowledge for /app/data/T0015/311196/b74521f/pwhm-226177/test/testStaStats/deauthNot/notif_5.txt
2026-01-28 11:39:32,960 - Knowledge - INFO - process ingested knowledge for /app/data/T0015/311196/b74521f/pwhm-226177/include/wld/wld_nl80211_compat.h
2026-01-28 11:39:33,136 - Knowledge - INFO - Batch sizing: calculated=5, max_allowed=10, queue=104, active_workers=20/20
2026-01-28 11:39:33,281 - Knowledge - INFO - process ingested knowledge for /app/data/T0015/311196/b74521f/pwhm-226177/src/ApMgt/wld_ap_security.c
2026-01-28 11:39:33,438 - Knowledge - INFO - Batch sizing: calculated=5, max_allowed=10, queue=104, active_workers=20/20
2026-01-28 11:39:33,620 - Knowledge - INFO - Processing batch of 6 files
2026-01-28 11:39:33,642 - Knowledge - INFO - [WEBSOCKET] Sent: Type=unknown, Size: ?, Duration: 1667ms
2026-01-28 11:39:33,731 - Knowledge - INFO - process ingested knowledge for /app/data/T0015/311196/b74521f/pwhm-226177/include/wld/wld_endpoint.h
2026-01-28 11:39:33,781 - Knowledge - INFO - Batch sizing: calculated=5, max_allowed=10, queue=104, active_workers=20/20
2026-01-28 11:39:33,962 - Knowledge - INFO - Fast-tracked /app/data/T0015/311196/b74521f/pwhm-226177/test/testStaStats/assocNot/not_9.txt (ext=.txt, size=528)
2026-01-28 11:39:34,049 - Knowledge - INFO - Worker kw9 processing /app/data/T0015/311196/b74521f/pwhm-226177/include_priv/Plugin/wifiGen_fsm.h
2026-01-28 11:39:34,706 - Knowledge - INFO - process ingested knowledge for /app/data/T0015/311196/b74521f/pwhm-226177/src/nl80211/wld_nl80211_api.c
2026-01-28 11:39:34,764 - Knowledge - INFO - process ingested knowledge for /app/data/T0015/311196/b74521f/pwhm-226177/include_priv/nl80211/wld_nl80211_scan_priv.h
2026-01-28 11:39:34,783 - Knowledge - INFO - process ingested knowledge for /app/data/T0015/311196/b74521f/pwhm-226177/include/wld/wld_statsmon.h
2026-01-28 11:39:35,015 - Knowledge - INFO - Split /app/data/T0015/311196/b74521f/pwhm-226177/src/nl80211/wld_hostapd_cfgFile.c (66075 bytes) into 3 chunks of ~32KB
2026-01-28 11:39:35,041 - Knowledge - INFO - process ingested knowledge for /app/data/T0015/311196/b74521f/pwhm-226177/include_priv/Plugin/wifiGen_rad.h
2026-01-28 11:39:35,191 - Knowledge - INFO - Progress: 49.2% | Files: 151/303 | Rate: 0.14 files/sec | Queue: 99
2026-01-28 11:39:35,209 - Knowledge - INFO - Async storing batch of 6 embeddings
2026-01-28 11:39:35,279 - Knowledge - INFO - Async storing batch of 6 embeddings
2026-01-28 11:39:35,349 - Knowledge - INFO - process ingested knowledge for /app/data/T0015/311196/b74521f/pwhm-226177/src/nl80211/wld_secDmnGrp.c
2026-01-28 11:39:35,638 - Knowledge - INFO - Worker kw7 processing /app/data/T0015/311196/b74521f/pwhm-226177/test/testHelper/wld_th_ep.c
2026-01-28 11:39:35,758 - Knowledge - INFO - Async storing batch of 5 embeddings
2026-01-28 11:39:35,786 - Knowledge - INFO - [LLM_CALL] Completed: wld_wpaCtrlInterface.c:chunk1, Duration: 39343ms, PromptTokens: 14798, CompletionTokens: 1719, Cost: $0.00217
2026-01-28 11:39:36,106 - Knowledge - INFO - process ingested knowledge for /app/data/T0015/311196/b74521f/pwhm-226177/include/wld/wld_vendorModule_mgr.h
2026-01-28 11:39:36,416 - Knowledge - INFO - process ingested knowledge for /app/data/T0015/311196/b74521f/pwhm-226177/test/testScanSsid/test_scanSsid.c
2026-01-28 11:39:36,431 - Knowledge - INFO - process ingested knowledge for /app/data/T0015/311196/b74521f/pwhm-226177/src/Utils/wld_autoCommitMgr.c
2026-01-28 11:39:36,578 - Knowledge - INFO - Worker kw15 processing /app/data/T0015/311196/b74521f/pwhm-226177/include_priv/nl80211/wld_wpaCtrlMngr_priv.h
2026-01-28 11:39:36,611 - Knowledge - INFO - [kw5] Queue=89, InProgress=0, PendingWorkers=20/20, Completed=153/303 (50.5%)
2026-01-28 11:39:36,673 - Knowledge - INFO - Worker kw11 processing /app/data/T0015/311196/b74521f/pwhm-226177/src/nl80211/wld_nl80211_scan.c
2026-01-28 11:39:36,828 - Knowledge - INFO - process ingested knowledge for /app/data/T0015/311196/b74521f/pwhm-226177/include_priv/Plugin/wifiGen_vap.h
2026-01-28 11:39:36,951 - Knowledge - INFO - Fast-tracked /app/data/T0015/311196/b74521f/pwhm-226177/test/testHelper/wld_th_ep.c (ext=.c, size=6117)
2026-01-28 11:39:37,082 - Knowledge - INFO - Worker kw4 processing /app/data/T0015/311196/b74521f/pwhm-226177/acl/admin/pwhm-internal.json
2026-01-28 11:39:37,163 - Knowledge - INFO - done ingest for /app/data/T0015/311196/b74521f/pwhm-226177/src/nl80211/wld_wpaCtrlInterface.c
2026-01-28 11:39:37,187 - Knowledge - INFO - [LLM_CALL] Completed: wld_persist_off.c:chunk1, Duration: 34636ms, PromptTokens: 3400, CompletionTokens: 663, Cost: $0.00061
2026-01-28 11:39:37,265 - Knowledge - INFO - process ingested knowledge for /app/data/T0015/311196/b74521f/pwhm-226177/include/wld/wld_common.h
2026-01-28 11:39:37,710 - Knowledge - INFO - Worker kw15 processing /app/data/T0015/311196/b74521f/pwhm-226177/src/VendorModule/wld_vendorModule.c
2026-01-28 11:39:37,711 - Knowledge - INFO - process ingested knowledge for /app/data/T0015/311196/b74521f/pwhm-226177/test/testHelper/wld_th_dm.h
2026-01-28 11:39:37,847 - Knowledge - INFO - Batch sizing: calculated=4, max_allowed=10, queue=89, active_workers=20/20
2026-01-28 11:39:38,047 - Knowledge - INFO - Worker kw11 processing /app/data/T0015/311196/b74521f/pwhm-226177/include/wld/Features/wld_persist.h
2026-01-28 11:39:38,254 - Knowledge - INFO - Worker kw7 processing /app/data/T0015/311196/b74521f/pwhm-226177/src/Utils/wld_dmnMgt.c
2026-01-28 11:39:38,440 - Knowledge - INFO - Fast-tracked /app/data/T0015/311196/b74521f/pwhm-226177/acl/admin/pwhm-internal.json (ext=.json, size=331)
2026-01-28 11:39:39,206 - Knowledge - INFO - done ingest for /app/data/T0015/311196/b74521f/pwhm-226177/src/Features/persist/wld_persist_off.c
2026-01-28 11:39:39,468 - Knowledge - INFO - Processing batch of 6 files
2026-01-28 11:39:39,557 - Knowledge - INFO - Worker kw15 processing /app/data/T0015/311196/b74521f/pwhm-226177/src/wld_bStaMld.c
2026-01-28 11:39:40,042 - Knowledge - INFO - process ingested knowledge for /app/data/T0015/311196/b74521f/pwhm-226177/test/testStaStats/probeUpdate.txt
2026-01-28 11:39:40,050 - Knowledge - INFO - process ingested knowledge for /app/data/T0015/311196/b74521f/pwhm-226177/include/wld/wld_extMod.h
2026-01-28 11:39:40,078 - Knowledge - INFO - Worker kw11 processing /app/data/T0015/311196/b74521f/pwhm-226177/test/testStaStats/deauthNot/notif_0.txt
2026-01-28 11:39:40,083 - Knowledge - INFO - [kw3] Queue=89, InProgress=0, PendingWorkers=20/20, Completed=154/303 (50.8%)
2026-01-28 11:39:40,296 - Knowledge - INFO - Worker kw7 processing /app/data/T0015/311196/b74521f/pwhm-226177/include/wld/wld_eventing.h
2026-01-28 11:39:40,336 - Knowledge - INFO - Worker kw4 processing /app/data/T0015/311196/b74521f/pwhm-226177/include/wld/wld_rad_stamon.h
2026-01-28 11:39:40,668 - Knowledge - INFO - process ingested knowledge for /app/data/T0015/311196/b74521f/pwhm-226177/src/nl80211/wld_wpaCtrl_events.c
2026-01-28 11:39:40,898 - Knowledge - INFO - Worker kw15 processing /app/data/T0015/311196/b74521f/pwhm-226177/test/testStaStats/data0.txt
2026-01-28 11:39:41,293 - Knowledge - INFO - Async storing batch of 6 embeddings
2026-01-28 11:39:41,496 - Knowledge - INFO - Fast-tracked /app/data/T0015/311196/b74521f/pwhm-226177/test/testStaStats/deauthNot/notif_0.txt (ext=.txt, size=2052)
2026-01-28 11:39:41,554 - Knowledge - INFO - Batch sizing: calculated=4, max_allowed=10, queue=89, active_workers=20/20
2026-01-28 11:39:41,672 - Knowledge - INFO - process ingested knowledge for /app/data/T0015/311196/b74521f/pwhm-226177/include/wld/wld.h
2026-01-28 11:39:41,816 - Knowledge - INFO - Worker kw7 processing /app/data/T0015/311196/b74521f/pwhm-226177/test/testStaStats/deauthNot/notif_8.txt
2026-01-28 11:39:41,911 - Knowledge - INFO - Worker kw4 processing /app/data/T0015/311196/b74521f/pwhm-226177/include/wld/Utils/wld_autoCommitMgr.h
2026-01-28 11:39:42,272 - Knowledge - INFO - Fast-tracked /app/data/T0015/311196/b74521f/pwhm-226177/test/testStaStats/data0.txt (ext=.txt, size=3361)
2026-01-28 11:39:42,329 - Knowledge - INFO - Worker kw5 processing /app/data/T0015/311196/b74521f/pwhm-226177/src/nl80211/wld_nl80211_events.c
2026-01-28 11:39:42,558 - Knowledge - INFO - Worker kw11 processing /app/data/T0015/311196/b74521f/pwhm-226177/include/wld/wld_assocdev.h
2026-01-28 11:39:42,840 - Knowledge - INFO - [kw14] Queue=85, InProgress=0, PendingWorkers=20/20, Completed=154/303 (50.8%)
2026-01-28 11:39:42,945 - Knowledge - INFO - Fast-tracked /app/data/T0015/311196/b74521f/pwhm-226177/test/testStaStats/deauthNot/notif_8.txt (ext=.txt, size=785)
2026-01-28 11:39:43,068 - Knowledge - INFO - Worker kw4 processing /app/data/T0015/311196/b74521f/pwhm-226177/test/testHelper/wld_th_mockVendor.h
2026-01-28 11:39:43,103 - Knowledge - INFO - [LLM_CALL] Completed: wld_daemon.h:chunk1, Duration: 35541ms, PromptTokens: 5346, CompletionTokens: 1121, Cost: $0.00098
2026-01-28 11:39:43,121 - Knowledge - INFO - Worker kw15 processing /app/data/T0015/311196/b74521f/pwhm-226177/test/testStaStats/assocNot/not_1.txt
2026-01-28 11:39:43,262 - Knowledge - INFO - Worker kw5 processing /app/data/T0015/311196/b74521f/pwhm-226177/include_priv/Plugin/wifiGen_zwdfs.h
2026-01-28 11:39:43,268 - Knowledge - INFO - process ingested knowledge for /app/data/T0015/311196/b74521f/pwhm-226177/test/testStaStats/assocNot/not_8.txt
2026-01-28 11:39:43,432 - Knowledge - INFO - Worker kw11 processing /app/data/T0015/311196/b74521f/pwhm-226177/src/nl80211/wld_secDmn.c
2026-01-28 11:39:43,495 - Knowledge - INFO - Batch sizing: calculated=4, max_allowed=10, queue=85, active_workers=20/20
2026-01-28 11:39:43,522 - Knowledge - INFO - Async storage completed for 6 embeddings
2026-01-28 11:39:43,651 - Knowledge - INFO - process ingested knowledge for /app/data/T0015/311196/b74521f/pwhm-226177/src/wld_assocdev.c
2026-01-28 11:39:43,732 - Knowledge - INFO - Async storage completed for 6 embeddings
2026-01-28 11:39:43,757 - Knowledge - INFO - Fast-tracked /app/data/T0015/311196/b74521f/pwhm-226177/test/testHelper/wld_th_mockVendor.h (ext=.h, size=3434)
2026-01-28 11:39:43,828 - Knowledge - INFO - done ingest for /app/data/T0015/311196/b74521f/pwhm-226177/include/wld/wld_daemon.h
2026-01-28 11:39:43,862 - Knowledge - INFO - [LLM_CALL] Completed: wld_ap_mldConfig.c:chunk1, Duration: 19422ms, PromptTokens: 5418, CompletionTokens: 616, Cost: $0.00079
2026-01-28 11:39:43,992 - Knowledge - INFO - Fast-tracked /app/data/T0015/311196/b74521f/pwhm-226177/test/testStaStats/assocNot/not_1.txt (ext=.txt, size=1157)
2026-01-28 11:39:44,120 - Knowledge - INFO - Worker kw5 processing /app/data/T0015/311196/b74521f/pwhm-226177/src/nl80211/wld_wpaSupp_cfgManager.c
2026-01-28 11:39:44,353 - Knowledge - INFO - Split /app/data/T0015/311196/b74521f/pwhm-226177/src/nl80211/wld_nl80211_parser.c (74517 bytes) into 3 chunks of ~32KB
2026-01-28 11:39:44,456 - Knowledge - INFO - process ingested knowledge for /app/data/T0015/311196/b74521f/pwhm-226177/include/wld/wld_nl80211_api.h
2026-01-28 11:39:44,894 - Knowledge - INFO - Worker kw4 processing /app/data/T0015/311196/b74521f/pwhm-226177/src/ApMgt/wld_ap_macfilter.c
2026-01-28 11:39:45,187 - Knowledge - INFO - done ingest for /app/data/T0015/311196/b74521f/pwhm-226177/src/ApMgt/wld_ap_mldConfig.c
2026-01-28 11:39:45,204 - Knowledge - INFO - Async storing batch of 5 embeddings
2026-01-28 11:39:45,341 - Knowledge - INFO - Async storing batch of 6 embeddings
2026-01-28 11:39:45,578 - Knowledge - INFO - [LLM_CALL] Completed: wld_vendorModule.h:chunk1, Duration: 44992ms, PromptTokens: 4400, CompletionTokens: 433, Cost: $0.00061
2026-01-28 11:39:45,614 - Knowledge - INFO - Worker kw5 processing /app/data/T0015/311196/b74521f/pwhm-226177/include/wld/wld_dm_trans.h
2026-01-28 11:39:45,738 - Knowledge - INFO - [kw20] Queue=77, InProgress=0, PendingWorkers=20/20, Completed=154/303 (50.8%)
2026-01-28 11:39:46,105 - Knowledge - INFO - [kw1] Queue=77, InProgress=0, PendingWorkers=20/20, Completed=154/303 (50.8%)
2026-01-28 11:39:46,124 - Knowledge - INFO - process ingested knowledge for /app/data/T0015/311196/b74521f/pwhm-226177/test/testHelper/wld_th_radio.h
2026-01-28 11:39:46,297 - Knowledge - INFO - Worker kw3 processing /app/data/T0015/311196/b74521f/pwhm-226177/src/EpMgt/wld_tinyRoam.c
2026-01-28 11:39:46,479 - Knowledge - INFO - Worker kw14 processing /app/data/T0015/311196/b74521f/pwhm-226177/test/testRadio11be/rad5_cap.txt
2026-01-28 11:39:46,865 - Knowledge - INFO - done ingest for /app/data/T0015/311196/b74521f/pwhm-226177/include/wld/wld_vendorModule.h
2026-01-28 11:39:46,917 - Knowledge - INFO - [kw16] Queue=77, InProgress=0, PendingWorkers=20/20, Completed=154/303 (50.8%)
2026-01-28 11:39:47,150 - Knowledge - INFO - Batch sizing: calculated=4, max_allowed=10, queue=77, active_workers=20/20
2026-01-28 11:39:47,290 - Knowledge - INFO - Batch sizing: calculated=4, max_allowed=10, queue=77, active_workers=20/20
2026-01-28 11:39:47,507 - Knowledge - INFO - process ingested knowledge for /app/data/T0015/311196/b74521f/pwhm-226177/include/wld/wld_radio.h
2026-01-28 11:39:47,579 - Knowledge - INFO - Worker kw3 processing /app/data/T0015/311196/b74521f/pwhm-226177/src/wld_radio.c
2026-01-28 11:39:47,715 - Knowledge - INFO - Fast-tracked /app/data/T0015/311196/b74521f/pwhm-226177/test/testRadio11be/rad5_cap.txt (ext=.txt, size=296)
2026-01-28 11:39:47,909 - Knowledge - INFO - Batch sizing: calculated=4, max_allowed=10, queue=77, active_workers=20/20
2026-01-28 11:39:48,412 - Knowledge - INFO - Async storing batch of 5 embeddings
2026-01-28 11:39:48,439 - Knowledge - INFO - Async storing batch of 5 embeddings
2026-01-28 11:39:48,478 - Knowledge - INFO - process ingested knowledge for /app/data/T0015/311196/b74521f/pwhm-226177/test/fta/test_fta.c
2026-01-28 11:39:48,739 - Knowledge - INFO - Fast-tracked /app/data/T0015/311196/b74521f/pwhm-226177/src/wld_radio.c (ext=.c, size=223136)
2026-01-28 11:39:48,852 - Knowledge - INFO - Worker kw14 processing /app/data/T0015/311196/b74521f/pwhm-226177/src/RadMgt/wld_rad_macCfg.c
2026-01-28 11:39:49,050 - Knowledge - INFO - Async storing batch of 5 embeddings
2026-01-28 11:39:49,166 - Knowledge - INFO - [WEBSOCKET] Sent: Type=progress_update, Size: 295, Duration: 0ms
2026-01-28 11:39:49,194 - Knowledge - INFO - Worker kw20 processing /app/data/T0015/311196/b74521f/pwhm-226177/include/wld/wld_zwdfs.h
2026-01-28 11:39:49,506 - Knowledge - INFO - Worker kw1 processing /app/data/T0015/311196/b74521f/pwhm-226177/src/Plugin/wifiGen_ep.c
2026-01-28 11:39:49,927 - Knowledge - INFO - Worker kw3 processing /app/data/T0015/311196/b74521f/pwhm-226177/src/nl80211/wld_ep_nl80211.c
2026-01-28 11:39:50,122 - Knowledge - INFO - Worker kw14 processing /app/data/T0015/311196/b74521f/pwhm-226177/test/testScanSsid/ScanResults-5g-2.txt
2026-01-28 11:39:50,270 - Knowledge - INFO - Worker kw16 processing /app/data/T0015/311196/b74521f/pwhm-226177/include/wld/wld_nl80211_core.h
2026-01-28 11:39:50,486 - Knowledge - INFO - [WEBSOCKET] Sent: Type=unknown, Size: ?, Duration: 1320ms
2026-01-28 11:39:50,601 - Knowledge - INFO - Worker kw20 processing /app/data/T0015/311196/b74521f/pwhm-226177/include/wld/wld_wpaCtrlInterface.h
2026-01-28 11:39:50,870 - Knowledge - INFO - Worker kw1 processing /app/data/T0015/311196/b74521f/pwhm-226177/include/wld/wld_secDmn_types.h
2026-01-28 11:39:51,158 - Knowledge - INFO - Worker kw3 processing /app/data/T0015/311196/b74521f/pwhm-226177/include/wld/wld_monitor.h
2026-01-28 11:39:51,310 - Knowledge - INFO - Fast-tracked /app/data/T0015/311196/b74521f/pwhm-226177/test/testScanSsid/ScanResults-5g-2.txt (ext=.txt, size=9047)
2026-01-28 11:39:51,503 - Knowledge - INFO - Worker kw16 processing /app/data/T0015/311196/b74521f/pwhm-226177/test/testStaStats/assocNot/not_7.txt
2026-01-28 11:39:51,561 - Knowledge - INFO - Progress: 52.1% | Files: 159/303 | Rate: 0.15 files/sec | Queue: 65
2026-01-28 11:39:51,589 - Knowledge - INFO - Processing batch of 5 files
2026-01-28 11:39:51,727 - Knowledge - INFO - Worker kw20 processing /app/data/T0015/311196/b74521f/pwhm-226177/include_priv/nl80211/wld_nl80211_api_priv.h
2026-01-28 11:39:51,900 - Knowledge - INFO - Worker kw1 processing /app/data/T0015/311196/b74521f/pwhm-226177/acl/admin/pwhm.json
2026-01-28 11:39:52,145 - Knowledge - INFO - Worker kw14 processing /app/data/T0015/311196/b74521f/pwhm-226177/include/wld/wld_linuxIfStats.h
2026-01-28 11:39:52,263 - Knowledge - INFO - Fast-tracked /app/data/T0015/311196/b74521f/pwhm-226177/test/testStaStats/assocNot/not_7.txt (ext=.txt, size=501)
2026-01-28 11:39:52,461 - Knowledge - INFO - [kw19] Queue=65, InProgress=0, PendingWorkers=20/20, Completed=159/303 (52.5%)
2026-01-28 11:39:52,971 - Knowledge - INFO - process ingested knowledge for /app/data/T0015/311196/b74521f/pwhm-226177/include/wld/wld_wpaSupp_parser.h
2026-01-28 11:39:52,998 - Knowledge - INFO - Worker kw20 processing /app/data/T0015/311196/b74521f/pwhm-226177/scripts/debugInfo.sh
2026-01-28 11:39:53,188 - Knowledge - INFO - Fast-tracked /app/data/T0015/311196/b74521f/pwhm-226177/acl/admin/pwhm.json (ext=.json, size=1552)
2026-01-28 11:39:53,491 - Knowledge - INFO - Worker kw16 processing /app/data/T0015/311196/b74521f/pwhm-226177/include/wld/wld_util.h
2026-01-28 11:39:53,588 - Knowledge - INFO - Batch sizing: calculated=4, max_allowed=10, queue=65, active_workers=20/20
2026-01-28 11:39:53,739 - Knowledge - INFO - process ingested knowledge for /app/data/T0015/311196/b74521f/pwhm-226177/test/testStaStats/deauthNot/notif_4.txt
2026-01-28 11:39:53,783 - Knowledge - INFO - [kw8] Queue=65, InProgress=0, PendingWorkers=20/20, Completed=159/303 (52.5%)
2026-01-28 11:39:53,842 - Knowledge - INFO - Fast-tracked /app/data/T0015/311196/b74521f/pwhm-226177/scripts/debugInfo.sh (ext=.sh, size=1762)
2026-01-28 11:39:53,940 - Knowledge - INFO - [LLM_CALL] Completed: wld_hostapd_ap_api.h:chunk1, Duration: 79325ms, PromptTokens: 5674, CompletionTokens: 2440, Cost: $0.00154
2026-01-28 11:39:53,952 - Knowledge - INFO - Worker kw1 processing /app/data/T0015/311196/b74521f/pwhm-226177/src/nl80211/wld_nl80211_attr.c
2026-01-28 11:39:54,117 - Knowledge - INFO - Worker kw16 processing /app/data/T0015/311196/b74521f/pwhm-226177/include/wld/wld_apMld.h
2026-01-28 11:39:54,382 - Knowledge - INFO - process ingested knowledge for /app/data/T0015/311196/b74521f/pwhm-226177/src/nl80211/wld_wpaCtrlInterface.c
2026-01-28 11:39:54,458 - Knowledge - INFO - Batch sizing: calculated=4, max_allowed=10, queue=65, active_workers=20/20
2026-01-28 11:39:54,809 - Knowledge - INFO - done ingest for /app/data/T0015/311196/b74521f/pwhm-226177/include/wld/wld_hostapd_ap_api.h
2026-01-28 11:39:54,896 - Knowledge - INFO - Async storing batch of 6 embeddings
2026-01-28 11:39:55,212 - Knowledge - INFO - process ingested knowledge for /app/data/T0015/311196/b74521f/pwhm-226177/include/wld/wld_vendorModule.h
2026-01-28 11:39:55,343 - Knowledge - INFO - Async storing batch of 6 embeddings
2026-01-28 11:39:55,619 - Knowledge - INFO - Worker kw19 processing /app/data/T0015/311196/b74521f/pwhm-226177/test/testStaStats/deauthNot/notif_6.txt
2026-01-28 11:39:55,827 - Knowledge - INFO - process ingested knowledge for /app/data/T0015/311196/b74521f/pwhm-226177/test/testStaStatsWiFi7/stationStats/stats_test2.txt
2026-01-28 11:39:55,980 - Knowledge - INFO - Worker kw8 processing /app/data/T0015/311196/b74521f/pwhm-226177/src/nl80211/wld_ssid_nl80211.c
2026-01-28 11:39:56,164 - Knowledge - INFO - Fast-tracked /app/data/T0015/311196/b74521f/pwhm-226177/test/testStaStats/deauthNot/notif_6.txt (ext=.txt, size=2444)
2026-01-28 11:39:56,580 - Knowledge - INFO - Worker kw8 processing /app/data/T0015/311196/b74521f/pwhm-226177/src/Utils/wld_autoNeighAdd.c
2026-01-28 11:39:56,651 - Knowledge - INFO - Worker kw19 processing /app/data/T0015/311196/b74521f/pwhm-226177/test/testRadio11be/rad6_base.txt
2026-01-28 11:39:56,844 - Knowledge - INFO - Worker kw8 processing /app/data/T0015/311196/b74521f/pwhm-226177/src/Features/persist/wld_persist_on.c
2026-01-28 11:39:57,282 - Knowledge - INFO - Fast-tracked /app/data/T0015/311196/b74521f/pwhm-226177/test/testRadio11be/rad6_base.txt (ext=.txt, size=4242)
2026-01-28 11:39:57,436 - Knowledge - INFO - Worker kw8 processing /app/data/T0015/311196/b74521f/pwhm-226177/src/Plugin/wifiGen_mld.c
2026-01-28 11:39:57,584 - Knowledge - INFO - Worker kw19 processing /app/data/T0015/311196/b74521f/pwhm-226177/include/wld/wld_ap_nl80211.h
2026-01-28 11:39:57,866 - Knowledge - INFO - Worker kw19 processing /app/data/T0015/311196/b74521f/pwhm-226177/test/testStaStatsWiFi7/stationStats/stats_test4.txt
2026-01-28 11:39:58,093 - Knowledge - INFO - Fast-tracked /app/data/T0015/311196/b74521f/pwhm-226177/test/testStaStatsWiFi7/stationStats/stats_test4.txt (ext=.txt, size=5158)
2026-01-28 11:40:00,093 - Knowledge - INFO - [kw2] Queue=57, InProgress=0, PendingWorkers=20/20, Completed=159/303 (52.5%)
2026-01-28 11:40:00,362 - Knowledge - INFO - Batch sizing: calculated=4, max_allowed=10, queue=57, active_workers=20/20
2026-01-28 11:40:00,569 - Knowledge - INFO - [LLM_CALL] Completed: wld_nl80211_utils.c:chunk1, Duration: 48825ms, PromptTokens: 5064, CompletionTokens: 518, Cost: $0.00071
2026-01-28 11:40:01,015 - Knowledge - INFO - done ingest for /app/data/T0015/311196/b74521f/pwhm-226177/src/nl80211/wld_nl80211_utils.c
2026-01-28 11:40:01,027 - Knowledge - INFO - Async storing batch of 5 embeddings
2026-01-28 11:40:01,458 - Knowledge - INFO - Worker kw2 processing /app/data/T0015/311196/b74521f/pwhm-226177/include/wld/wld_epProfile.h
2026-01-28 11:40:01,911 - Knowledge - INFO - Worker kw2 processing /app/data/T0015/311196/b74521f/pwhm-226177/include/wld/Utils/wld_config.h
2026-01-28 11:40:02,280 - Knowledge - INFO - Worker kw2 processing /app/data/T0015/311196/b74521f/pwhm-226177/src/wld_mld.c
2026-01-28 11:40:02,659 - Knowledge - INFO - Worker kw2 processing /app/data/T0015/311196/b74521f/pwhm-226177/include/wld/wld_nl80211_utils.h
2026-01-28 11:40:05,172 - Knowledge - INFO - [LLM_CALL] Completed: wld_nl80211_attr.h:chunk1, Duration: 29970ms, PromptTokens: 4406, CompletionTokens: 572, Cost: $0.00067
2026-01-28 11:40:05,370 - Knowledge - INFO - done ingest for /app/data/T0015/311196/b74521f/pwhm-226177/include/wld/wld_nl80211_attr.h
2026-01-28 11:40:11,751 - Knowledge - INFO - [LLM_CALL] Completed: wld_wpaCtrlGSock.h:chunk1, Duration: 61928ms, PromptTokens: 3332, CompletionTokens: 1108, Cost: $0.00078
2026-01-28 11:40:12,064 - Knowledge - INFO - done ingest for /app/data/T0015/311196/b74521f/pwhm-226177/include/wld/wld_wpaCtrlGSock.h
2026-01-28 11:40:12,097 - Knowledge - INFO - Async storage completed for 5 embeddings
2026-01-28 11:40:12,101 - Knowledge - INFO - [LLM_CALL] Completed: wld_rad_caps.c:chunk1, Duration: 46347ms, PromptTokens: 8900, CompletionTokens: 1211, Cost: $0.00137
2026-01-28 11:40:12,673 - Knowledge - INFO - done ingest for /app/data/T0015/311196/b74521f/pwhm-226177/src/RadMgt/wld_rad_caps.c
2026-01-28 11:40:12,912 - Knowledge - INFO - [LLM_CALL] Completed: wld_nl80211_core.c:chunk1, Duration: 130938ms, PromptTokens: 25298, CompletionTokens: 1558, Cost: $0.00315
2026-01-28 11:40:13,353 - Knowledge - INFO - done ingest for /app/data/T0015/311196/b74521f/pwhm-226177/src/nl80211/wld_nl80211_core.c
2026-01-28 11:40:14,303 - Knowledge - INFO - Processing batch of 5 files
2026-01-28 11:40:14,374 - Knowledge - INFO - [LLM_CALL] Completed: wld_bgdfs.c:chunk1, Duration: 52884ms, PromptTokens: 12082, CompletionTokens: 1277, Cost: $0.00172
2026-01-28 11:40:14,577 - Knowledge - INFO - process ingested knowledge for /app/data/T0015/311196/b74521f/pwhm-226177/src/Features/persist/wld_persist_off.c
2026-01-28 11:40:14,692 - Knowledge - INFO - done ingest for /app/data/T0015/311196/b74521f/pwhm-226177/src/ChannelManagement/wld_bgdfs.c
2026-01-28 11:40:14,893 - Knowledge - INFO - process ingested knowledge for /app/data/T0015/311196/b74521f/pwhm-226177/include/wld/wld_daemon.h
2026-01-28 11:40:15,163 - Knowledge - INFO - process ingested knowledge for /app/data/T0015/311196/b74521f/pwhm-226177/test/test_securityConfig/test_securityConfig.c
2026-01-28 11:40:15,380 - Knowledge - INFO - process ingested knowledge for /app/data/T0015/311196/b74521f/pwhm-226177/include/wld/wld_wpaCtrlGSock.h
2026-01-28 11:40:15,621 - Knowledge - INFO - process ingested knowledge for /app/data/T0015/311196/b74521f/pwhm-226177/src/nl80211/wld_nl80211_utils.c
2026-01-28 11:40:15,839 - Knowledge - INFO - Processing batch of 5 files
2026-01-28 11:40:16,076 - Knowledge - INFO - [LLM_CALL] Completed: wld_rad_ifMgt.c:chunk1, Duration: 42482ms, PromptTokens: 8518, CompletionTokens: 782, Cost: $0.00116
2026-01-28 11:40:16,148 - Knowledge - INFO - process ingested knowledge for /app/data/T0015/311196/b74521f/pwhm-226177/test/testStaStats/history4.txt
2026-01-28 11:40:16,347 - Knowledge - INFO - done ingest for /app/data/T0015/311196/b74521f/pwhm-226177/src/RadMgt/wld_rad_ifMgt.c
2026-01-28 11:40:16,448 - Knowledge - INFO - process ingested knowledge for /app/data/T0015/311196/b74521f/pwhm-226177/src/ChannelManagement/wld_bgdfs.c
2026-01-28 11:40:17,103 - Knowledge - INFO - [LLM_CALL] Completed: wld_linuxIfUtils.h:chunk1, Duration: 46029ms, PromptTokens: 5512, CompletionTokens: 1143, Cost: $0.00101
2026-01-28 11:40:17,241 - Knowledge - INFO - process ingested knowledge for /app/data/T0015/311196/b74521f/pwhm-226177/baf.yml
2026-01-28 11:40:17,354 - Knowledge - INFO - done ingest for /app/data/T0015/311196/b74521f/pwhm-226177/include/wld/wld_linuxIfUtils.h
2026-01-28 11:40:17,789 - Knowledge - INFO - process ingested knowledge for /app/data/T0015/311196/b74521f/pwhm-226177/src/ApMgt/wld_ap_mldConfig.c
2026-01-28 11:40:18,635 - Knowledge - INFO - process ingested knowledge for /app/data/T0015/311196/b74521f/pwhm-226177/src/RadMgt/wld_rad_caps.c
2026-01-28 11:40:18,687 - Knowledge - INFO - Async storage completed for 6 embeddings
2026-01-28 11:40:20,162 - Knowledge - INFO - [WEBSOCKET] Sent: Type=progress_update, Size: 294, Duration: 0ms
2026-01-28 11:40:20,472 - Knowledge - INFO - [WEBSOCKET] Sent: Type=unknown, Size: ?, Duration: 310ms
2026-01-28 11:40:20,843 - Knowledge - INFO - Progress: 55.8% | Files: 169/303 | Rate: 0.15 files/sec | Queue: 53
2026-01-28 11:40:21,106 - Knowledge - INFO - [kw17] Queue=53, InProgress=0, PendingWorkers=20/20, Completed=169/303 (55.8%)
2026-01-28 11:40:21,339 - Knowledge - INFO - Batch sizing: calculated=4, max_allowed=10, queue=53, active_workers=20/20
2026-01-28 11:40:21,615 - Knowledge - INFO - Async storing batch of 5 embeddings
2026-01-28 11:40:21,916 - Knowledge - INFO - Worker kw17 processing /app/data/T0015/311196/b74521f/pwhm-226177/include/wld/wld_chaninfo.h
2026-01-28 11:40:22,312 - Knowledge - INFO - Worker kw17 processing /app/data/T0015/311196/b74521f/pwhm-226177/include/wld/wld_nl80211.h
2026-01-28 11:40:22,683 - Knowledge - INFO - Worker kw17 processing /app/data/T0015/311196/b74521f/pwhm-226177/src/Plugin/wld_plugin.c
2026-01-28 11:40:22,704 - Knowledge - INFO - [kw10] Queue=49, InProgress=0, PendingWorkers=20/20, Completed=169/303 (55.8%)
2026-01-28 11:40:23,493 - Knowledge - INFO - Batch sizing: calculated=4, max_allowed=10, queue=49, active_workers=20/20
2026-01-28 11:40:23,535 - Knowledge - INFO - Worker kw17 processing /app/data/T0015/311196/b74521f/pwhm-226177/test/test_wpaSupp_cfgFile/test_wpaSupp_cfgFile.c
2026-01-28 11:40:23,758 - Knowledge - INFO - Async storing batch of 5 embeddings
2026-01-28 11:40:23,913 - Knowledge - INFO - Fast-tracked /app/data/T0015/311196/b74521f/pwhm-226177/test/test_wpaSupp_cfgFile/test_wpaSupp_cfgFile.c (ext=.c, size=6658)
2026-01-28 11:40:24,119 - Knowledge - INFO - Worker kw10 processing /app/data/T0015/311196/b74521f/pwhm-226177/include/wld/wld_bgdfs.h
2026-01-28 11:40:24,397 - Knowledge - INFO - Worker kw10 processing /app/data/T0015/311196/b74521f/pwhm-226177/src/Plugin/wifiGen_hapd.c
2026-01-28 11:40:24,692 - Knowledge - INFO - Worker kw10 processing /app/data/T0015/311196/b74521f/pwhm-226177/include/wld/wld_fsm.h
2026-01-28 11:40:24,850 - Knowledge - WARNING - Timeout processing /app/data/T0015/311196/b74521f/pwhm-226177/src/wld_ssid.c after 90s - using fallback metadata
2026-01-28 11:40:25,086 - Knowledge - INFO - Worker kw10 processing /app/data/T0015/311196/b74521f/pwhm-226177/include/wld/wld_wpaCtrl_api.h
2026-01-28 11:40:25,138 - Knowledge - WARNING - Timeout processing /app/data/T0015/311196/b74521f/pwhm-226177/src/ChannelManagement/wld_zwdfs.c after 90s - using fallback metadata
2026-01-28 11:40:27,144 - Knowledge - INFO - Processing batch of 5 files
2026-01-28 11:40:27,360 - Knowledge - INFO - process ingested knowledge for /app/data/T0015/311196/b74521f/pwhm-226177/include/wld/wld_nl80211_debug.h
2026-01-28 11:40:27,725 - Knowledge - INFO - process ingested knowledge for /app/data/T0015/311196/b74521f/pwhm-226177/include/wld/wld_hostapd_ap_api.h
2026-01-28 11:40:28,057 - Knowledge - INFO - process ingested knowledge for /app/data/T0015/311196/b74521f/pwhm-226177/test/testStaStats/assocNot/not_5.txt
2026-01-28 11:40:28,269 - Knowledge - INFO - process ingested knowledge for /app/data/T0015/311196/b74521f/pwhm-226177/src/wld_ssid.c
2026-01-28 11:40:28,534 - Knowledge - INFO - process ingested knowledge for /app/data/T0015/311196/b74521f/pwhm-226177/src/ChannelManagement/wld_zwdfs.c
2026-01-28 11:40:30,109 - Knowledge - INFO - Async storage completed for 6 embeddings
2026-01-28 11:40:31,267 - Knowledge - INFO - Async storage completed for 6 embeddings
2026-01-28 11:40:31,406 - Knowledge - INFO - [kw6] Queue=45, InProgress=0, PendingWorkers=20/20, Completed=174/303 (57.4%)
2026-01-28 11:40:31,706 - Knowledge - INFO - Batch sizing: calculated=4, max_allowed=10, queue=45, active_workers=20/20
2026-01-28 11:40:32,006 - Knowledge - INFO - Async storing batch of 5 embeddings
2026-01-28 11:40:32,291 - Knowledge - INFO - Worker kw6 processing /app/data/T0015/311196/b74521f/pwhm-226177/test/testHelper/wld_th_fsm.h
2026-01-28 11:40:32,663 - Knowledge - INFO - Fast-tracked /app/data/T0015/311196/b74521f/pwhm-226177/test/testHelper/wld_th_fsm.h (ext=.h, size=4256)
2026-01-28 11:40:32,721 - Knowledge - INFO - [LLM_CALL] Completed: wld_eventing.h:chunk1, Duration: 39498ms, PromptTokens: 3050, CompletionTokens: 578, Cost: $0.00054
2026-01-28 11:40:32,993 - Knowledge - INFO - Worker kw6 processing /app/data/T0015/311196/b74521f/pwhm-226177/test/wld_channel/test_wld_channel_info.c
2026-01-28 11:40:33,235 - Knowledge - INFO - done ingest for /app/data/T0015/311196/b74521f/pwhm-226177/include/wld/wld_eventing.h
2026-01-28 11:40:33,369 - Knowledge - INFO - [LLM_CALL] Completed: wld_ap_nl80211.c:chunk1, Duration: 63630ms, PromptTokens: 9774, CompletionTokens: 1496, Cost: $0.00158
2026-01-28 11:40:33,425 - Knowledge - INFO - Fast-tracked /app/data/T0015/311196/b74521f/pwhm-226177/test/wld_channel/test_wld_channel_info.c (ext=.c, size=10197)
2026-01-28 11:40:33,746 - Knowledge - INFO - done ingest for /app/data/T0015/311196/b74521f/pwhm-226177/src/nl80211/wld_ap_nl80211.c
2026-01-28 11:40:33,873 - Knowledge - INFO - Worker kw6 processing /app/data/T0015/311196/b74521f/pwhm-226177/test/testScanSsid/ScanResults-5g-6.txt
2026-01-28 11:40:34,293 - Knowledge - INFO - Fast-tracked /app/data/T0015/311196/b74521f/pwhm-226177/test/testScanSsid/ScanResults-5g-6.txt (ext=.txt, size=3673)
2026-01-28 11:40:34,529 - Knowledge - INFO - Worker kw6 processing /app/data/T0015/311196/b74521f/pwhm-226177/CHANGELOG.md
2026-01-28 11:40:34,890 - Knowledge - INFO - Fast-tracked /app/data/T0015/311196/b74521f/pwhm-226177/CHANGELOG.md (ext=.md, size=66601)
2026-01-28 11:40:35,348 - Knowledge - INFO - Async storage completed for 5 embeddings
2026-01-28 11:40:35,553 - Knowledge - INFO - Async storage completed for 6 embeddings
2026-01-28 11:40:36,251 - Knowledge - INFO - Processing batch of 4 files
2026-01-28 11:40:36,530 - Knowledge - INFO - process ingested knowledge for /app/data/T0015/311196/b74521f/pwhm-226177/test/testHelper/wld_th_fsm.h
2026-01-28 11:40:37,471 - Knowledge - INFO - process ingested knowledge for /app/data/T0015/311196/b74521f/pwhm-226177/test/wld_channel/test_wld_channel_info.c
2026-01-28 11:40:37,805 - Knowledge - INFO - process ingested knowledge for /app/data/T0015/311196/b74521f/pwhm-226177/test/testScanSsid/ScanResults-5g-6.txt
2026-01-28 11:40:37,892 - Knowledge - INFO - [LLM_CALL] Completed: wld_dmnMgt.c:chunk1, Duration: 52642ms, PromptTokens: 5152, CompletionTokens: 698, Cost: $0.00079
2026-01-28 11:40:38,227 - Knowledge - INFO - process ingested knowledge for /app/data/T0015/311196/b74521f/pwhm-226177/CHANGELOG.md
2026-01-28 11:40:38,396 - Knowledge - INFO - done ingest for /app/data/T0015/311196/b74521f/pwhm-226177/src/Utils/wld_dmnMgt.c
2026-01-28 11:40:39,524 - Knowledge - INFO - [LLM_CALL] Completed: wld_wpaCtrlMngr_priv.h:chunk1, Duration: 54032ms, PromptTokens: 3016, CompletionTokens: 211, Cost: $0.00039
2026-01-28 11:40:39,766 - Knowledge - INFO - done ingest for /app/data/T0015/311196/b74521f/pwhm-226177/include_priv/nl80211/wld_wpaCtrlMngr_priv.h
2026-01-28 11:40:39,818 - Knowledge - INFO - [LLM_CALL] Completed: wld_ap_nl80211.h:chunk1, Duration: 41111ms, PromptTokens: 5640, CompletionTokens: 1167, Cost: $0.00103
2026-01-28 11:40:40,143 - Knowledge - INFO - done ingest for /app/data/T0015/311196/b74521f/pwhm-226177/include/wld/wld_ap_nl80211.h
2026-01-28 11:40:41,182 - Knowledge - INFO - Processing batch of 5 files
2026-01-28 11:40:41,237 - Knowledge - INFO - Processing batch of 4 files
2026-01-28 11:40:41,357 - Knowledge - INFO - [WEBSOCKET] Sent: Type=progress_update, Size: 294, Duration: 0ms
2026-01-28 11:40:41,581 - Knowledge - INFO - process ingested knowledge for /app/data/T0015/311196/b74521f/pwhm-226177/test/testStaStats/assocNot/not_9.txt
2026-01-28 11:40:41,645 - Knowledge - INFO - process ingested knowledge for /app/data/T0015/311196/b74521f/pwhm-226177/test/testStaStats/deauthNot/notif_6.txt
2026-01-28 11:40:41,812 - Knowledge - INFO - [WEBSOCKET] Sent: Type=unknown, Size: ?, Duration: 455ms
2026-01-28 11:40:41,986 - Knowledge - INFO - process ingested knowledge for /app/data/T0015/311196/b74521f/pwhm-226177/test/testHelper/wld_th_ep.c
2026-01-28 11:40:42,115 - Knowledge - INFO - process ingested knowledge for /app/data/T0015/311196/b74521f/pwhm-226177/test/testRadio11be/rad6_base.txt
2026-01-28 11:40:42,320 - Knowledge - INFO - Progress: 61.7% | Files: 187/303 | Rate: 0.17 files/sec | Queue: 41
2026-01-28 11:40:42,441 - Knowledge - INFO - process ingested knowledge for /app/data/T0015/311196/b74521f/pwhm-226177/src/Utils/wld_dmnMgt.c
2026-01-28 11:40:42,575 - Knowledge - INFO - process ingested knowledge for /app/data/T0015/311196/b74521f/pwhm-226177/include/wld/wld_ap_nl80211.h
2026-01-28 11:40:42,712 - Knowledge - INFO - [kw6] Queue=41, InProgress=0, PendingWorkers=20/20, Completed=187/303 (61.7%)
2026-01-28 11:40:42,853 - Knowledge - INFO - process ingested knowledge for /app/data/T0015/311196/b74521f/pwhm-226177/include/wld/wld_eventing.h
2026-01-28 11:40:43,111 - Knowledge - INFO - process ingested knowledge for /app/data/T0015/311196/b74521f/pwhm-226177/test/testStaStatsWiFi7/stationStats/stats_test4.txt
2026-01-28 11:40:43,265 - Knowledge - INFO - Batch sizing: calculated=4, max_allowed=10, queue=41, active_workers=20/20
2026-01-28 11:40:43,475 - Knowledge - INFO - process ingested knowledge for /app/data/T0015/311196/b74521f/pwhm-226177/test/testStaStats/deauthNot/notif_8.txt
2026-01-28 11:40:43,722 - Knowledge - INFO - [LLM_CALL] Completed: wifiGen_vap.c:chunk1, Duration: 64500ms, PromptTokens: 22388, CompletionTokens: 2689, Cost: $0.00331
2026-01-28 11:40:44,004 - Knowledge - INFO - done ingest for /app/data/T0015/311196/b74521f/pwhm-226177/src/Plugin/wifiGen_vap.c
2026-01-28 11:40:44,007 - Knowledge - INFO - Async storing batch of 4 embeddings
2026-01-28 11:40:44,417 - Knowledge - INFO - Worker kw6 processing /app/data/T0015/311196/b74521f/pwhm-226177/test/test_channel5G/test_channel5G.c
2026-01-28 11:40:44,716 - Knowledge - INFO - Fast-tracked /app/data/T0015/311196/b74521f/pwhm-226177/test/test_channel5G/test_channel5G.c (ext=.c, size=7358)
2026-01-28 11:40:44,762 - Knowledge - INFO - Async storage completed for 5 embeddings
2026-01-28 11:40:45,023 - Knowledge - INFO - Worker kw6 processing /app/data/T0015/311196/b74521f/pwhm-226177/scripts/wld.sh
2026-01-28 11:40:45,348 - Knowledge - INFO - Fast-tracked /app/data/T0015/311196/b74521f/pwhm-226177/scripts/wld.sh (ext=.sh, size=602)
2026-01-28 11:40:45,654 - Knowledge - INFO - Worker kw6 processing /app/data/T0015/311196/b74521f/pwhm-226177/test/testRadio11be/rad2_base.txt
2026-01-28 11:40:45,837 - Knowledge - INFO - Fast-tracked /app/data/T0015/311196/b74521f/pwhm-226177/test/testRadio11be/rad2_base.txt (ext=.txt, size=3972)
2026-01-28 11:40:46,099 - Knowledge - INFO - Worker kw6 processing /app/data/T0015/311196/b74521f/pwhm-226177/include/wld/wld_rad_hostapd_api.h
2026-01-28 11:40:46,248 - Knowledge - INFO - Processing batch of 5 files
2026-01-28 11:40:46,561 - Knowledge - INFO - process ingested knowledge for /app/data/T0015/311196/b74521f/pwhm-226177/include/wld/wld_linuxIfUtils.h
2026-01-28 11:40:46,594 - Knowledge - INFO - [LLM_CALL] Completed: wifiGen_fsm.h:chunk1, Duration: 28612ms, PromptTokens: 3126, CompletionTokens: 195, Cost: $0.00039
2026-01-28 11:40:46,762 - Knowledge - INFO - [kw19] Queue=37, InProgress=0, PendingWorkers=20/20, Completed=192/303 (63.4%)
2026-01-28 11:40:46,822 - Knowledge - INFO - process ingested knowledge for /app/data/T0015/311196/b74521f/pwhm-226177/include/wld/wld_nl80211_attr.h
2026-01-28 11:40:46,965 - Knowledge - INFO - done ingest for /app/data/T0015/311196/b74521f/pwhm-226177/include_priv/Plugin/wifiGen_fsm.h
2026-01-28 11:40:47,122 - Knowledge - INFO - Batch sizing: calculated=4, max_allowed=10, queue=37, active_workers=20/20
2026-01-28 11:40:47,385 - Knowledge - INFO - process ingested knowledge for /app/data/T0015/311196/b74521f/pwhm-226177/src/Plugin/wifiGen_vap.c
2026-01-28 11:40:47,592 - Knowledge - INFO - [kw7] Queue=37, InProgress=0, PendingWorkers=20/20, Completed=192/303 (63.4%)
2026-01-28 11:40:47,628 - Knowledge - INFO - Async storing batch of 4 embeddings
2026-01-28 11:40:47,740 - Knowledge - INFO - process ingested knowledge for /app/data/T0015/311196/b74521f/pwhm-226177/scripts/debug_wifi.sh
2026-01-28 11:40:47,911 - Knowledge - INFO - Batch sizing: calculated=4, max_allowed=10, queue=37, active_workers=20/20
2026-01-28 11:40:48,027 - Knowledge - INFO - Worker kw19 processing /app/data/T0015/311196/b74521f/pwhm-226177/src/ChannelManagement/wld_channel_info.c
2026-01-28 11:40:48,148 - Knowledge - INFO - process ingested knowledge for /app/data/T0015/311196/b74521f/pwhm-226177/test/testStaStats/history0.txt
2026-01-28 11:40:48,227 - Knowledge - INFO - Async storage completed for 5 embeddings
2026-01-28 11:40:48,319 - Knowledge - INFO - Async storing batch of 5 embeddings
2026-01-28 11:40:48,466 - Knowledge - INFO - Worker kw19 processing /app/data/T0015/311196/b74521f/pwhm-226177/include_priv/nl80211/wld_secDmnGrp_priv.h
2026-01-28 11:40:48,834 - Knowledge - INFO - Worker kw7 processing /app/data/T0015/311196/b74521f/pwhm-226177/test/testStaStats/history2.txt
2026-01-28 11:40:49,011 - Knowledge - INFO - Worker kw19 processing /app/data/T0015/311196/b74521f/pwhm-226177/src/RadMgt/wld_rad_scan.c
2026-01-28 11:40:49,173 - Knowledge - INFO - Fast-tracked /app/data/T0015/311196/b74521f/pwhm-226177/test/testStaStats/history2.txt (ext=.txt, size=3265)
2026-01-28 11:40:49,288 - Knowledge - INFO - Worker kw19 processing /app/data/T0015/311196/b74521f/pwhm-226177/include/wld/wld_hostapd_cfgFile.h
2026-01-28 11:40:49,339 - Knowledge - INFO - [LLM_CALL] Completed: wld_hostapd_cfgFile.c:chunk1, Duration: 72159ms, PromptTokens: 20354, CompletionTokens: 1486, Cost: $0.00263
2026-01-28 11:40:49,373 - Knowledge - INFO - Worker kw7 processing /app/data/T0015/311196/b74521f/pwhm-226177/test/testHelper/wld_th_sensing.c
2026-01-28 11:40:49,871 - Knowledge - INFO - Fast-tracked /app/data/T0015/311196/b74521f/pwhm-226177/test/testHelper/wld_th_sensing.c (ext=.c, size=5958)
2026-01-28 11:40:49,886 - Knowledge - INFO - Async storage completed for 6 embeddings
2026-01-28 11:40:50,115 - Knowledge - INFO - Worker kw7 processing /app/data/T0015/311196/b74521f/pwhm-226177/src/Utils/wld_linuxWExtUtils.c
2026-01-28 11:40:50,538 - Knowledge - INFO - Worker kw7 processing /app/data/T0015/311196/b74521f/pwhm-226177/src/wld_statsmon.c
2026-01-28 11:40:51,490 - Knowledge - INFO - [kw12] Queue=29, InProgress=0, PendingWorkers=20/20, Completed=192/303 (63.4%)
2026-01-28 11:40:51,733 - Knowledge - INFO - Batch sizing: calculated=4, max_allowed=10, queue=29, active_workers=20/20
2026-01-28 11:40:52,059 - Knowledge - INFO - Async storing batch of 5 embeddings
2026-01-28 11:40:52,798 - Knowledge - INFO - Async storage completed for 5 embeddings
2026-01-28 11:40:52,886 - Knowledge - INFO - Worker kw12 processing /app/data/T0015/311196/b74521f/pwhm-226177/src/RadMgt/wld_rad_delayMgr.c
2026-01-28 11:40:53,226 - Knowledge - INFO - Async storage completed for 5 embeddings
2026-01-28 11:40:53,292 - Knowledge - INFO - Worker kw12 processing /app/data/T0015/311196/b74521f/pwhm-226177/include/wld/wld_chanmgt.h
2026-01-28 11:40:53,755 - Knowledge - INFO - Worker kw12 processing /app/data/T0015/311196/b74521f/pwhm-226177/test/testHelper/wld_th_vap.c
2026-01-28 11:40:54,010 - Knowledge - INFO - Fast-tracked /app/data/T0015/311196/b74521f/pwhm-226177/test/testHelper/wld_th_vap.c (ext=.c, size=12547)
2026-01-28 11:40:54,224 - Knowledge - INFO - Worker kw12 processing /app/data/T0015/311196/b74521f/pwhm-226177/src/nl80211/wld_wpaCtrlGSock.c
2026-01-28 11:40:54,598 - Knowledge - INFO - [LLM_CALL] Completed: wifiGen_eventHandlers.c:chunk1, Duration: 179313ms, PromptTokens: 20242, CompletionTokens: 5305, Cost: $0.00415
2026-01-28 11:40:54,814 - Knowledge - INFO - [LLM_CALL] Completed: wld_rad_macCfg.c:chunk1, Duration: 61348ms, PromptTokens: 11118, CompletionTokens: 1123, Cost: $0.00156
2026-01-28 11:40:55,059 - Knowledge - INFO - done ingest for /app/data/T0015/311196/b74521f/pwhm-226177/src/RadMgt/wld_rad_macCfg.c
2026-01-28 11:40:55,821 - Knowledge - INFO - Async storage completed for 5 embeddings
2026-01-28 11:40:57,720 - Knowledge - INFO - [LLM_CALL] Completed: wld_secDmn_types.h:chunk1, Duration: 40715ms, PromptTokens: 2100, CompletionTokens: 138, Cost: $0.00027
2026-01-28 11:40:57,970 - Knowledge - INFO - done ingest for /app/data/T0015/311196/b74521f/pwhm-226177/include/wld/wld_secDmn_types.h
2026-01-28 11:40:57,971 - Knowledge - INFO - [LLM_CALL] Completed: wld_linuxIfStats.h:chunk1, Duration: 47620ms, PromptTokens: 2362, CompletionTokens: 499, Cost: $0.00044
2026-01-28 11:40:58,446 - Knowledge - INFO - done ingest for /app/data/T0015/311196/b74521f/pwhm-226177/include/wld/wld_linuxIfStats.h
2026-01-28 11:40:58,906 - Knowledge - INFO - Processing batch of 4 files
2026-01-28 11:40:59,186 - Knowledge - INFO - process ingested knowledge for /app/data/T0015/311196/b74521f/pwhm-226177/test/testRadio11be/rad5_cap.txt
2026-01-28 11:40:59,472 - Knowledge - INFO - process ingested knowledge for /app/data/T0015/311196/b74521f/pwhm-226177/src/RadMgt/wld_rad_macCfg.c
2026-01-28 11:40:59,730 - Knowledge - INFO - process ingested knowledge for /app/data/T0015/311196/b74521f/pwhm-226177/test/testScanSsid/ScanResults-5g-2.txt
2026-01-28 11:41:00,031 - Knowledge - INFO - process ingested knowledge for /app/data/T0015/311196/b74521f/pwhm-226177/include/wld/wld_linuxIfStats.h
2026-01-28 11:41:00,997 - Knowledge - INFO - Async storage completed for 6 embeddings
2026-01-28 11:41:01,968 - Knowledge - INFO - Async storage completed for 4 embeddings
2026-01-28 11:41:03,021 - Knowledge - INFO - [WEBSOCKET] Sent: Type=progress_update, Size: 295, Duration: 0ms
2026-01-28 11:41:03,286 - Knowledge - INFO - [WEBSOCKET] Sent: Type=unknown, Size: ?, Duration: 266ms
2026-01-28 11:41:03,504 - Knowledge - INFO - Progress: 64.7% | Files: 196/303 | Rate: 0.17 files/sec | Queue: 25
2026-01-28 11:41:03,727 - Knowledge - INFO - [kw14] Queue=25, InProgress=0, PendingWorkers=20/20, Completed=196/303 (64.7%)
2026-01-28 11:41:04,006 - Knowledge - INFO - Batch sizing: calculated=4, max_allowed=10, queue=25, active_workers=20/20
2026-01-28 11:41:04,206 - Knowledge - INFO - Async storing batch of 4 embeddings
2026-01-28 11:41:04,450 - Knowledge - INFO - Worker kw14 processing /app/data/T0015/311196/b74521f/pwhm-226177/include/wld/wld_epMld.h
2026-01-28 11:41:04,652 - Knowledge - INFO - Worker kw14 processing /app/data/T0015/311196/b74521f/pwhm-226177/src/ApMgt/wld_ap_rrm.c
2026-01-28 11:41:04,893 - Knowledge - INFO - Worker kw14 processing /app/data/T0015/311196/b74521f/pwhm-226177/include/wld/wld_nl80211_types.h
2026-01-28 11:41:05,329 - Knowledge - INFO - Worker kw14 processing /app/data/T0015/311196/b74521f/pwhm-226177/src/Utils/wld_extMod.c
2026-01-28 11:41:07,595 - Knowledge - INFO - [LLM_CALL] Completed: wld_zwdfs.h:chunk1, Duration: 72693ms, PromptTokens: 2896, CompletionTokens: 429, Cost: $0.00046
2026-01-28 11:41:07,886 - Knowledge - INFO - done ingest for /app/data/T0015/311196/b74521f/pwhm-226177/include/wld/wld_zwdfs.h
2026-01-28 11:41:09,734 - Knowledge - INFO - [LLM_CALL] Completed: wld_rad_stamon.h:chunk1, Duration: 82829ms, PromptTokens: 2468, CompletionTokens: 708, Cost: $0.00053
2026-01-28 11:41:09,997 - Knowledge - INFO - done ingest for /app/data/T0015/311196/b74521f/pwhm-226177/include/wld/wld_rad_stamon.h
2026-01-28 11:41:10,510 - Knowledge - INFO - [LLM_CALL] Completed: wld_sensing.c:chunk1, Duration: 89993ms, PromptTokens: 10924, CompletionTokens: 1520, Cost: $0.00170
2026-01-28 11:41:10,854 - Knowledge - INFO - done ingest for /app/data/T0015/311196/b74521f/pwhm-226177/src/wld_sensing.c
2026-01-28 11:41:11,640 - Knowledge - WARNING - Timeout processing /app/data/T0015/311196/b74521f/pwhm-226177/src/nl80211/wld_hostapd_cfgFile.c after 90s - using fallback metadata
2026-01-28 11:41:13,276 - Knowledge - INFO - [LLM_CALL] Completed: wld_autoCommitMgr.h:chunk1, Duration: 75258ms, PromptTokens: 2228, CompletionTokens: 324, Cost: $0.00035
2026-01-28 11:41:13,736 - Knowledge - INFO - done ingest for /app/data/T0015/311196/b74521f/pwhm-226177/include/wld/Utils/wld_autoCommitMgr.h
2026-01-28 11:41:14,012 - Knowledge - INFO - Processing batch of 5 files
2026-01-28 11:41:14,404 - Knowledge - INFO - process ingested knowledge for /app/data/T0015/311196/b74521f/pwhm-226177/src/nl80211/wld_ap_nl80211.c
2026-01-28 11:41:14,798 - Knowledge - INFO - process ingested knowledge for /app/data/T0015/311196/b74521f/pwhm-226177/src/RadMgt/wld_rad_ifMgt.c
2026-01-28 11:41:15,109 - Knowledge - INFO - process ingested knowledge for /app/data/T0015/311196/b74521f/pwhm-226177/src/nl80211/wld_hostapd_cfgFile.c
2026-01-28 11:41:15,427 - Knowledge - INFO - process ingested knowledge for /app/data/T0015/311196/b74521f/pwhm-226177/src/wld_sensing.c
2026-01-28 11:41:15,754 - Knowledge - INFO - process ingested knowledge for /app/data/T0015/311196/b74521f/pwhm-226177/test/testScanSsid/ScanResults-5g-4.txt
2026-01-28 11:41:16,973 - Knowledge - INFO - [LLM_CALL] Completed: wld_ep_nl80211.c:chunk1, Duration: 69184ms, PromptTokens: 3518, CompletionTokens: 703, Cost: $0.00063
2026-01-28 11:41:17,207 - Knowledge - INFO - Async storage completed for 6 embeddings
2026-01-28 11:41:17,376 - Knowledge - INFO - done ingest for /app/data/T0015/311196/b74521f/pwhm-226177/src/nl80211/wld_ep_nl80211.c
2026-01-28 11:41:21,627 - Knowledge - INFO - [kw13] Queue=21, InProgress=0, PendingWorkers=20/20, Completed=201/303 (66.3%)
2026-01-28 11:41:22,035 - Knowledge - INFO - Batch sizing: calculated=4, max_allowed=10, queue=21, active_workers=20/20
2026-01-28 11:41:22,403 - Knowledge - INFO - Async storing batch of 5 embeddings
2026-01-28 11:41:22,629 - Knowledge - INFO - Async storage completed for 5 embeddings
2026-01-28 11:41:22,773 - Knowledge - INFO - Worker kw13 processing /app/data/T0015/311196/b74521f/pwhm-226177/include/wld/wld_wpaSupp_cfgManager.h
2026-01-28 11:41:23,039 - Knowledge - INFO - [LLM_CALL] Completed: wld_tinyRoam.c:chunk1, Duration: 90913ms, PromptTokens: 8670, CompletionTokens: 649, Cost: $0.00113
2026-01-28 11:41:23,895 - Knowledge - INFO - Worker kw13 processing /app/data/T0015/311196/b74521f/pwhm-226177/include/wld/wld_ep_nl80211.h
2026-01-28 11:41:24,069 - Knowledge - INFO - done ingest for /app/data/T0015/311196/b74521f/pwhm-226177/src/EpMgt/wld_tinyRoam.c
2026-01-28 11:41:24,069 - Knowledge - INFO - [LLM_CALL] Completed: wld_wpaCtrlInterface.h:chunk1, Duration: 66292ms, PromptTokens: 3576, CompletionTokens: 433, Cost: $0.00053
2026-01-28 11:41:24,409 - Knowledge - INFO - Worker kw13 processing /app/data/T0015/311196/b74521f/pwhm-226177/test/testHelper/wld_th_radio.c
2026-01-28 11:41:24,653 - Knowledge - INFO - done ingest for /app/data/T0015/311196/b74521f/pwhm-226177/include/wld/wld_wpaCtrlInterface.h
2026-01-28 11:41:24,901 - Knowledge - INFO - Fast-tracked /app/data/T0015/311196/b74521f/pwhm-226177/test/testHelper/wld_th_radio.c (ext=.c, size=16510)
2026-01-28 11:41:25,248 - Knowledge - INFO - Worker kw13 processing /app/data/T0015/311196/b74521f/pwhm-226177/test/testStaStats/assocNot/not_3.txt
2026-01-28 11:41:25,857 - Knowledge - INFO - Fast-tracked /app/data/T0015/311196/b74521f/pwhm-226177/test/testStaStats/assocNot/not_3.txt (ext=.txt, size=885)
2026-01-28 11:41:26,231 - Knowledge - INFO - [LLM_CALL] Completed: wld_persist.h:chunk1, Duration: 92380ms, PromptTokens: 2156, CompletionTokens: 395, Cost: $0.00037
2026-01-28 11:41:26,500 - Knowledge - INFO - done ingest for /app/data/T0015/311196/b74521f/pwhm-226177/include/wld/Features/wld_persist.h
2026-01-28 11:41:26,713 - Knowledge - INFO - Async storage completed for 5 embeddings
2026-01-28 11:41:27,310 - Knowledge - INFO - Async storage completed for 5 embeddings
2026-01-28 11:41:27,793 - Knowledge - INFO - Split /app/data/T0015/311196/b74521f/pwhm-226177/src/RadMgt/wld_rad_scan.c (75036 bytes) into 3 chunks of ~32KB
2026-01-28 11:41:30,369 - Knowledge - INFO - [LLM_CALL] Completed: wld_monitor.h:chunk1, Duration: 60957ms, PromptTokens: 2398, CompletionTokens: 521, Cost: $0.00045
2026-01-28 11:41:30,902 - Knowledge - INFO - done ingest for /app/data/T0015/311196/b74521f/pwhm-226177/include/wld/wld_monitor.h
2026-01-28 11:41:31,233 - Knowledge - INFO - [LLM_CALL] Completed: wld_bStaMld.c:chunk1, Duration: 74880ms, PromptTokens: 7362, CompletionTokens: 1035, Cost: $0.00115
2026-01-28 11:41:31,578 - Knowledge - INFO - done ingest for /app/data/T0015/311196/b74521f/pwhm-226177/src/wld_bStaMld.c
2026-01-28 11:41:32,937 - Knowledge - INFO - [LLM_CALL] Completed: wld_nl80211_attr.c:chunk1, Duration: 56313ms, PromptTokens: 2950, CompletionTokens: 468, Cost: $0.00048
2026-01-28 11:41:33,519 - Knowledge - INFO - done ingest for /app/data/T0015/311196/b74521f/pwhm-226177/src/nl80211/wld_nl80211_attr.c
2026-01-28 11:41:33,554 - Knowledge - INFO - Processing batch of 4 files
2026-01-28 11:41:34,336 - Knowledge - INFO - process ingested knowledge for /app/data/T0015/311196/b74521f/pwhm-226177/src/EpMgt/wld_tinyRoam.c
2026-01-28 11:41:34,855 - Knowledge - INFO - process ingested knowledge for /app/data/T0015/311196/b74521f/pwhm-226177/src/wld_radio.c
2026-01-28 11:41:35,079 - Knowledge - INFO - process ingested knowledge for /app/data/T0015/311196/b74521f/pwhm-226177/src/nl80211/wld_ep_nl80211.c
2026-01-28 11:41:35,452 - Knowledge - INFO - process ingested knowledge for /app/data/T0015/311196/b74521f/pwhm-226177/include/wld/wld_monitor.h
2026-01-28 11:41:35,678 - Knowledge - INFO - Async storage completed for 5 embeddings
2026-01-28 11:41:37,119 - Knowledge - INFO - Async storage completed for 5 embeddings
2026-01-28 11:41:38,259 - Knowledge - INFO - [LLM_CALL] Completed: wld_rad_hostapd_api.h:chunk1, Duration: 51756ms, PromptTokens: 3286, CompletionTokens: 1355, Cost: $0.00087
2026-01-28 11:41:39,486 - Knowledge - INFO - done ingest for /app/data/T0015/311196/b74521f/pwhm-226177/include/wld/wld_rad_hostapd_api.h
2026-01-28 11:41:40,912 - Knowledge - INFO - Processing batch of 4 files
2026-01-28 11:41:41,143 - Knowledge - INFO - [LLM_CALL] Completed: wld_nl80211_core.h:chunk1, Duration: 105867ms, PromptTokens: 3950, CompletionTokens: 613, Cost: $0.00064
2026-01-28 11:41:41,358 - Knowledge - INFO - process ingested knowledge for /app/data/T0015/311196/b74521f/pwhm-226177/test/test_channel5G/test_channel5G.c
2026-01-28 11:41:41,487 - Knowledge - INFO - done ingest for /app/data/T0015/311196/b74521f/pwhm-226177/include/wld/wld_nl80211_core.h
2026-01-28 11:41:41,526 - Knowledge - INFO - [WEBSOCKET] Sent: Type=progress_update, Size: 294, Duration: 0ms
2026-01-28 11:41:41,788 - Knowledge - INFO - process ingested knowledge for /app/data/T0015/311196/b74521f/pwhm-226177/scripts/wld.sh
2026-01-28 11:41:42,204 - Knowledge - INFO - [WEBSOCKET] Sent: Type=unknown, Size: ?, Duration: 678ms
2026-01-28 11:41:42,405 - Knowledge - INFO - process ingested knowledge for /app/data/T0015/311196/b74521f/pwhm-226177/test/testRadio11be/rad2_base.txt
2026-01-28 11:41:42,659 - Knowledge - INFO - Progress: 69.0% | Files: 209/303 | Rate: 0.18 files/sec | Queue: 17
2026-01-28 11:41:42,792 - Knowledge - INFO - [LLM_CALL] Completed: wld_nl80211.h:chunk1, Duration: 58586ms, PromptTokens: 2132, CompletionTokens: 177, Cost: $0.00028
2026-01-28 11:41:42,814 - Knowledge - INFO - process ingested knowledge for /app/data/T0015/311196/b74521f/pwhm-226177/include/wld/wld_rad_hostapd_api.h
2026-01-28 11:41:43,243 - Knowledge - INFO - [kw3] Queue=17, InProgress=0, PendingWorkers=20/20, Completed=209/303 (69.0%)
2026-01-28 11:41:43,358 - Knowledge - INFO - done ingest for /app/data/T0015/311196/b74521f/pwhm-226177/include/wld/wld_nl80211.h
2026-01-28 11:41:43,407 - Knowledge - INFO - [LLM_CALL] Completed: wld_config.h:chunk1, Duration: 79137ms, PromptTokens: 2090, CompletionTokens: 192, Cost: $0.00029
2026-01-28 11:41:44,234 - Knowledge - INFO - Batch sizing: calculated=4, max_allowed=10, queue=17, active_workers=20/20
2026-01-28 11:41:44,795 - Knowledge - INFO - done ingest for /app/data/T0015/311196/b74521f/pwhm-226177/include/wld/Utils/wld_config.h
2026-01-28 11:41:45,050 - Knowledge - INFO - Async storing batch of 4 embeddings
2026-01-28 11:41:45,673 - Knowledge - INFO - Worker kw3 processing /app/data/T0015/311196/b74521f/pwhm-226177/test/testStaStats/data2.txt
2026-01-28 11:41:45,757 - Knowledge - INFO - Async storage completed for 5 embeddings
2026-01-28 11:41:46,432 - Knowledge - INFO - Fast-tracked /app/data/T0015/311196/b74521f/pwhm-226177/test/testStaStats/data2.txt (ext=.txt, size=3374)
2026-01-28 11:41:46,786 - Knowledge - INFO - Worker kw3 processing /app/data/T0015/311196/b74521f/pwhm-226177/include/wld/wld_nl80211_events.h
2026-01-28 11:41:47,324 - Knowledge - INFO - Worker kw3 processing /app/data/T0015/311196/b74521f/pwhm-226177/test/testStaStats/deauthNot/notif_2.txt
2026-01-28 11:41:47,465 - Knowledge - INFO - Async storage completed for 4 embeddings
2026-01-28 11:41:47,525 - Knowledge - INFO - [LLM_CALL] Completed: wld_epProfile.h:chunk1, Duration: 104305ms, PromptTokens: 2176, CompletionTokens: 283, Cost: $0.00033
2026-01-28 11:41:48,034 - Knowledge - INFO - Fast-tracked /app/data/T0015/311196/b74521f/pwhm-226177/test/testStaStats/deauthNot/notif_2.txt (ext=.txt, size=379)
2026-01-28 11:41:48,611 - Knowledge - INFO - Async storage completed for 4 embeddings
2026-01-28 11:41:48,953 - Knowledge - INFO - done ingest for /app/data/T0015/311196/b74521f/pwhm-226177/include/wld/wld_epProfile.h
2026-01-28 11:41:48,955 - Knowledge - INFO - Worker kw3 processing /app/data/T0015/311196/b74521f/pwhm-226177/test/testStaStats/stationStats/stats_data4.txt
2026-01-28 11:41:48,979 - Knowledge - INFO - [LLM_CALL] Completed: wld_nl80211_api_priv.h:chunk1, Duration: 70556ms, PromptTokens: 4098, CompletionTokens: 754, Cost: $0.00071
2026-01-28 11:41:49,880 - Knowledge - WARNING - Timeout processing /app/data/T0015/311196/b74521f/pwhm-226177/src/wld_mld.c after 90s - using fallback metadata
2026-01-28 11:41:49,927 - Knowledge - INFO - Fast-tracked /app/data/T0015/311196/b74521f/pwhm-226177/test/testStaStats/stationStats/stats_data4.txt (ext=.txt, size=3133)
2026-01-28 11:41:50,271 - Knowledge - INFO - done ingest for /app/data/T0015/311196/b74521f/pwhm-226177/include_priv/nl80211/wld_nl80211_api_priv.h
2026-01-28 11:41:50,293 - Knowledge - INFO - [LLM_CALL] Completed: wld_ap_macfilter.c:chunk1, Duration: 92753ms, PromptTokens: 19532, CompletionTokens: 1799, Cost: $0.00267
2026-01-28 11:41:50,451 - Knowledge - WARNING - Timeout processing /app/data/T0015/311196/b74521f/pwhm-226177/include/wld/wld_nl80211_utils.h after 90s - using fallback metadata
2026-01-28 11:41:51,202 - Knowledge - INFO - done ingest for /app/data/T0015/311196/b74521f/pwhm-226177/src/ApMgt/wld_ap_macfilter.c
2026-01-28 11:41:51,360 - Knowledge - INFO - [kw6] Queue=13, InProgress=0, PendingWorkers=20/20, Completed=210/303 (69.3%)
2026-01-28 11:41:52,205 - Knowledge - INFO - Batch sizing: calculated=4, max_allowed=10, queue=13, active_workers=20/20
2026-01-28 11:41:52,551 - Knowledge - INFO - Processing batch of 4 files
2026-01-28 11:41:52,934 - Knowledge - INFO - Async storing batch of 4 embeddings
2026-01-28 11:41:53,246 - Knowledge - INFO - process ingested knowledge for /app/data/T0015/311196/b74521f/pwhm-226177/include/wld/wld_zwdfs.h
2026-01-28 11:41:53,517 - Knowledge - INFO - Worker kw6 processing /app/data/T0015/311196/b74521f/pwhm-226177/include_priv/Plugin/wifiGen_wpaSupp.h
2026-01-28 11:41:53,753 - Knowledge - INFO - Async storage completed for 4 embeddings
2026-01-28 11:41:53,801 - Knowledge - INFO - Processing batch of 5 files
2026-01-28 11:41:54,074 - Knowledge - INFO - process ingested knowledge for /app/data/T0015/311196/b74521f/pwhm-226177/include/wld/wld_wpaCtrlInterface.h
2026-01-28 11:41:54,330 - Knowledge - INFO - Processing batch of 4 files
2026-01-28 11:41:54,485 - Knowledge - INFO - Worker kw6 processing /app/data/T0015/311196/b74521f/pwhm-226177/src/wld.c
2026-01-28 11:41:55,013 - Knowledge - INFO - process ingested knowledge for /app/data/T0015/311196/b74521f/pwhm-226177/acl/admin/pwhm-internal.json
2026-01-28 11:41:55,258 - Knowledge - INFO - process ingested knowledge for /app/data/T0015/311196/b74521f/pwhm-226177/include_priv/nl80211/wld_nl80211_api_priv.h
2026-01-28 11:41:55,457 - Knowledge - INFO - process ingested knowledge for /app/data/T0015/311196/b74521f/pwhm-226177/include/wld/wld_epProfile.h
2026-01-28 11:41:55,866 - Knowledge - INFO - Worker kw6 processing /app/data/T0015/311196/b74521f/pwhm-226177/test/testStaStats/deauthNot/notif_11.txt
2026-01-28 11:41:56,832 - Knowledge - INFO - process ingested knowledge for /app/data/T0015/311196/b74521f/pwhm-226177/include/wld/wld_rad_stamon.h
2026-01-28 11:41:56,991 - Knowledge - INFO - process ingested knowledge for /app/data/T0015/311196/b74521f/pwhm-226177/scripts/debugInfo.sh
2026-01-28 11:41:57,238 - Knowledge - INFO - process ingested knowledge for /app/data/T0015/311196/b74521f/pwhm-226177/include/wld/Utils/wld_config.h
2026-01-28 11:41:57,919 - Knowledge - INFO - Fast-tracked /app/data/T0015/311196/b74521f/pwhm-226177/test/testStaStats/deauthNot/notif_11.txt (ext=.txt, size=344)
2026-01-28 11:41:58,082 - Knowledge - INFO - process ingested knowledge for /app/data/T0015/311196/b74521f/pwhm-226177/include/wld/Utils/wld_autoCommitMgr.h
2026-01-28 11:41:59,143 - Knowledge - INFO - Worker kw6 processing /app/data/T0015/311196/b74521f/pwhm-226177/src/nl80211/wld_wpaSupp_parser.c
2026-01-28 11:41:59,363 - Knowledge - INFO - process ingested knowledge for /app/data/T0015/311196/b74521f/pwhm-226177/src/wld_mld.c
2026-01-28 11:41:59,544 - Knowledge - INFO - process ingested knowledge for /app/data/T0015/311196/b74521f/pwhm-226177/test/testHelper/wld_th_mockVendor.h
2026-01-28 11:42:00,165 - Knowledge - INFO - [LLM_CALL] Completed: wld_apMld.h:chunk1, Duration: 85332ms, PromptTokens: 2880, CompletionTokens: 1077, Cost: $0.00072
2026-01-28 11:42:00,562 - Knowledge - INFO - done ingest for /app/data/T0015/311196/b74521f/pwhm-226177/include/wld/wld_apMld.h
2026-01-28 11:42:01,027 - Knowledge - INFO - process ingested knowledge for /app/data/T0015/311196/b74521f/pwhm-226177/include/wld/wld_nl80211_utils.h
2026-01-28 11:42:01,055 - Knowledge - INFO - process ingested knowledge for /app/data/T0015/311196/b74521f/pwhm-226177/src/ApMgt/wld_ap_macfilter.c
2026-01-28 11:42:01,059 - Knowledge - INFO - [LLM_CALL] Completed: wld_wpaSupp_cfgManager.c:chunk1, Duration: 100193ms, PromptTokens: 6046, CompletionTokens: 725, Cost: $0.00089
2026-01-28 11:42:01,770 - Knowledge - INFO - done ingest for /app/data/T0015/311196/b74521f/pwhm-226177/src/nl80211/wld_wpaSupp_cfgManager.c
2026-01-28 11:42:01,811 - Knowledge - INFO - [LLM_CALL] Completed: wld_linuxWExtUtils.c:chunk1, Duration: 70866ms, PromptTokens: 4246, CompletionTokens: 427, Cost: $0.00060
2026-01-28 11:42:02,306 - Knowledge - INFO - done ingest for /app/data/T0015/311196/b74521f/pwhm-226177/src/Utils/wld_linuxWExtUtils.c
2026-01-28 11:42:04,751 - Knowledge - INFO - [LLM_CALL] Completed: wld_statsmon.c:chunk1, Duration: 53440ms, PromptTokens: 6302, CompletionTokens: 541, Cost: $0.00085
2026-01-28 11:42:05,334 - Knowledge - INFO - done ingest for /app/data/T0015/311196/b74521f/pwhm-226177/src/wld_statsmon.c
2026-01-28 11:42:05,387 - Knowledge - INFO - [LLM_CALL] Completed: wifiGen_ep.c:chunk1, Duration: 130332ms, PromptTokens: 11880, CompletionTokens: 1820, Cost: $0.00192
2026-01-28 11:42:05,577 - Knowledge - WARNING - Timeout processing /app/data/T0015/311196/b74521f/pwhm-226177/src/VendorModule/wld_vendorModule.c after 90s - using fallback metadata
2026-01-28 11:42:05,929 - Knowledge - INFO - done ingest for /app/data/T0015/311196/b74521f/pwhm-226177/src/Plugin/wifiGen_ep.c
2026-01-28 11:42:06,004 - Knowledge - INFO - [LLM_CALL] Completed: wifiGen_zwdfs.h:chunk1, Duration: 127437ms, PromptTokens: 2622, CompletionTokens: 518, Cost: $0.00047
2026-01-28 11:42:06,646 - Knowledge - INFO - done ingest for /app/data/T0015/311196/b74521f/pwhm-226177/include_priv/Plugin/wifiGen_zwdfs.h
2026-01-28 11:42:06,854 - Knowledge - INFO - Async storage completed for 4 embeddings
2026-01-28 11:42:07,981 - Knowledge - INFO - [LLM_CALL] Completed: wld_autoNeighAdd.c:chunk1, Duration: 106992ms, PromptTokens: 5942, CompletionTokens: 783, Cost: $0.00091
2026-01-28 11:42:08,277 - Knowledge - INFO - done ingest for /app/data/T0015/311196/b74521f/pwhm-226177/src/Utils/wld_autoNeighAdd.c
2026-01-28 11:42:08,509 - Knowledge - INFO - [WEBSOCKET] Sent: Type=progress_update, Size: 292, Duration: 0ms
2026-01-28 11:42:09,381 - Knowledge - INFO - [LLM_CALL] Completed: wld_chaninfo.h:chunk1, Duration: 104984ms, PromptTokens: 2640, CompletionTokens: 312, Cost: $0.00039
2026-01-28 11:42:09,676 - Knowledge - INFO - done ingest for /app/data/T0015/311196/b74521f/pwhm-226177/include/wld/wld_chaninfo.h
2026-01-28 11:42:09,737 - Knowledge - INFO - [WEBSOCKET] Sent: Type=unknown, Size: ?, Duration: 1228ms
2026-01-28 11:42:10,657 - Knowledge - INFO - Progress: 73.9% | Files: 226/303 | Rate: 0.19 files/sec | Queue: 9
2026-01-28 11:42:10,836 - Knowledge - INFO - [LLM_CALL] Completed: wld_dm_trans.h:chunk1, Duration: 87759ms, PromptTokens: 2356, CompletionTokens: 309, Cost: $0.00036
2026-01-28 11:42:11,291 - Knowledge - INFO - done ingest for /app/data/T0015/311196/b74521f/pwhm-226177/include/wld/wld_dm_trans.h
2026-01-28 11:42:12,196 - Knowledge - INFO - [LLM_CALL] Completed: wld_epMld.h:chunk1, Duration: 66309ms, PromptTokens: 2238, CompletionTokens: 188, Cost: $0.00030
2026-01-28 11:42:12,272 - Knowledge - INFO - [kw20] Queue=9, InProgress=0, PendingWorkers=20/20, Completed=228/303 (75.2%)
2026-01-28 11:42:12,509 - Knowledge - INFO - done ingest for /app/data/T0015/311196/b74521f/pwhm-226177/include/wld/wld_epMld.h
2026-01-28 11:42:12,542 - Knowledge - INFO - [kw2] Queue=9, InProgress=0, PendingWorkers=20/20, Completed=229/303 (75.6%)
2026-01-28 11:42:13,049 - Knowledge - INFO - Batch sizing: calculated=4, max_allowed=10, queue=9, active_workers=20/20
2026-01-28 11:42:13,600 - Knowledge - INFO - Batch sizing: calculated=4, max_allowed=10, queue=9, active_workers=20/20
2026-01-28 11:42:14,125 - Knowledge - INFO - Processing batch of 4 files
2026-01-28 11:42:14,561 - Knowledge - INFO - Processing batch of 4 files
2026-01-28 11:42:14,973 - Knowledge - INFO - process ingested knowledge for /app/data/T0015/311196/b74521f/pwhm-226177/test/testStaStats/history2.txt
2026-01-28 11:42:15,156 - Knowledge - INFO - process ingested knowledge for /app/data/T0015/311196/b74521f/pwhm-226177/src/Plugin/wifiGen_ep.c
2026-01-28 11:42:15,328 - Knowledge - INFO - Async storing batch of 4 embeddings
2026-01-28 11:42:15,584 - Knowledge - INFO - Async storing batch of 4 embeddings
2026-01-28 11:42:15,617 - Knowledge - INFO - Processing batch of 5 files
2026-01-28 11:42:15,648 - Knowledge - INFO - process ingested knowledge for /app/data/T0015/311196/b74521f/pwhm-226177/test/testHelper/wld_th_sensing.c
2026-01-28 11:42:15,667 - Knowledge - INFO - [WEBSOCKET] Sent: Type=progress_update, Size: 292, Duration: 0ms
2026-01-28 11:42:15,726 - Knowledge - INFO - process ingested knowledge for /app/data/T0015/311196/b74521f/pwhm-226177/include/wld/wld_secDmn_types.h
2026-01-28 11:42:16,437 - Knowledge - INFO - Worker kw2 processing /app/data/T0015/311196/b74521f/pwhm-226177/include/wld/wld_secDmn.h
2026-01-28 11:42:16,437 - Knowledge - INFO - Worker kw20 processing /app/data/T0015/311196/b74521f/pwhm-226177/src/nl80211/wld_nl80211_debug.c
2026-01-28 11:42:17,768 - Knowledge - INFO - process ingested knowledge for /app/data/T0015/311196/b74521f/pwhm-226177/include_priv/nl80211/wld_wpaCtrlMngr_priv.h
2026-01-28 11:42:18,122 - Knowledge - INFO - process ingested knowledge for /app/data/T0015/311196/b74521f/pwhm-226177/src/Utils/wld_linuxWExtUtils.c
2026-01-28 11:42:18,636 - Knowledge - INFO - [LLM_CALL] Completed: wld_nl80211_events.h:chunk1, Duration: 27383ms, PromptTokens: 7070, CompletionTokens: 513, Cost: $0.00091
2026-01-28 11:42:19,006 - Knowledge - INFO - process ingested knowledge for /app/data/T0015/311196/b74521f/pwhm-226177/acl/admin/pwhm.json
2026-01-28 11:42:19,341 - Knowledge - INFO - Worker kw2 processing /app/data/T0015/311196/b74521f/pwhm-226177/src/wld_endpoint.c
2026-01-28 11:42:19,601 - Knowledge - INFO - Worker kw20 processing /app/data/T0015/311196/b74521f/pwhm-226177/src/RadMgt/wld_rad_evtHandler.c
2026-01-28 11:42:19,850 - Knowledge - INFO - process ingested knowledge for /app/data/T0015/311196/b74521f/pwhm-226177/src/VendorModule/wld_vendorModule.c
2026-01-28 11:42:20,089 - Knowledge - INFO - process ingested knowledge for /app/data/T0015/311196/b74521f/pwhm-226177/src/wld_statsmon.c
2026-01-28 11:42:20,324 - Knowledge - INFO - done ingest for /app/data/T0015/311196/b74521f/pwhm-226177/include/wld/wld_nl80211_events.h
2026-01-28 11:42:20,336 - Knowledge - INFO - [WEBSOCKET] Sent: Type=unknown, Size: ?, Duration: 4669ms
2026-01-28 11:42:20,480 - Knowledge - INFO - process ingested knowledge for /app/data/T0015/311196/b74521f/pwhm-226177/src/nl80211/wld_nl80211_attr.c
2026-01-28 11:42:20,783 - Knowledge - INFO - Fast-tracked /app/data/T0015/311196/b74521f/pwhm-226177/src/wld_endpoint.c (ext=.c, size=103999)
2026-01-28 11:42:21,008 - Knowledge - INFO - Worker kw20 processing /app/data/T0015/311196/b74521f/pwhm-226177/src/Plugin/wifiGen.c
2026-01-28 11:42:21,152 - Knowledge - INFO - process ingested knowledge for /app/data/T0015/311196/b74521f/pwhm-226177/src/wld_bStaMld.c
2026-01-28 11:42:21,843 - Knowledge - WARNING - Timeout processing /app/data/T0015/311196/b74521f/pwhm-226177/src/nl80211/wld_nl80211_events.c after 90s - using fallback metadata
2026-01-28 11:42:21,867 - Knowledge - INFO - Progress: 77.6% | Files: 235/303 | Rate: 0.19 files/sec | Queue: 1
2026-01-28 11:42:21,889 - Knowledge - INFO - [LLM_CALL] Completed: wld_plugin.c:chunk1, Duration: 78880ms, PromptTokens: 3926, CompletionTokens: 871, Cost: $0.00074
2026-01-28 11:42:22,432 - Knowledge - INFO - Worker kw2 processing /app/data/T0015/311196/b74521f/pwhm-226177/src/nl80211/wld_rad_nl80211.c
2026-01-28 11:42:22,579 - Knowledge - INFO - Worker kw20 processing /app/data/T0015/311196/b74521f/pwhm-226177/include/wld/wld_wps.h
2026-01-28 11:42:23,350 - Knowledge - INFO - done ingest for /app/data/T0015/311196/b74521f/pwhm-226177/src/Plugin/wld_plugin.c
2026-01-28 11:42:23,375 - Knowledge - INFO - [LLM_CALL] Completed: wld_bgdfs.h:chunk1, Duration: 117913ms, PromptTokens: 3864, CompletionTokens: 591, Cost: $0.00062
2026-01-28 11:42:23,645 - Knowledge - INFO - Worker kw2 processing /app/data/T0015/311196/b74521f/pwhm-226177/src/ApMgt/wld_ap_rssiMonitor.c
2026-01-28 11:42:24,213 - Knowledge - INFO - done ingest for /app/data/T0015/311196/b74521f/pwhm-226177/include/wld/wld_bgdfs.h
2026-01-28 11:42:24,257 - Knowledge - INFO - [LLM_CALL] Completed: wld_wpaSupp_cfgManager.h:chunk1, Duration: 57696ms, PromptTokens: 2518, CompletionTokens: 407, Cost: $0.00041
2026-01-28 11:42:24,267 - Knowledge - INFO - process ingested knowledge for /app/data/T0015/311196/b74521f/pwhm-226177/test/testStaStats/data0.txt
2026-01-28 11:42:25,069 - Knowledge - INFO - done ingest for /app/data/T0015/311196/b74521f/pwhm-226177/include/wld/wld_wpaSupp_cfgManager.h
2026-01-28 11:42:25,124 - Knowledge - INFO - [LLM_CALL] Completed: wld_ssid_nl80211.c:chunk1, Duration: 147300ms, PromptTokens: 6880, CompletionTokens: 1070, Cost: $0.00112
2026-01-28 11:42:25,412 - Knowledge - INFO - [kw4] Queue=1, InProgress=0, PendingWorkers=20/20, Completed=238/303 (78.5%)
2026-01-28 11:42:25,540 - Knowledge - INFO - process ingested knowledge for /app/data/T0015/311196/b74521f/pwhm-226177/test/testStaStats/assocNot/not_1.txt
2026-01-28 11:42:25,902 - Knowledge - INFO - done ingest for /app/data/T0015/311196/b74521f/pwhm-226177/src/nl80211/wld_ssid_nl80211.c
2026-01-28 11:42:25,959 - Knowledge - INFO - [LLM_CALL] Completed: wld_ap_rrm.c:chunk1, Duration: 64634ms, PromptTokens: 7130, CompletionTokens: 779, Cost: $0.00102
2026-01-28 11:42:26,226 - Knowledge - INFO - Batch sizing: calculated=1, max_allowed=10, queue=1, active_workers=20/20
2026-01-28 11:42:27,045 - Knowledge - INFO - done ingest for /app/data/T0015/311196/b74521f/pwhm-226177/src/ApMgt/wld_ap_rrm.c
2026-01-28 11:42:27,158 - Knowledge - INFO - [LLM_CALL] Completed: wld_channel_info.c:chunk1, Duration: 97376ms, PromptTokens: 5440, CompletionTokens: 968, Cost: $0.00093
2026-01-28 11:42:27,482 - Knowledge - INFO - done ingest for /app/data/T0015/311196/b74521f/pwhm-226177/src/ChannelManagement/wld_channel_info.c
2026-01-28 11:42:28,328 - Knowledge - INFO - Processing batch of 4 files
2026-01-28 11:42:28,578 - Knowledge - INFO - process ingested knowledge for /app/data/T0015/311196/b74521f/pwhm-226177/test/testStaStats/data2.txt
2026-01-28 11:42:29,515 - Knowledge - INFO - Async storing batch of 5 embeddings
2026-01-28 11:42:29,972 - Knowledge - INFO - Worker kw4 processing /app/data/T0015/311196/b74521f/pwhm-226177/src/nl80211/wld_hostapd_ap_api.c
2026-01-28 11:42:30,673 - Knowledge - INFO - Split /app/data/T0015/311196/b74521f/pwhm-226177/src/nl80211/wld_hostapd_ap_api.c (75023 bytes) into 3 chunks of ~32KB
2026-01-28 11:42:31,889 - Knowledge - INFO - process ingested knowledge for /app/data/T0015/311196/b74521f/pwhm-226177/include/wld/wld_nl80211_events.h
2026-01-28 11:42:31,959 - Knowledge - INFO - [WEBSOCKET] Sent: Type=progress_update, Size: 292, Duration: 0ms
2026-01-28 11:42:32,844 - Knowledge - INFO - [WEBSOCKET] Sent: Type=unknown, Size: ?, Duration: 885ms
2026-01-28 11:42:33,271 - Knowledge - INFO - process ingested knowledge for /app/data/T0015/311196/b74521f/pwhm-226177/test/testStaStats/deauthNot/notif_2.txt
2026-01-28 11:42:33,422 - Knowledge - INFO - Progress: 80.2% | Files: 245/303 | Rate: 0.20 files/sec | Queue: 0
2026-01-28 11:42:33,685 - Knowledge - INFO - [LLM_CALL] Completed: wld_ep_nl80211.h:chunk1, Duration: 53828ms, PromptTokens: 2856, CompletionTokens: 590, Cost: $0.00052
2026-01-28 11:42:34,260 - Knowledge - INFO - done ingest for /app/data/T0015/311196/b74521f/pwhm-226177/include/wld/wld_ep_nl80211.h
2026-01-28 11:42:34,645 - Knowledge - INFO - Processing batch of 4 files
2026-01-28 11:42:34,943 - Knowledge - INFO - process ingested knowledge for /app/data/T0015/311196/b74521f/pwhm-226177/test/testStaStats/stationStats/stats_data4.txt
2026-01-28 11:42:34,963 - Knowledge - INFO - [LLM_CALL] Completed: wifiGen_wpaSupp.h:chunk1, Duration: 34346ms, PromptTokens: 2330, CompletionTokens: 779, Cost: $0.00054
2026-01-28 11:42:35,174 - Knowledge - INFO - process ingested knowledge for /app/data/T0015/311196/b74521f/pwhm-226177/src/nl80211/wld_nl80211_events.c
2026-01-28 11:42:35,713 - Knowledge - INFO - done ingest for /app/data/T0015/311196/b74521f/pwhm-226177/include_priv/Plugin/wifiGen_wpaSupp.h
2026-01-28 11:42:35,929 - Knowledge - INFO - Processing batch of 4 files
2026-01-28 11:42:37,002 - Knowledge - INFO - process ingested knowledge for /app/data/T0015/311196/b74521f/pwhm-226177/include/wld/wld_chaninfo.h
2026-01-28 11:42:37,091 - Knowledge - INFO - Async storage completed for 5 embeddings
2026-01-28 11:42:37,812 - Knowledge - INFO - process ingested knowledge for /app/data/T0015/311196/b74521f/pwhm-226177/include/wld/wld_nl80211.h
2026-01-28 11:42:38,543 - Knowledge - WARNING - Timeout processing /app/data/T0015/311196/b74521f/pwhm-226177/src/Features/persist/wld_persist_on.c after 90s - using fallback metadata
2026-01-28 11:42:38,570 - Knowledge - INFO - process ingested knowledge for /app/data/T0015/311196/b74521f/pwhm-226177/include_priv/Plugin/wifiGen_zwdfs.h
2026-01-28 11:42:39,104 - Knowledge - WARNING - Timeout processing /app/data/T0015/311196/b74521f/pwhm-226177/src/Plugin/wifiGen_mld.c after 90s - using fallback metadata
2026-01-28 11:42:39,424 - Knowledge - INFO - [WEBSOCKET] Sent: Type=progress_update, Size: 292, Duration: 0ms
2026-01-28 11:42:39,496 - Knowledge - INFO - process ingested knowledge for /app/data/T0015/311196/b74521f/pwhm-226177/src/Plugin/wld_plugin.c
2026-01-28 11:42:39,580 - Knowledge - INFO - process ingested knowledge for /app/data/T0015/311196/b74521f/pwhm-226177/src/nl80211/wld_wpaSupp_cfgManager.c
2026-01-28 11:42:39,988 - Knowledge - INFO - [WEBSOCKET] Sent: Type=unknown, Size: ?, Duration: 564ms
2026-01-28 11:42:40,538 - Knowledge - INFO - Progress: 82.5% | Files: 251/303 | Rate: 0.20 files/sec | Queue: 0
2026-01-28 11:42:40,591 - Knowledge - INFO - process ingested knowledge for /app/data/T0015/311196/b74521f/pwhm-226177/test/test_wpaSupp_cfgFile/test_wpaSupp_cfgFile.c
2026-01-28 11:42:40,859 - Knowledge - INFO - Processing batch of 4 files
2026-01-28 11:42:40,861 - Knowledge - INFO - process ingested knowledge for /app/data/T0015/311196/b74521f/pwhm-226177/include/wld/wld_dm_trans.h
2026-01-28 11:42:41,081 - Knowledge - INFO - process ingested knowledge for /app/data/T0015/311196/b74521f/pwhm-226177/include/wld/wld_wpaSupp_cfgManager.h
2026-01-28 11:42:42,119 - Knowledge - INFO - process ingested knowledge for /app/data/T0015/311196/b74521f/pwhm-226177/include/wld/wld_ep_nl80211.h
2026-01-28 11:42:43,283 - Knowledge - WARNING - Timeout processing /app/data/T0015/311196/b74521f/pwhm-226177/include/wld/wld_hostapd_cfgFile.h after 90s - using fallback metadata
2026-01-28 11:42:43,585 - Knowledge - WARNING - Timeout processing /app/data/T0015/311196/b74521f/pwhm-226177/include_priv/nl80211/wld_secDmnGrp_priv.h after 90s - using fallback metadata
2026-01-28 11:42:43,705 - Knowledge - INFO - Async storage completed for 4 embeddings
2026-01-28 11:42:43,930 - Knowledge - WARNING - Timeout processing /app/data/T0015/311196/b74521f/pwhm-226177/src/RadMgt/wld_rad_scan.c after 90s - using fallback metadata
2026-01-28 11:42:43,993 - Knowledge - INFO - Async storage completed for 4 embeddings
2026-01-28 11:42:44,699 - Knowledge - INFO - Processing batch of 4 files
2026-01-28 11:42:45,066 - Knowledge - INFO - process ingested knowledge for /app/data/T0015/311196/b74521f/pwhm-226177/src/nl80211/wld_ssid_nl80211.c
2026-01-28 11:42:45,697 - Knowledge - INFO - process ingested knowledge for /app/data/T0015/311196/b74521f/pwhm-226177/src/Utils/wld_autoNeighAdd.c
2026-01-28 11:42:45,949 - Knowledge - WARNING - Timeout processing /app/data/T0015/311196/b74521f/pwhm-226177/include/wld/wld_util.h after 90s - using fallback metadata
2026-01-28 11:42:46,580 - Knowledge - INFO - process ingested knowledge for /app/data/T0015/311196/b74521f/pwhm-226177/src/Features/persist/wld_persist_on.c
2026-01-28 11:42:47,253 - Knowledge - INFO - process ingested knowledge for /app/data/T0015/311196/b74521f/pwhm-226177/test/testHelper/wld_th_radio.c
2026-01-28 11:42:47,302 - Knowledge - INFO - process ingested knowledge for /app/data/T0015/311196/b74521f/pwhm-226177/src/Plugin/wifiGen_mld.c
2026-01-28 11:42:48,309 - Knowledge - WARNING - Timeout processing /app/data/T0015/311196/b74521f/pwhm-226177/src/ChannelManagement/wld_chanmgt.c after 90s - using fallback metadata
2026-01-28 11:42:48,791 - Knowledge - WARNING - Timeout processing /app/data/T0015/311196/b74521f/pwhm-226177/src/nl80211/wld_rad_hostapd_api.c after 90s - using fallback metadata
2026-01-28 11:42:49,125 - Knowledge - WARNING - Timeout processing /app/data/T0015/311196/b74521f/pwhm-226177/src/nl80211/wld_nl80211_parser.c after 90s - using fallback metadata
2026-01-28 11:42:49,389 - Knowledge - WARNING - Timeout processing /app/data/T0015/311196/b74521f/pwhm-226177/src/Plugin/wifiGen_rad.c after 90s - using fallback metadata
2026-01-28 11:42:49,675 - Knowledge - INFO - process ingested knowledge for /app/data/T0015/311196/b74521f/pwhm-226177/test/testStaStats/assocNot/not_3.txt
2026-01-28 11:42:49,702 - Knowledge - INFO - [WEBSOCKET] Sent: Type=progress_update, Size: 292, Duration: 0ms
2026-01-28 11:42:50,355 - Knowledge - INFO - [WEBSOCKET] Sent: Type=unknown, Size: ?, Duration: 653ms
2026-01-28 11:42:50,747 - Knowledge - INFO - Progress: 86.1% | Files: 264/303 | Rate: 0.21 files/sec | Queue: 0
2026-01-28 11:42:50,804 - Knowledge - INFO - Processing batch of 4 files
2026-01-28 11:42:50,836 - Knowledge - INFO - Processing batch of 4 files
2026-01-28 11:42:51,132 - Knowledge - WARNING - Timeout processing /app/data/T0015/311196/b74521f/pwhm-226177/src/nl80211/wld_nl80211_scan.c after 90s - using fallback metadata
2026-01-28 11:42:51,201 - Knowledge - INFO - process ingested knowledge for /app/data/T0015/311196/b74521f/pwhm-226177/include/wld/wld_nl80211_core.h
2026-01-28 11:42:51,551 - Knowledge - INFO - process ingested knowledge for /app/data/T0015/311196/b74521f/pwhm-226177/src/ChannelManagement/wld_channel_info.c
2026-01-28 11:42:51,803 - Knowledge - WARNING - Timeout processing /app/data/T0015/311196/b74521f/pwhm-226177/include/wld/wld_assocdev.h after 90s - using fallback metadata
2026-01-28 11:42:52,319 - Knowledge - WARNING - Timeout processing /app/data/T0015/311196/b74521f/pwhm-226177/src/nl80211/wld_secDmn.c after 90s - using fallback metadata
2026-01-28 11:42:52,571 - Knowledge - INFO - [LLM_CALL] Completed: wld_extMod.c:chunk1, Duration: 69901ms, PromptTokens: 4938, CompletionTokens: 454, Cost: $0.00068
2026-01-28 11:42:52,617 - Knowledge - INFO - process ingested knowledge for /app/data/T0015/311196/b74521f/pwhm-226177/test/testStaStats/assocNot/not_7.txt
2026-01-28 11:42:52,821 - Knowledge - INFO - done ingest for /app/data/T0015/311196/b74521f/pwhm-226177/src/Utils/wld_extMod.c
2026-01-28 11:42:54,021 - Knowledge - INFO - process ingested knowledge for /app/data/T0015/311196/b74521f/pwhm-226177/include/wld/wld_util.h
2026-01-28 11:42:54,847 - Knowledge - INFO - process ingested knowledge for /app/data/T0015/311196/b74521f/pwhm-226177/include/wld/wld_apMld.h
2026-01-28 11:42:54,877 - Knowledge - INFO - [WEBSOCKET] Sent: Type=progress_update, Size: 293, Duration: 0ms
2026-01-28 11:42:54,965 - Knowledge - INFO - process ingested knowledge for /app/data/T0015/311196/b74521f/pwhm-226177/include_priv/nl80211/wld_secDmnGrp_priv.h
2026-01-28 11:42:55,339 - Knowledge - INFO - Processing batch of 5 files
2026-01-28 11:42:55,356 - Knowledge - INFO - [WEBSOCKET] Sent: Type=unknown, Size: ?, Duration: 480ms
2026-01-28 11:42:55,690 - Knowledge - INFO - process ingested knowledge for /app/data/T0015/311196/b74521f/pwhm-226177/src/ChannelManagement/wld_chanmgt.c
2026-01-28 11:42:55,857 - Knowledge - INFO - process ingested knowledge for /app/data/T0015/311196/b74521f/pwhm-226177/src/RadMgt/wld_rad_scan.c
2026-01-28 11:42:55,865 - Knowledge - INFO - Progress: 89.1% | Files: 272/303 | Rate: 0.22 files/sec | Queue: 0
2026-01-28 11:42:55,956 - Knowledge - INFO - [LLM_CALL] Completed: wld_nl80211_types.h:chunk1, Duration: 81427ms, PromptTokens: 11458, CompletionTokens: 639, Cost: $0.00140
2026-01-28 11:42:56,527 - Knowledge - INFO - process ingested knowledge for /app/data/T0015/311196/b74521f/pwhm-226177/include/wld/wld_hostapd_cfgFile.h
2026-01-28 11:42:56,604 - Knowledge - INFO - done ingest for /app/data/T0015/311196/b74521f/pwhm-226177/include/wld/wld_nl80211_types.h
2026-01-28 11:42:56,634 - Knowledge - INFO - [LLM_CALL] Completed: wld_rad_delayMgr.c:chunk1, Duration: 122066ms, PromptTokens: 3672, CompletionTokens: 626, Cost: $0.00062
2026-01-28 11:42:57,034 - Knowledge - INFO - done ingest for /app/data/T0015/311196/b74521f/pwhm-226177/src/RadMgt/wld_rad_delayMgr.c
2026-01-28 11:42:57,045 - Knowledge - INFO - [LLM_CALL] Completed: wld_wpaSupp_parser.c:chunk1, Duration: 51706ms, PromptTokens: 8582, CompletionTokens: 487, Cost: $0.00105
2026-01-28 11:42:57,121 - Knowledge - WARNING - Timeout processing /app/data/T0015/311196/b74521f/pwhm-226177/src/Plugin/wifiGen_hapd.c after 90s - using fallback metadata
2026-01-28 11:42:57,142 - Knowledge - INFO - process ingested knowledge for /app/data/T0015/311196/b74521f/pwhm-226177/src/nl80211/wld_rad_hostapd_api.c
2026-01-28 11:42:57,491 - Knowledge - INFO - done ingest for /app/data/T0015/311196/b74521f/pwhm-226177/src/nl80211/wld_wpaSupp_parser.c
2026-01-28 11:42:57,561 - Knowledge - INFO - Processing batch of 5 files
2026-01-28 11:42:57,701 - Knowledge - WARNING - Timeout processing /app/data/T0015/311196/b74521f/pwhm-226177/include/wld/wld_wpaCtrl_api.h after 90s - using fallback metadata
2026-01-28 11:42:58,214 - Knowledge - INFO - process ingested knowledge for /app/data/T0015/311196/b74521f/pwhm-226177/src/nl80211/wld_nl80211_scan.c
2026-01-28 11:42:58,299 - Knowledge - INFO - process ingested knowledge for /app/data/T0015/311196/b74521f/pwhm-226177/src/nl80211/wld_nl80211_parser.c
2026-01-28 11:42:59,244 - Knowledge - INFO - process ingested knowledge for /app/data/T0015/311196/b74521f/pwhm-226177/src/Plugin/wifiGen_rad.c
2026-01-28 11:42:59,809 - Knowledge - INFO - process ingested knowledge for /app/data/T0015/311196/b74521f/pwhm-226177/include/wld/Features/wld_persist.h
2026-01-28 11:42:59,900 - Knowledge - INFO - process ingested knowledge for /app/data/T0015/311196/b74521f/pwhm-226177/include_priv/Plugin/wifiGen_fsm.h
2026-01-28 11:43:00,765 - Knowledge - INFO - [WEBSOCKET] Sent: Type=progress_update, Size: 290, Duration: 0ms
2026-01-28 11:43:01,075 - Knowledge - INFO - Processing batch of 4 files
2026-01-28 11:43:01,090 - Knowledge - INFO - [WEBSOCKET] Sent: Type=unknown, Size: ?, Duration: 325ms
2026-01-28 11:43:01,271 - Knowledge - INFO - process ingested knowledge for /app/data/T0015/311196/b74521f/pwhm-226177/include/wld/wld_epMld.h
2026-01-28 11:43:01,500 - Knowledge - INFO - Progress: 91.4% | Files: 277/303 | Rate: 0.22 files/sec | Queue: 0
2026-01-28 11:43:02,450 - Knowledge - INFO - process ingested knowledge for /app/data/T0015/311196/b74521f/pwhm-226177/test/testStaStats/deauthNot/notif_0.txt
2026-01-28 11:43:02,484 - Knowledge - INFO - process ingested knowledge for /app/data/T0015/311196/b74521f/pwhm-226177/src/ApMgt/wld_ap_rrm.c
2026-01-28 11:43:02,942 - Knowledge - INFO - process ingested knowledge for /app/data/T0015/311196/b74521f/pwhm-226177/include/wld/wld_assocdev.h
2026-01-28 11:43:04,062 - Knowledge - INFO - process ingested knowledge for /app/data/T0015/311196/b74521f/pwhm-226177/src/nl80211/wld_secDmn.c
2026-01-28 11:43:04,971 - Knowledge - INFO - process ingested knowledge for /app/data/T0015/311196/b74521f/pwhm-226177/include/wld/wld_nl80211_types.h
2026-01-28 11:43:04,976 - Knowledge - INFO - [LLM_CALL] Completed: wld_chanmgt.h:chunk1, Duration: 112580ms, PromptTokens: 3418, CompletionTokens: 1441, Cost: $0.00092
2026-01-28 11:43:05,335 - Knowledge - INFO - done ingest for /app/data/T0015/311196/b74521f/pwhm-226177/include/wld/wld_chanmgt.h
2026-01-28 11:43:05,468 - Knowledge - INFO - [LLM_CALL] Completed: wld_rad_evtHandler.c:chunk1, Duration: 36812ms, PromptTokens: 3118, CompletionTokens: 390, Cost: $0.00047
2026-01-28 11:43:05,780 - Knowledge - INFO - done ingest for /app/data/T0015/311196/b74521f/pwhm-226177/src/RadMgt/wld_rad_evtHandler.c
2026-01-28 11:43:08,770 - Knowledge - INFO - process ingested knowledge for /app/data/T0015/311196/b74521f/pwhm-226177/src/Utils/wld_extMod.c
2026-01-28 11:43:14,931 - Knowledge - INFO - [LLM_CALL] Completed: wld_hostapd_ap_api.c:chunk1, Duration: 43818ms, PromptTokens: 19914, CompletionTokens: 1915, Cost: $0.00276
2026-01-28 11:43:15,755 - Knowledge - INFO - [LLM_CALL] Completed: wld_nl80211_debug.c:chunk1, Duration: 49828ms, PromptTokens: 10598, CompletionTokens: 727, Cost: $0.00135
2026-01-28 11:43:16,100 - Knowledge - INFO - done ingest for /app/data/T0015/311196/b74521f/pwhm-226177/src/nl80211/wld_nl80211_debug.c
2026-01-28 11:43:18,975 - Knowledge - INFO - [LLM_CALL] Completed: wld_fsm.h:chunk1, Duration: 139081ms, PromptTokens: 3456, CompletionTokens: 1026, Cost: $0.00076
2026-01-28 11:43:19,322 - Knowledge - INFO - done ingest for /app/data/T0015/311196/b74521f/pwhm-226177/include/wld/wld_fsm.h
2026-01-28 11:43:20,739 - Knowledge - INFO - [LLM_CALL] Completed: wifiGen_eventHandlers.c:chunk2, Duration: 145670ms, PromptTokens: 30888, CompletionTokens: 4668, Cost: $0.00496
2026-01-28 11:43:21,973 - Knowledge - INFO - [LLM_CALL] Completed: wld_wpaCtrlGSock.c:chunk1, Duration: 116263ms, PromptTokens: 12286, CompletionTokens: 1753, Cost: $0.00193
2026-01-28 11:43:22,274 - Knowledge - INFO - done ingest for /app/data/T0015/311196/b74521f/pwhm-226177/src/nl80211/wld_wpaCtrlGSock.c
2026-01-28 11:43:22,487 - Knowledge - INFO - Processing batch of 4 files
2026-01-28 11:43:22,809 - Knowledge - INFO - process ingested knowledge for /app/data/T0015/311196/b74521f/pwhm-226177/include/wld/wld_bgdfs.h
2026-01-28 11:43:23,194 - Knowledge - INFO - process ingested knowledge for /app/data/T0015/311196/b74521f/pwhm-226177/src/Plugin/wifiGen_hapd.c
2026-01-28 11:43:23,630 - Knowledge - INFO - process ingested knowledge for /app/data/T0015/311196/b74521f/pwhm-226177/include/wld/wld_fsm.h
2026-01-28 11:43:24,147 - Knowledge - INFO - Processing batch of 4 files
2026-01-28 11:43:24,158 - Knowledge - INFO - process ingested knowledge for /app/data/T0015/311196/b74521f/pwhm-226177/include/wld/wld_wpaCtrl_api.h
2026-01-28 11:43:24,380 - Knowledge - INFO - process ingested knowledge for /app/data/T0015/311196/b74521f/pwhm-226177/src/RadMgt/wld_rad_delayMgr.c
2026-01-28 11:43:25,558 - Knowledge - INFO - process ingested knowledge for /app/data/T0015/311196/b74521f/pwhm-226177/include/wld/wld_chanmgt.h
2026-01-28 11:43:25,964 - Knowledge - INFO - process ingested knowledge for /app/data/T0015/311196/b74521f/pwhm-226177/test/testHelper/wld_th_vap.c
2026-01-28 11:43:27,662 - Knowledge - INFO - process ingested knowledge for /app/data/T0015/311196/b74521f/pwhm-226177/src/nl80211/wld_wpaCtrlGSock.c
2026-01-28 11:43:27,837 - Knowledge - INFO - [WEBSOCKET] Sent: Type=progress_update, Size: 291, Duration: 0ms
2026-01-28 11:43:28,073 - Knowledge - INFO - [WEBSOCKET] Sent: Type=unknown, Size: ?, Duration: 236ms
2026-01-28 11:43:28,284 - Knowledge - INFO - Progress: 94.1% | Files: 285/303 | Rate: 0.22 files/sec | Queue: 0
2026-01-28 11:43:30,874 - Knowledge - INFO - [LLM_CALL] Completed: wld.c:chunk1, Duration: 88255ms, PromptTokens: 19212, CompletionTokens: 3537, Cost: $0.00334
2026-01-28 11:43:31,109 - Knowledge - INFO - done ingest for /app/data/T0015/311196/b74521f/pwhm-226177/src/wld.c
2026-01-28 11:43:33,192 - Knowledge - INFO - Processing batch of 4 files
2026-01-28 11:43:33,458 - Knowledge - INFO - process ingested knowledge for /app/data/T0015/311196/b74521f/pwhm-226177/include_priv/Plugin/wifiGen_wpaSupp.h
2026-01-28 11:43:33,841 - Knowledge - INFO - process ingested knowledge for /app/data/T0015/311196/b74521f/pwhm-226177/src/wld.c
2026-01-28 11:43:34,251 - Knowledge - INFO - process ingested knowledge for /app/data/T0015/311196/b74521f/pwhm-226177/test/testStaStats/deauthNot/notif_11.txt
2026-01-28 11:43:34,742 - Knowledge - INFO - process ingested knowledge for /app/data/T0015/311196/b74521f/pwhm-226177/src/nl80211/wld_wpaSupp_parser.c
2026-01-28 11:43:40,312 - Knowledge - INFO - [LLM_CALL] Completed: wld_hostapd_ap_api.c:chunk2, Duration: 25022ms, PromptTokens: 24410, CompletionTokens: 1899, Cost: $0.00320
2026-01-28 11:43:45,927 - Knowledge - INFO - [LLM_CALL] Completed: wld_secDmn.h:chunk1, Duration: 78875ms, PromptTokens: 5772, CompletionTokens: 1972, Cost: $0.00137
2026-01-28 11:43:46,170 - Knowledge - INFO - done ingest for /app/data/T0015/311196/b74521f/pwhm-226177/include/wld/wld_secDmn.h
2026-01-28 11:43:54,863 - Knowledge - INFO - [LLM_CALL] Completed: wifiGen_eventHandlers.c:chunk3, Duration: 33872ms, PromptTokens: 16638, CompletionTokens: 3141, Cost: $0.00292
2026-01-28 11:43:55,076 - Knowledge - INFO - done ingest for /app/data/T0015/311196/b74521f/pwhm-226177/src/Plugin/wifiGen_eventHandlers.c
2026-01-28 11:43:57,156 - Knowledge - INFO - Processing batch of 5 files
2026-01-28 11:43:57,354 - Knowledge - INFO - process ingested knowledge for /app/data/T0015/311196/b74521f/pwhm-226177/test/testHelper/wld_th_dm.c
2026-01-28 11:43:57,985 - Knowledge - INFO - process ingested knowledge for /app/data/T0015/311196/b74521f/pwhm-226177/include_priv/nl80211/wld_wpaCtrlConnection_priv.h
2026-01-28 11:43:58,850 - Knowledge - INFO - process ingested knowledge for /app/data/T0015/311196/b74521f/pwhm-226177/include/wld/wld_rad_nl80211.h
2026-01-28 11:43:59,265 - Knowledge - INFO - process ingested knowledge for /app/data/T0015/311196/b74521f/pwhm-226177/src/Plugin/wifiGen_eventHandlers.c
2026-01-28 11:43:59,537 - Knowledge - INFO - [LLM_CALL] Completed: wld_rad_nl80211.c:chunk1, Duration: 87788ms, PromptTokens: 22770, CompletionTokens: 2680, Cost: $0.00335
2026-01-28 11:43:59,733 - Knowledge - INFO - process ingested knowledge for /app/data/T0015/311196/b74521f/pwhm-226177/src/nl80211/wld_nl80211_core.c
2026-01-28 11:43:59,741 - Knowledge - INFO - done ingest for /app/data/T0015/311196/b74521f/pwhm-226177/src/nl80211/wld_rad_nl80211.c
2026-01-28 11:44:01,432 - Knowledge - INFO - [LLM_CALL] Completed: wld_hostapd_ap_api.c:chunk3, Duration: 20814ms, PromptTokens: 10838, CompletionTokens: 1909, Cost: $0.00185
2026-01-28 11:44:01,718 - Knowledge - INFO - done ingest for /app/data/T0015/311196/b74521f/pwhm-226177/src/nl80211/wld_hostapd_ap_api.c
2026-01-28 11:44:01,719 - Knowledge - INFO - [LLM_CALL] Completed: wld_ap_rssiMonitor.c:chunk1, Duration: 81846ms, PromptTokens: 19442, CompletionTokens: 2037, Cost: $0.00276
2026-01-28 11:44:02,330 - Knowledge - INFO - done ingest for /app/data/T0015/311196/b74521f/pwhm-226177/src/ApMgt/wld_ap_rssiMonitor.c
2026-01-28 11:44:02,725 - Knowledge - INFO - Processing batch of 1 files
2026-01-28 11:44:02,755 - Knowledge - WARNING - Timeout processing /app/data/T0015/311196/b74521f/pwhm-226177/src/Plugin/wifiGen.c after 90s - using fallback metadata
2026-01-28 11:44:02,799 - Knowledge - INFO - Processing batch of 4 files
2026-01-28 11:44:02,893 - Knowledge - INFO - process ingested knowledge for /app/data/T0015/311196/b74521f/pwhm-226177/src/nl80211/wld_hostapd_ap_api.c
2026-01-28 11:44:03,027 - Knowledge - WARNING - Timeout processing /app/data/T0015/311196/b74521f/pwhm-226177/include/wld/wld_wps.h after 90s - using fallback metadata
2026-01-28 11:44:03,030 - Knowledge - INFO - [WEBSOCKET] Sent: Type=progress_update, Size: 293, Duration: 0ms
2026-01-28 11:44:03,107 - Knowledge - INFO - process ingested knowledge for /app/data/T0015/311196/b74521f/pwhm-226177/include/wld/wld_secDmn.h
2026-01-28 11:44:03,359 - Knowledge - INFO - [WEBSOCKET] Sent: Type=unknown, Size: ?, Duration: 330ms
2026-01-28 11:44:03,459 - Knowledge - INFO - process ingested knowledge for /app/data/T0015/311196/b74521f/pwhm-226177/src/wld_endpoint.c
2026-01-28 11:44:03,536 - Knowledge - INFO - Progress: 98.7% | Files: 300/303 | Rate: 0.23 files/sec | Queue: 0
2026-01-28 11:44:03,583 - Knowledge - INFO - Processing batch of 4 files
2026-01-28 11:44:03,619 - Knowledge - INFO - process ingested knowledge for /app/data/T0015/311196/b74521f/pwhm-226177/src/nl80211/wld_rad_nl80211.c
2026-01-28 11:44:03,819 - Knowledge - INFO - process ingested knowledge for /app/data/T0015/311196/b74521f/pwhm-226177/src/nl80211/wld_nl80211_debug.c
2026-01-28 11:44:03,902 - Knowledge - INFO - process ingested knowledge for /app/data/T0015/311196/b74521f/pwhm-226177/src/ApMgt/wld_ap_rssiMonitor.c
2026-01-28 11:44:03,996 - Knowledge - INFO - process ingested knowledge for /app/data/T0015/311196/b74521f/pwhm-226177/src/RadMgt/wld_rad_evtHandler.c
2026-01-28 11:44:04,168 - Knowledge - INFO - process ingested knowledge for /app/data/T0015/311196/b74521f/pwhm-226177/src/Plugin/wifiGen.c
2026-01-28 11:44:04,334 - Knowledge - INFO - process ingested knowledge for /app/data/T0015/311196/b74521f/pwhm-226177/include/wld/wld_wps.h
2026-01-28 11:44:04,875 - Knowledge - INFO - Knowledge creation complete
2026-01-28 11:44:05,058 - Knowledge - INFO - ==================================================
2026-01-28 11:44:05,266 - Knowledge - INFO - KNOWLEDGE GRAPH GENERATION PERFORMANCE SUMMARY
2026-01-28 11:44:05,462 - Knowledge - INFO - ==================================================
2026-01-28 11:44:05,638 - Knowledge - INFO - Total processing time: 1319.36 seconds (21.99 minutes)
2026-01-28 11:44:05,797 - Knowledge - INFO - Files processed: 0
2026-01-28 11:44:06,000 - Knowledge - INFO - Processing rate: 0.00 files/second
2026-01-28 11:44:06,161 - Knowledge - INFO - 
[TIME_BREAKDOWN]
2026-01-28 11:44:06,358 - Knowledge - INFO - File Reading: 0.00s (0.0%)
2026-01-28 11:44:06,509 - Knowledge - INFO - LLM Processing: 11258.17s (853.3%)
2026-01-28 11:44:06,672 - Knowledge - INFO - MongoDB Operations: 30.38s (2.3%)
2026-01-28 11:44:06,828 - Knowledge - INFO - Redis Operations: 93.59s (7.1%)
2026-01-28 11:44:06,982 - Knowledge - INFO - WebSocket Communication: 28.86s (2.2%)
2026-01-28 11:44:07,187 - Knowledge - INFO - 
[LLM_STATS]
2026-01-28 11:44:07,389 - Knowledge - INFO - Total LLM calls: 147
2026-01-28 11:44:07,573 - Knowledge - INFO - Average LLM response time: 76586ms
2026-01-28 11:44:07,779 - Knowledge - INFO - Average prompt tokens: 6601.4
2026-01-28 11:44:08,026 - Knowledge - INFO - Average completion tokens: 908.7
2026-01-28 11:44:08,220 - Knowledge - INFO - Total prompt tokens: 970412
2026-01-28 11:44:08,430 - Knowledge - INFO - Total completion tokens: 133576
2026-01-28 11:44:08,586 - Knowledge - INFO - Total LLM cost: $0.1505
2026-01-28 11:44:08,749 - Knowledge - INFO - 
[DATABASE_STATS]
2026-01-28 11:44:08,890 - Knowledge - INFO - MongoDB operations: 303
2026-01-28 11:44:09,101 - Knowledge - INFO -   persist: 303
2026-01-28 11:44:09,275 - Knowledge - INFO - Redis operations: 303
2026-01-28 11:44:09,448 - Knowledge - INFO -   store_embedding: 303
2026-01-28 11:44:09,656 - Knowledge - INFO - 
[COMMUNICATION_STATS]
2026-01-28 11:44:09,819 - Knowledge - INFO - WebSocket messages sent: 53
2026-01-28 11:44:09,977 - Knowledge - INFO - Average message size: 146.9 bytes
2026-01-28 11:44:10,199 - Knowledge - INFO - 
[WORKER_STATS]
2026-01-28 11:44:10,359 - Knowledge - INFO - 
[FILE_TYPE_STATS]
2026-01-28 11:44:10,521 - Knowledge - INFO - 
[SLOWEST_FILES]
2026-01-28 11:44:10,693 - Knowledge - INFO - ==================================================
2026-01-28 11:44:10,843 - Knowledge - INFO - ==================================================
2026-01-28 11:44:11,028 - Knowledge - INFO - KNOWLEDGE GRAPH GENERATION PERFORMANCE SUMMARY
2026-01-28 11:44:11,192 - Knowledge - INFO - ==================================================
2026-01-28 11:44:11,361 - Knowledge - INFO - Total processing time: 1325.19 seconds (22.09 minutes)
2026-01-28 11:44:11,521 - Knowledge - INFO - Files processed: 303 of 303
2026-01-28 11:44:11,676 - Knowledge - INFO - Processing rate: 0.23 files/second
2026-01-28 11:44:11,842 - Knowledge - INFO - WebSocket messages sent: 26
2026-01-28 11:44:11,999 - Knowledge - INFO - MongoDB operations: 303
2026-01-28 11:44:12,181 - Knowledge - INFO - Average MongoDB ops per file: 1.00
2026-01-28 11:44:12,407 - Knowledge - INFO - LLM costs: $0.1505
2026-01-28 11:44:12,605 - Knowledge - INFO - Prompt tokens: 970412
2026-01-28 11:44:12,803 - Knowledge - INFO - Completion tokens: 133576
2026-01-28 11:44:12,955 - Knowledge - INFO - Updating org costs, total cost: 0.15047160000000004
2026-01-28 11:44:14,085 - Knowledge - INFO - [WEBSOCKET] Sent: Type=progress_update, Size: 269, Duration: 0ms
2026-01-28 11:44:14,251 - Knowledge - INFO - Saving knowledge to Redis...
2026-01-28 11:44:14,659 - Knowledge - INFO - Knowledge saved to Redis successfully
